timestamp,equity
2026-10-06T09:16:00+05:30,2000000.0
2026-10-06T09:17:00+05:30,2000000.0
2026-10-06T09:18:00+05:30,2000000.0
2026-10-06T09:19:00+05:30,2000000.0
2026-10-06T09:20:00+05:30,2000000.0
2026-10-06T09:21:00+05:30,2000000.0
2026-10-06T09:22:00+05:30,2000000.0
2026-10-06T09:23:00+05:30,2000000.0
2026-10-06T09:24:00+05:30,2000000.0
2026-10-06T09:25:00+05:30,2000000.0
2026-10-06T09:26:00+05:30,2000000.0
2026-10-06T09:27:00+05:30,2000000.0
2026-10-06T09:28:00+05:30,2000000.0
2026-10-06T09:29:00+05:30,2000000.0
2026-10-06T09:30:00+05:30,2000000.0
2026-10-06T09:31:00+05:30,2000129.05
2026-10-06T09:32:00+05:30,1999934.05
2026-10-06T09:33:00+05:30,2000337.05
2026-10-06T09:34:00+05:30,2000324.05
2026-10-06T09:35:00+05:30,2000363.05
2026-10-06T09:36:00+05:30,2000480.05
2026-10-06T09:37:00+05:30,2000571.05
2026-10-06T09:38:00+05:30,2000480.05
2026-10-06T09:39:00+05:30,2000623.05
2026-10-06T09:40:00+05:30,2000493.05
2026-10-06T09:41:00+05:30,2000610.05
2026-10-06T09:42:00+05:30,2000701.05
2026-10-06T09:43:00+05:30,2000727.05
2026-10-06T09:44:00+05:30,2000870.05
2026-10-06T09:45:00+05:30,2000792.05
2026-10-06T09:46:00+05:30,2000597.05
2026-10-06T09:47:00+05:30,2000662.05
2026-10-06T09:48:00+05:30,2000194.05
2026-10-06T09:49:00+05:30,1999843.05
2026-10-06T09:50:00+05:30,1999778.05
2026-10-06T09:51:00+05:30,1999804.05
2026-10-06T09:52:00+05:30,2000285.05
2026-10-06T09:53:00+05:30,2000311.05
2026-10-06T09:54:00+05:30,2000259.05
2026-10-06T09:55:00+05:30,1999752.05
2026-10-06T09:56:00+05:30,1998920.05
2026-10-06T09:57:00+05:30,1997958.05
2026-10-06T09:58:00+05:30,1998452.05
2026-10-06T09:59:00+05:30,1998309.05
2026-10-06T10:00:00+05:30,1998426.05
2026-10-06T10:01:00+05:30,1998478.05
2026-10-06T10:02:00+05:30,1998205.05
2026-10-06T10:03:00+05:30,1998842.05
2026-10-06T10:04:00+05:30,1999427.05
2026-10-06T10:05:00+05:30,1999102.05
2026-10-06T10:06:00+05:30,1999492.05
2026-10-06T10:07:00+05:30,1999297.05
2026-10-06T10:08:00+05:30,1999726.05
2026-10-06T10:09:00+05:30,2000129.05
2026-10-06T10:10:00+05:30,2000558.05
2026-10-06T10:11:00+05:30,2000636.05
2026-10-06T10:12:00+05:30,2000623.05
2026-10-06T10:13:00+05:30,2000571.05
2026-10-06T10:14:00+05:30,2000389.05
2026-10-06T10:15:00+05:30,2000012.05
2026-10-06T10:16:00+05:30,1999596.05
2026-10-06T10:17:00+05:30,1999375.05
2026-10-06T10:18:00+05:30,1999648.05
2026-10-06T10:19:00+05:30,1999596.05
2026-10-06T10:20:00+05:30,2000194.05
2026-10-06T10:21:00+05:30,2000077.05
2026-10-06T10:22:00+05:30,2000324.05
2026-10-06T10:23:00+05:30,2000090.05
2026-10-06T10:24:00+05:30,2000233.05
2026-10-06T10:25:00+05:30,2000428.05
2026-10-06T10:26:00+05:30,2000090.05
2026-10-06T10:27:00+05:30,2000363.05
2026-10-06T10:28:00+05:30,2000662.05
2026-10-06T10:29:00+05:30,2000493.05
2026-10-06T10:30:00+05:30,2000545.05
2026-10-06T10:31:00+05:30,2000675.05
2026-10-06T10:32:00+05:30,2000454.05
2026-10-06T10:33:00+05:30,2000805.05
2026-10-06T10:34:00+05:30,2000402.05
2026-10-06T10:35:00+05:30,1999921.05
2026-10-06T10:36:00+05:30,1999388.05
2026-10-06T10:37:00+05:30,1999219.05
2026-10-06T10:38:00+05:30,1998894.05
2026-10-06T10:39:00+05:30,1999453.05
2026-10-06T10:40:00+05:30,1999063.05
2026-10-06T10:41:00+05:30,1999882.05
2026-10-06T10:42:00+05:30,1999596.05
2026-10-06T10:43:00+05:30,1999219.05
2026-10-06T10:44:00+05:30,1998595.05
2026-10-06T10:45:00+05:30,1998790.05
2026-10-06T10:46:00+05:30,1999427.05
2026-10-06T10:47:00+05:30,1999947.05
2026-10-06T10:48:00+05:30,1999843.05
2026-10-06T10:49:00+05:30,1999570.05
2026-10-06T10:50:00+05:30,1999687.05
2026-10-06T10:51:00+05:30,1999999.05
2026-10-06T10:52:00+05:30,2000090.05
2026-10-06T10:53:00+05:30,2000090.05
2026-10-06T10:54:00+05:30,2000168.05
2026-10-06T10:55:00+05:30,2000428.05
2026-10-06T10:56:00+05:30,2000155.05
2026-10-06T10:57:00+05:30,2000675.05
2026-10-06T10:58:00+05:30,2000701.05
2026-10-06T10:59:00+05:30,2001208.05
2026-10-06T11:00:00+05:30,2000753.05
2026-10-06T11:01:00+05:30,2000792.05
2026-10-06T11:02:00+05:30,2000155.05
2026-10-06T11:03:00+05:30,1999570.05
2026-10-06T11:04:00+05:30,1999752.05
2026-10-06T11:05:00+05:30,1999232.05
2026-10-06T11:06:00+05:30,1998257.05
2026-10-06T11:07:00+05:30,1999180.05
2026-10-06T11:08:00+05:30,2000116.05
2026-10-06T11:09:00+05:30,1999635.05
2026-10-06T11:10:00+05:30,1999531.05
2026-10-06T11:11:00+05:30,1999388.05
2026-10-06T11:12:00+05:30,1999635.05
2026-10-06T11:13:00+05:30,2000337.05
2026-10-06T11:14:00+05:30,1999921.05
2026-10-06T11:15:00+05:30,2000025.05
2026-10-06T11:16:00+05:30,1999401.05
2026-10-06T11:17:00+05:30,2000220.05
2026-10-06T11:18:00+05:30,1999947.05
2026-10-06T11:19:00+05:30,1999700.05
2026-10-06T11:20:00+05:30,1999219.05
2026-10-06T11:21:00+05:30,1999700.05
2026-10-06T11:22:00+05:30,1999999.05
2026-10-06T11:23:00+05:30,2000506.05
2026-10-06T11:24:00+05:30,2000311.05
2026-10-06T11:25:00+05:30,2000207.05
2026-10-06T11:26:00+05:30,2000012.05
2026-10-06T11:27:00+05:30,2000090.05
2026-10-06T11:28:00+05:30,2000012.05
2026-10-06T11:29:00+05:30,2000012.05
2026-10-06T11:30:00+05:30,2000298.05
2026-10-06T11:31:00+05:30,2000467.05
2026-10-06T11:32:00+05:30,2000883.05
2026-10-06T11:33:00+05:30,2000701.05
2026-10-06T11:34:00+05:30,2001052.05
2026-10-06T11:35:00+05:30,2000467.05
2026-10-06T11:36:00+05:30,2001143.05
2026-10-06T11:37:00+05:30,2000935.05
2026-10-06T11:38:00+05:30,2000558.05
2026-10-06T11:39:00+05:30,2000688.05
2026-10-06T11:40:00+05:30,2000415.05
2026-10-06T11:41:00+05:30,2000220.05
2026-10-06T11:42:00+05:30,2000558.05
2026-10-06T11:43:00+05:30,2000077.05
2026-10-06T11:44:00+05:30,1999973.05
2026-10-06T11:45:00+05:30,1999791.05
2026-10-06T11:46:00+05:30,1998829.05
2026-10-06T11:47:00+05:30,1998907.05
2026-10-06T11:48:00+05:30,1999037.05
2026-10-06T11:49:00+05:30,1998634.05
2026-10-06T11:50:00+05:30,1998829.05
2026-10-06T11:51:00+05:30,2000311.05
2026-10-06T11:52:00+05:30,2000428.05
2026-10-06T11:53:00+05:30,2000792.05
2026-10-06T11:54:00+05:30,2000662.05
2026-10-06T11:55:00+05:30,2000753.05
2026-10-06T11:56:00+05:30,2000857.05
2026-10-06T11:57:00+05:30,2000493.05
2026-10-06T11:58:00+05:30,2000389.05
2026-10-06T11:59:00+05:30,2000480.05
2026-10-06T12:00:00+05:30,2000389.05
2026-10-06T12:01:00+05:30,2000753.05
2026-10-06T12:02:00+05:30,2000025.05
2026-10-06T12:03:00+05:30,2000116.05
2026-10-06T12:04:00+05:30,2000480.05
2026-10-06T12:05:00+05:30,2000194.05
2026-10-06T12:06:00+05:30,2000766.05
2026-10-06T12:07:00+05:30,2001468.05
2026-10-06T12:08:00+05:30,2001325.05
2026-10-06T12:09:00+05:30,2000792.05
2026-10-06T12:10:00+05:30,2001637.05
2026-10-06T12:11:00+05:30,2001455.05
2026-10-06T12:12:00+05:30,2001858.05
2026-10-06T12:13:00+05:30,2002144.05
2026-10-06T12:14:00+05:30,2002651.05
2026-10-06T12:15:00+05:30,2002378.05
2026-10-06T12:16:00+05:30,2002157.05
2026-10-06T12:17:00+05:30,2002235.05
2026-10-06T12:18:00+05:30,2001819.05
2026-10-06T12:19:00+05:30,2001871.05
2026-10-06T12:20:00+05:30,2001832.05
2026-10-06T12:21:00+05:30,2001533.05
2026-10-06T12:22:00+05:30,2001702.05
2026-10-06T12:23:00+05:30,2001650.05
2026-10-06T12:24:00+05:30,2001143.05
2026-10-06T12:25:00+05:30,2000974.05
2026-10-06T12:26:00+05:30,2001572.05
2026-10-06T12:27:00+05:30,2002040.05
2026-10-06T12:28:00+05:30,2001637.05
2026-10-06T12:29:00+05:30,2001598.05
2026-10-06T12:30:00+05:30,2001663.05
2026-10-06T12:31:00+05:30,2000740.05
2026-10-06T12:32:00+05:30,2000935.05
2026-10-06T12:33:00+05:30,2001741.05
2026-10-06T12:34:00+05:30,2001520.05
2026-10-06T12:35:00+05:30,2001546.05
2026-10-06T12:36:00+05:30,2001533.05
2026-10-06T12:37:00+05:30,2001546.05
2026-10-06T12:38:00+05:30,2000506.05
2026-10-06T12:39:00+05:30,1998647.05
2026-10-06T12:40:00+05:30,1998829.05
2026-10-06T12:41:00+05:30,1999869.05
2026-10-06T12:42:00+05:30,1999635.05
2026-10-06T12:43:00+05:30,1998868.05
2026-10-06T12:44:00+05:30,1995943.05
2026-10-06T12:45:00+05:30,1995821.03
2026-10-06T12:46:00+05:30,1995821.03
2026-10-06T12:47:00+05:30,1995821.03
2026-10-06T12:48:00+05:30,1995821.03
2026-10-06T12:49:00+05:30,1995821.03
2026-10-06T12:50:00+05:30,1995821.03
2026-10-06T12:51:00+05:30,1995821.03
2026-10-06T12:52:00+05:30,1995821.03
2026-10-06T12:53:00+05:30,1995821.03
2026-10-06T12:54:00+05:30,1995821.03
2026-10-06T12:55:00+05:30,1995821.03
2026-10-06T12:56:00+05:30,1995821.03
2026-10-06T12:57:00+05:30,1995821.37
2026-10-06T12:58:00+05:30,1995678.37
2026-10-06T12:59:00+05:30,1995626.37
2026-10-06T13:00:00+05:30,1995834.37
2026-10-06T13:01:00+05:30,1995873.37
2026-10-06T13:02:00+05:30,1996224.37
2026-10-06T13:03:00+05:30,1996003.37
2026-10-06T13:04:00+05:30,1995951.37
2026-10-06T13:05:00+05:30,1995951.37
2026-10-06T13:06:00+05:30,1996211.37
2026-10-06T13:07:00+05:30,1995925.37
2026-10-06T13:08:00+05:30,1995860.37
2026-10-06T13:09:00+05:30,1995977.37
2026-10-06T13:10:00+05:30,1996016.37
2026-10-06T13:11:00+05:30,1995990.37
2026-10-06T13:12:00+05:30,1996003.37
2026-10-06T13:13:00+05:30,1996107.37
2026-10-06T13:14:00+05:30,1996146.37
2026-10-06T13:15:00+05:30,1996367.37
2026-10-06T13:16:00+05:30,1996354.37
2026-10-06T13:17:00+05:30,1996393.37
2026-10-06T13:18:00+05:30,1996419.37
2026-10-06T13:19:00+05:30,1996419.37
2026-10-06T13:20:00+05:30,1996614.37
2026-10-06T13:21:00+05:30,1996497.37
2026-10-06T13:22:00+05:30,1996562.37
2026-10-06T13:23:00+05:30,1996614.37
2026-10-06T13:24:00+05:30,1996861.37
2026-10-06T13:25:00+05:30,1996770.37
2026-10-06T13:26:00+05:30,1996757.37
2026-10-06T13:27:00+05:30,1996679.37
2026-10-06T13:28:00+05:30,1996614.37
2026-10-06T13:29:00+05:30,1996692.37
2026-10-06T13:30:00+05:30,1997108.37
2026-10-06T13:31:00+05:30,1997186.37
2026-10-06T13:32:00+05:30,1997238.37
2026-10-06T13:33:00+05:30,1997251.37
2026-10-06T13:34:00+05:30,1997290.37
2026-10-06T13:35:00+05:30,1997251.37
2026-10-06T13:36:00+05:30,1997420.37
2026-10-06T13:37:00+05:30,1997524.37
2026-10-06T13:38:00+05:30,1997407.37
2026-10-06T13:39:00+05:30,1997446.37
2026-10-06T13:40:00+05:30,1997563.37
2026-10-06T13:41:00+05:30,1997654.37
2026-10-06T13:42:00+05:30,1997797.37
2026-10-06T13:43:00+05:30,1998135.37
2026-10-06T13:44:00+05:30,1998161.37
2026-10-06T13:45:00+05:30,1998356.37
2026-10-06T13:46:00+05:30,1998512.37
2026-10-06T13:47:00+05:30,1998616.37
2026-10-06T13:48:00+05:30,1998616.37
2026-10-06T13:49:00+05:30,1998629.37
2026-10-06T13:50:00+05:30,1998408.37
2026-10-06T13:51:00+05:30,1998278.37
2026-10-06T13:52:00+05:30,1998408.37
2026-10-06T13:53:00+05:30,1998473.37
2026-10-06T13:54:00+05:30,1998408.37
2026-10-06T13:55:00+05:30,1998356.37
2026-10-06T13:56:00+05:30,1998330.37
2026-10-06T13:57:00+05:30,1998395.37
2026-10-06T13:58:00+05:30,1998408.37
2026-10-06T13:59:00+05:30,1998356.37
2026-10-06T14:00:00+05:30,1998291.37
2026-10-06T14:01:00+05:30,1998304.37
2026-10-06T14:02:00+05:30,1998252.37
2026-10-06T14:03:00+05:30,1998291.37
2026-10-06T14:04:00+05:30,1998408.37
2026-10-06T14:05:00+05:30,1998876.37
2026-10-06T14:06:00+05:30,1998629.37
2026-10-06T14:07:00+05:30,1998733.37
2026-10-06T14:08:00+05:30,1998824.37
2026-10-06T14:09:00+05:30,1998590.37
2026-10-06T14:10:00+05:30,1998603.37
2026-10-06T14:11:00+05:30,1998733.37
2026-10-06T14:12:00+05:30,1998967.37
2026-10-06T14:13:00+05:30,1998746.37
2026-10-06T14:14:00+05:30,1998616.37
2026-10-06T14:15:00+05:30,1998915.37
2026-10-06T14:16:00+05:30,1999175.37
2026-10-06T14:17:00+05:30,1999435.37
2026-10-06T14:18:00+05:30,1999682.37
2026-10-06T14:19:00+05:30,1999513.37
2026-10-06T14:20:00+05:30,1999500.37
2026-10-06T14:21:00+05:30,1999643.37
2026-10-06T14:22:00+05:30,1999643.37
2026-10-06T14:23:00+05:30,1999630.37
2026-10-06T14:24:00+05:30,1999968.37
2026-10-06T14:25:00+05:30,2000033.37
2026-10-06T14:26:00+05:30,2000176.37
2026-10-06T14:27:00+05:30,2000124.37
2026-10-06T14:28:00+05:30,2000137.37
2026-10-06T14:29:00+05:30,1999617.37
2026-10-06T14:30:00+05:30,1999929.37
2026-10-06T14:31:00+05:30,1999929.37
2026-10-06T14:32:00+05:30,2000059.37
2026-10-06T14:33:00+05:30,2000514.37
2026-10-06T14:34:00+05:30,2000241.37
2026-10-06T14:35:00+05:30,2000488.37
2026-10-06T14:36:00+05:30,2000293.37
2026-10-06T14:37:00+05:30,2000306.37
2026-10-06T14:38:00+05:30,2000462.37
2026-10-06T14:39:00+05:30,2000657.37
2026-10-06T14:40:00+05:30,2001242.37
2026-10-06T14:41:00+05:30,2001515.37
2026-10-06T14:42:00+05:30,2002035.37
2026-10-06T14:43:00+05:30,2002217.37
2026-10-06T14:44:00+05:30,2001905.37
2026-10-06T14:45:00+05:30,2002061.37
2026-10-06T14:46:00+05:30,2002126.37
2026-10-06T14:47:00+05:30,2002152.37
2026-10-06T14:48:00+05:30,2002243.37
2026-10-06T14:49:00+05:30,2002334.37
2026-10-06T14:50:00+05:30,2002464.37
2026-10-06T14:51:00+05:30,2002490.37
2026-10-06T14:52:00+05:30,2002399.37
2026-10-06T14:53:00+05:30,2002581.37
2026-10-06T14:54:00+05:30,2002724.37
2026-10-06T14:55:00+05:30,2002724.37
2026-10-06T14:56:00+05:30,2002789.37
2026-10-06T14:57:00+05:30,2002685.37
2026-10-06T14:58:00+05:30,2002841.37
2026-10-06T14:59:00+05:30,2002698.37
2026-10-06T15:00:00+05:30,2002542.37
2026-10-06T15:01:00+05:30,2002581.37
2026-10-06T15:02:00+05:30,2003010.37
2026-10-06T15:03:00+05:30,2003257.37
2026-10-06T15:04:00+05:30,2003231.37
2026-10-06T15:05:00+05:30,2003725.37
2026-10-06T15:06:00+05:30,2003764.37
2026-10-06T15:07:00+05:30,2004050.37
2026-10-06T15:08:00+05:30,2004362.37
2026-10-06T15:09:00+05:30,2004297.37
2026-10-06T15:10:00+05:30,2004063.37
2026-10-06T15:11:00+05:30,2003608.37
2026-10-06T15:12:00+05:30,2003751.37
2026-10-06T15:13:00+05:30,2003920.37
2026-10-06T15:14:00+05:30,2003803.37
2026-10-06T15:15:00+05:30,2003439.37
2026-10-06T15:16:00+05:30,2004206.37
2026-10-06T15:17:00+05:30,2004908.37
2026-10-06T15:18:00+05:30,2004570.37
2026-10-06T15:19:00+05:30,2004505.37
2026-10-06T15:20:00+05:30,2004895.37
2026-10-06T15:21:00+05:30,2002250.24
2026-10-06T15:22:00+05:30,2002250.24
2026-10-06T15:23:00+05:30,2002250.24
2026-10-06T15:24:00+05:30,2002250.24
2026-10-06T15:25:00+05:30,2002250.24
2026-10-06T15:26:00+05:30,2002250.24
2026-10-06T15:27:00+05:30,2002250.24
2026-10-06T15:28:00+05:30,2002250.24
2026-10-06T15:29:00+05:30,2002250.24
2026-10-06T15:30:00+05:30,2002250.24
2026-10-06T15:31:00+05:30,2002250.24
2026-10-06T15:32:00+05:30,2002250.24
2026-10-06T15:33:00+05:30,2002250.24
2026-10-06T15:34:00+05:30,2002250.24
2026-10-06T15:35:00+05:30,2002250.24
2026-10-06T15:36:00+05:30,2002250.24
2026-10-06T15:37:00+05:30,2002250.24
2026-10-06T15:38:00+05:30,2002250.24
2026-10-06T15:39:00+05:30,2002250.24
2026-10-06T15:40:00+05:30,2002250.24
