date,time,open,high,low,close,volume,oi
2026-09-11,09:15:00,76.3195233542,76.3195233542,75,75.5425,17044.0,0
2026-09-11,09:20:00,75.9310116771,75.9310116771,74.31,74.9,72774.0,0
2026-09-11,09:25:00,75.4155058386,75.4155058386,74.66,74.84,24844.0,0
2026-09-11,09:30:00,75.1277529193,75.1277529193,74.27,74.7325,127460.0,0
2026-09-11,09:35:00,74.9301264596,75.14,74.71,74.975,15978.0,0
2026-09-11,09:40:00,74.9525632298,75.26,74.9525632298,75.1125,25712.0,0
2026-09-11,09:45:00,75.0325316149,75.13,74.79,75.04,7373.0,0
2026-09-11,09:50:00,75.0362658075,75.85,75.0362658075,75.375,46427.0,0
2026-09-11,09:55:00,75.2056329037,75.41,75.02,75.26,10341.0,0
2026-09-11,10:00:00,75.2328164519,75.5,75.06,75.2375,10294.0,0
2026-09-11,10:05:00,75.2351582259,75.3,74.8,75.0725,29474.0,0
2026-09-11,10:10:00,75.153829113,77.04,74.87,75.9825,96209.0,0
2026-09-11,10:15:00,75.5681645565,79.93,75.5681645565,78.255,537994.0,0
2026-09-11,10:20:00,76.9115822782,79.86,76.9115822782,79.2275,275485.0,0
2026-09-11,10:25:00,78.0695411391,80.6,78.0695411391,79.6925,271699.0,0
2026-09-11,10:30:00,78.8810205696,81.69,78.8810205696,80.6075,329989.0,0
2026-09-11,10:35:00,79.7442602848,83.5,79.7442602848,82.2325,721704.0,0
2026-09-11,10:40:00,80.9883801424,83.85,80.9883801424,82.645,647273.0,0
2026-09-11,10:45:00,81.8166900712,83.79,81.77,82.8575,537001.0,0
2026-09-11,10:50:00,82.3370950356,84.35,82.3370950356,83.7825,711125.0,0
2026-09-11,10:55:00,83.0597975178,84.08,81.1,82.8925,901425.0,0
2026-09-11,11:00:00,82.9761487589,82.9761487589,81.63,82.1525,267973.0,0
2026-09-11,11:05:00,82.5643243794,82.5643243794,81.64,82.1325,322762.0,0
2026-09-11,11:10:00,82.3484121897,83.57,82.2,82.94,348075.0,0
2026-09-11,11:15:00,82.6442060949,83.6,81.9,82.8725,570386.0,0
2026-09-11,11:20:00,82.7583530474,85.97,82.39,84.1275,1409647.0,0
2026-09-11,11:25:00,83.4429265237,87.27,83.4429265237,86.355,2524053.0,0
2026-09-11,11:30:00,84.8989632619,86.77,84.8989632619,86.1625,1244328.0,0
2026-09-11,11:35:00,85.5307316309,86.3,84.02,85.2625,1641393.0,0
2026-09-11,11:40:00,85.3966158155,85.3966158155,83.5,84.2825,1259924.0,0
2026-09-11,11:45:00,84.8395579077,84.8395579077,82.7,83.435,1169741.0,0
2026-09-11,11:50:00,84.1372789539,84.19,83,83.3825,966032.0,0
2026-09-11,11:55:00,83.7598894769,83.81,83.08,83.4525,540330.0,0
2026-09-11,12:00:00,83.6061947385,83.6061947385,82.8,83.225,412733.0,0
2026-09-11,12:05:00,83.4155973692,83.4155973692,82.53,82.855,528610.0,0
2026-09-11,12:10:00,83.1352986846,83.1352986846,81.7,82.325,862206.0,0
2026-09-11,12:15:00,82.7301493423,82.7301493423,81.75,82.155,321802.0,0
2026-09-11,12:20:00,82.4425746712,82.8,81.83,82.345,417683.0,0
2026-09-11,12:25:00,82.3937873356,83.57,82.3937873356,82.9875,478131.0,0
2026-09-11,12:30:00,82.6906436678,84.45,82.6906436678,83.81,1114485.0,0
2026-09-11,12:35:00,83.2503218339,84.15,83.16,83.6425,375035.0,0
2026-09-11,12:40:00,83.4464109169,83.7,82.7,83.1875,354221.0,0
2026-09-11,12:45:00,83.3169554585,83.5,83.1,83.3425,146071.0,0
2026-09-11,12:50:00,83.3297277292,83.45,82.83,83.16,231815.0,0
2026-09-11,12:55:00,83.2448638646,83.2448638646,82.59,82.8675,208328.0,0
2026-09-11,13:00:00,83.0561819323,83.3,82.72,83.0125,171025.0,0
2026-09-11,13:05:00,83.0343409662,83.4,83.0343409662,83.245,97839.0,0
2026-09-11,13:10:00,83.1396704831,83.54,83.1,83.31,119552.0,0
2026-09-11,13:15:00,83.2248352415,83.41,82.6,83.0725,167016.0,0
2026-09-11,13:20:00,83.1486676208,83.1486676208,82.62,82.7825,83900.0,0
2026-09-11,13:25:00,82.9655838104,83.16,82.71,82.9425,82273.0,0
2026-09-11,13:30:00,82.9540419052,84.15,82.9540419052,83.485,338965.0,0
2026-09-11,13:35:00,83.2195209526,84.43,83.2195209526,83.9975,325477.0,0
2026-09-11,13:40:00,83.6085104763,84.29,83.6085104763,84.1725,214392.0,0
2026-09-11,13:45:00,83.8905052381,84.2,83.27,83.8275,251994.0,0
2026-09-11,13:50:00,83.8590026191,84.9,83.54,84.1725,622124.0,0
2026-09-11,13:55:00,84.0157513095,86,84.0157513095,84.9,1303887.0,0
2026-09-11,14:00:00,84.4578756548,85.4,84.05,84.645,779922.0,0
2026-09-11,14:05:00,84.5514378274,84.95,84.15,84.6325,384455.0,0
2026-09-11,14:10:00,84.5919689137,84.99,84.5919689137,84.86,258978.0,0
2026-09-11,14:15:00,84.7259844568,85,84.57,84.8325,231034.0,0
2026-09-11,14:20:00,84.7792422284,84.98,84.61,84.8275,242674.0,0
2026-09-11,14:25:00,84.8033711142,84.98,84.43,84.6825,209473.0,0
2026-09-11,14:30:00,84.7429355571,85,84.42,84.7175,337247.0,0
2026-09-11,14:35:00,84.7302177786,86,84.68,85.3325,497921.0,0
2026-09-11,14:40:00,85.0313588893,85.89,84.83,85.4325,479104.0,0
2026-09-11,14:45:00,85.2319294446,85.3,84.7,85.0175,297242.0,0
2026-09-11,14:50:00,85.1247147223,86.55,84.61,85.575,710613.0,0
2026-09-11,14:55:00,85.3498573612,86.5,85.3498573612,86.055,615130.0,0
2026-09-11,15:00:00,85.7024286806,86.24,85.15,85.645,621601.0,0
2026-09-11,15:05:00,85.6737143403,85.9,85.2,85.525,351634.0,0
2026-09-11,15:10:00,85.5993571701,88,85,86.61,1499970.0,0
2026-09-11,15:15:00,86.1046785851,90.9,86.1046785851,88.06,3251685.0,0
2026-09-11,15:20:00,87.0823392925,87.98,86.15,86.91,549350.0,0
2026-09-11,15:25:00,86.9961696463,88.25,86.36,87.25,664539.0,0
