signal_ts,entry_ts,exit_ts,entry,exit,quantity,stop,target,gross_pnl,fees,net_pnl,reason_code,entry_reference,exit_reference,slippage_cost,signal_index,entry_index,exit_index,symbol,path,signal_time,entry_time,exit_time,date,reason,notional,raw_reference_pnl,entry_final_has_lower_wick,id
1788241200.0,1788241265.9610686,1788243270.0,238.72,238.19,418.0,238.31,239.95,-221.54000000000048,99.67419,-321.2141900000005,1.0,238.5925912208349,238.31,103.4168696910172,7990.0,7991.0,8024.0,JIOFIN,OHLC,2026-09-01 11:10:00.000000,2026-09-01 11:11:05.961068,2026-09-01 11:44:30.000000,2026-09-01,STOP,99784.96,-118.12313030898326,True,0
1788321840.0,1788321900.0,1788324200.0,233.92,236.02,427.0,233.22,236.02,896.6999999999975,100.33219000000004,796.3678099999975,2.0,233.80000000000237,236.02,51.239999999006784,8269.0,8270.0,8308.0,JIOFIN,OHLC,2026-09-02 09:34:00.000000,2026-09-02 09:35:00.000000,2026-09-02 10:13:20.000000,2026-09-02,TARGET,99883.84,947.9399999990044,False,1
1788322740.0,1788322802.857143,1788328712.9411764,1030.2,1027.3,97.0,1027.9,1037.1,-281.3000000000088,99.78875,-381.0887500000088,1.0,1029.6000000000074,1027.9,116.39999999929864,8284.0,8285.0,8383.0,SBIN,OHLC,2026-09-02 09:49:00.000000,2026-09-02 09:50:02.857142,2026-09-02 11:28:32.941176,2026-09-02,STOP,99929.4,-164.90000000071018,False,2
1788407100.0,1788407167.5949366,1788428100.0,237.72,237.14,420.0,236.07,242.67,-243.5999999999933,99.7206,-343.3205999999933,3.0,237.60000000000232,237.26,100.79999999901304,8625.0,8626.0,8975.0,JIOFIN,OHLC,2026-09-03 09:15:00.000000,2026-09-03 09:16:07.594936,2026-09-03 15:05:00.000000,2026-09-03,SQUARE_OFF,99842.4,-142.80000000098028,False,3
1788407100.0,1788407173.6842103,1788428100.0,1031.0,1021.7,96.0,1020.4,1062.8,-892.7999999999956,98.5296,-991.3295999999956,3.0,1030.4000000000087,1022.3,115.19999999915308,8625.0,8626.0,8975.0,SBIN,OHLC,2026-09-03 09:15:00.000000,2026-09-03 09:16:13.684210,2026-09-03 15:05:00.000000,2026-09-03,SQUARE_OFF,98976.0,-777.6000000008426,False,4
1788493500.0,1788493579.2982457,1788514500.0,238.99,239.7,418.0,237.59,243.19,296.7800000000033,100.04621,196.73379000000327,3.0,238.8700000000003,239.82,100.31999999987312,9000.0,9001.0,9350.0,JIOFIN,OHLC,2026-09-04 09:15:00.000000,2026-09-04 09:16:19.298245,2026-09-04 15:05:00.000000,2026-09-04,SQUARE_OFF,99897.82,397.0999999998765,False,5
1788496260.0,1788496328.0,1788497132.3076923,1026.1,1023.9,97.0,1024.5,1030.9,-213.4000000000044,99.425,-312.8250000000044,1.0,1025.500000000001,1024.5,116.39999999993825,9046.0,9047.0,9060.0,SBIN,OHLC,2026-09-04 10:01:00.000000,2026-09-04 10:02:08.000000,2026-09-04 10:15:32.307692,2026-09-04,STOP,99531.7,-97.00000000006617,False,6
1788754140.0,1788754208.6570904,1788754714.2857144,237.46,236.97,421.0,237.09,238.57,-206.29000000000383,99.867515,-306.15751500000385,1.0,237.3389569070505,237.09,101.479142131738,9399.0,9400.0,9408.0,JIOFIN,OHLC,2026-09-07 09:39:00.000000,2026-09-07 09:40:08.657090,2026-09-07 09:48:34.285714,2026-09-07,STOP,99970.66,-104.81085786826584,False,7
1788839280.0,1788839356.6666667,1788839969.4117646,1006.5,1003.3,99.0,1003.9,1014.3,-316.79999999999325,99.4851,-416.2850999999933,1.0,1005.9000000000016,1003.9,118.7999999998582,9753.0,9754.0,9764.0,SBIN,OHLC,2026-09-08 09:18:00.000000,2026-09-08 09:19:16.666666,2026-09-08 09:29:29.411764,2026-09-08,STOP,99643.5,-198.00000000013503,False,8
1788842580.0,1788842640.0,1788851613.6363635,234.02,233.24,427.0,233.36,236.0,-333.0600000000005,99.76001,-432.8200100000005,1.0,233.9000000000009,233.36,102.47999999962768,9808.0,9809.0,9958.0,JIOFIN,OHLC,2026-09-08 10:13:00.000000,2026-09-08 10:14:00.000000,2026-09-08 12:43:33.636363,2026-09-08,STOP,99926.54,-230.5800000003728,False,9
1788926880.0,1788926944.7058823,1788946409.090909,1005.6,1002.2,99.0,1002.8,1014.0,-336.5999999999977,99.3861,-435.98609999999775,1.0,1005.0000000000058,1002.8,118.7999999994305,10148.0,10149.0,10473.0,SBIN,OHLC,2026-09-09 09:38:00.000000,2026-09-09 09:39:04.705882,2026-09-09 15:03:29.090909,2026-09-09,STOP,99554.4,-217.80000000056725,False,10
1788926880.0,1788926945.4545455,1788928240.0,231.74,231.05,431.0,231.17,233.45,-297.389999999999,99.73124500000002,-397.121244999999,1.0,231.6200000000001,231.17,103.43999999997942,10148.0,10149.0,10170.0,JIOFIN,OHLC,2026-09-09 09:38:00.000000,2026-09-09 09:39:05.454545,2026-09-09 10:00:40.000000,2026-09-09,STOP,99879.94,-193.9500000000196,False,11
1789011960.0,1789012030.0,1789031257.7777777,1007.6,1002.1,99.0,1002.7,1022.3,-544.5,99.48015,-643.98015,1.0,1007.0000000000102,1002.7,118.79999999899157,10501.0,10502.0,10822.0,SBIN,OHLC,2026-09-10 09:16:00.000000,2026-09-10 09:17:10.000000,2026-09-10 14:37:37.777777,2026-09-10,STOP,99752.4,-425.7000000010085,False,12
1789012620.0,1789012680.0,1789013494.857143,231.67,230.77,431.0,230.89,234.01,-387.9000000000025,99.65582,-487.5558200000025,1.0,231.5500000000004,230.89,103.43999999984467,10512.0,10513.0,10526.0,JIOFIN,OHLC,2026-09-10 09:27:00.000000,2026-09-10 09:28:00.000000,2026-09-10 09:41:34.857142,2026-09-10,STOP,99849.77,-284.4600000001578,False,13
1789099500.0,1789099568.1567087,1789099897.5,228.06,227.22,438.0,227.34,230.22,-367.9200000000015,99.70632,-467.6263200000015,1.0,227.9401155681136,227.34,105.06938116624104,10895.0,10896.0,10901.0,JIOFIN,OHLC,2026-09-11 09:35:00.000000,2026-09-11 09:36:08.156708,2026-09-11 09:41:37.500000,2026-09-11,STOP,99890.28,-262.85061883376045,False,14
1789105380.0,1789105440.0,1789114529.2857144,998.0,994.7,100.0,995.2,1006.4,-329.99999999999545,99.635,-429.6349999999954,1.0,997.5,995.2,100.0,10993.0,10994.0,11145.0,SBIN,OHLC,2026-09-11 11:13:00.000000,2026-09-11 11:14:00.000000,2026-09-11 13:45:29.285714,2026-09-11,STOP,99800.0,-229.99999999999545,False,15
1789443900.0,1789443978.7878788,1789444584.6511629,231.86,229.97,431.0,230.09,237.17,-814.5900000000064,99.524365,-914.1143650000064,1.0,231.74000000000547,230.09,103.43999999765197,11250.0,11251.0,11261.0,JIOFIN,OHLC,2026-09-15 09:15:00.000000,2026-09-15 09:16:18.787878,2026-09-15 09:26:24.651162,2026-09-15,STOP,99931.66,-711.1500000023544,False,16
1789530300.0,1789530370.0,1789551300.0,980.8,987.7,101.0,970.1,1012.9,696.8999999999977,99.40925,597.4907499999977,3.0,980.3000000000188,988.2,100.99999999809393,11625.0,11626.0,11975.0,SBIN,OHLC,2026-09-16 09:15:00.000000,2026-09-16 09:16:10.000000,2026-09-16 15:05:00.000000,2026-09-16,SQUARE_OFF,99060.8,797.8999999980916,False,17
1789530300.0,1789530374.4444444,1789531898.6666667,227.72,225.92,439.0,226.04,232.76,-790.1999999999925,99.57398,-889.7739799999925,1.0,227.60000000000144,226.04,105.35999999935518,11625.0,11626.0,11651.0,JIOFIN,OHLC,2026-09-16 09:15:00.000000,2026-09-16 09:16:14.444444,2026-09-16 09:41:38.666666,2026-09-16,STOP,99969.08,-684.8400000006374,False,18
1789616760.0,1789616826.0,1789617970.857143,226.04,228.38,442.0,225.26,228.38,1034.2800000000016,100.42682,933.8531800000015,2.0,225.9200000000012,228.38,53.03999999947439,12001.0,12002.0,12021.0,JIOFIN,OHLC,2026-09-17 09:16:00.000000,2026-09-17 09:17:06.000000,2026-09-17 09:36:10.857142,2026-09-17,TARGET,99909.68,1087.3199999994758,False,19
1789616760.0,1789616837.142857,1789622020.0,994.3,989.2,100.0,989.7,1008.1,-510.0000000000023,99.175,-609.1750000000022,1.0,993.8000000000014,989.7,99.99999999986358,12001.0,12002.0,12088.0,SBIN,OHLC,2026-09-17 09:16:00.000000,2026-09-17 09:17:17.142857,2026-09-17 10:43:40.000000,2026-09-17,STOP,99430.0,-410.0000000001387,False,20
1789703160.0,1789703220.0,1789724100.0,230.9,231.31,433.0,229.77,234.29,177.52999999999852,100.06846500000002,77.4615349999985,3.0,230.78000000000011,231.43,103.9199999999424,12376.0,12377.0,12725.0,JIOFIN,OHLC,2026-09-18 09:16:00.000000,2026-09-18 09:17:00.000000,2026-09-18 15:05:00.000000,2026-09-18,SQUARE_OFF,99979.7,281.4499999999409,False,21
1789707000.0,1789707060.0,1789707276.6666667,988.3,986.4,101.0,986.9,992.5,-191.8999999999977,99.72235000000002,-291.6223499999977,1.0,987.8000000000014,986.9,100.9999999998622,12440.0,12441.0,12444.0,SBIN,OHLC,2026-09-18 10:20:00.000000,2026-09-18 10:21:00.000000,2026-09-18 10:24:36.666666,2026-09-18,STOP,99818.3,-90.90000000013548,False,22
1789965960.0,1789966020.0,1789966706.6666667,994.8,991.8,100.0,992.3,1002.3,-300.0,99.33,-399.33,1.0,994.3000000000052,992.3,99.99999999949978,12811.0,12812.0,12823.0,SBIN,OHLC,2026-09-21 10:16:00.000000,2026-09-21 10:17:00.000000,2026-09-21 10:28:26.666666,2026-09-21,STOP,99480.0,-200.00000000050025,False,23
1789971480.0,1789971555.0,1789983300.0,230.73,230.98,433.0,230.38,231.78,108.25,99.96021500000002,8.28978499999998,3.0,230.61000000000055,231.1,103.9199999997455,12903.0,12904.0,13100.0,JIOFIN,OHLC,2026-09-21 11:48:00.000000,2026-09-21 11:49:15.000000,2026-09-21 15:05:00.000000,2026-09-21,SQUARE_OFF,99906.09,212.1699999997455,True,24
1790050320.0,1790050380.0,1790052755.0,232.61,231.83,429.0,231.95,234.59,-334.62000000000046,99.62238,-434.2423800000005,1.0,232.49000000000265,231.95,102.95999999888215,13152.0,13153.0,13192.0,JIOFIN,OHLC,2026-09-22 09:42:00.000000,2026-09-22 09:43:00.000000,2026-09-22 10:22:35.000000,2026-09-22,STOP,99789.69,-231.66000000111836,False,25
1790050740.0,1790050818.047155,1790050840.0,998.2,996.6,100.0,997.1,1001.5,-160.00000000000227,99.74000000000002,-259.7400000000023,1.0,997.670707319073,997.1,102.92926809270284,13159.0,13160.0,13160.0,SBIN,OHLC,2026-09-22 09:49:00.000000,2026-09-22 09:50:18.047154,2026-09-22 09:50:40.000000,2026-09-22,STOP,99820.0,-57.07073190729943,True,26
1790135160.0,1790135220.0,1790156100.0,231.2,231.32,432.0,230.52,233.24,51.839999999989686,99.90432,-48.06432000001031,3.0,231.080000000002,231.44,103.67999999915672,13501.0,13502.0,13850.0,JIOFIN,OHLC,2026-09-23 09:16:00.000000,2026-09-23 09:17:00.000000,2026-09-23 15:05:00.000000,2026-09-23,SQUARE_OFF,99878.4,155.51999999914642,False,27
1790135220.0,1790135280.0,1790152636.9230769,990.0,995.7,101.0,988.1,995.7,575.7000000000046,100.27785,475.4221500000046,2.0,989.5,995.7,50.5,13502.0,13503.0,13792.0,SBIN,OHLC,2026-09-23 09:17:00.000000,2026-09-23 09:18:00.000000,2026-09-23 14:07:16.923076,2026-09-23,TARGET,99990.0,626.2000000000046,False,28
1790224680.0,1790224746.3273714,1790224892.142857,230.12,229.64,434.0,229.76,231.2,-208.3199999999956,99.76792,-308.0879199999956,1.0,230.0042916002174,229.76,102.29744550563402,13928.0,13929.0,13931.0,JIOFIN,OHLC,2026-09-24 10:08:00.000000,2026-09-24 10:09:06.327371,2026-09-24 10:11:32.142857,2026-09-24,STOP,99872.08,-106.02255449436154,True,29
1790227500.0,1790227579.3431306,1790227716.6666667,988.4,986.8,101.0,987.3,991.7,-161.6000000000023,99.74760000000002,-261.3476000000024,1.0,987.8934313065226,987.3,101.6634380412222,13975.0,13976.0,13978.0,SBIN,OHLC,2026-09-24 10:55:00.000000,2026-09-24 10:56:19.343130,2026-09-24 10:58:36.666666,2026-09-24,STOP,99828.4,-59.93656195878009,False,30
1788321840.0,1788321924.7619047,1788324220.0,233.92,236.02,427.0,233.22,236.02,896.6999999999975,100.33219000000004,796.3678099999975,2.0,233.8000000000016,236.02,51.23999999932232,8269.0,8270.0,8308.0,JIOFIN,OLHC,2026-09-02 09:34:00.000000,2026-09-02 09:35:24.761904,2026-09-02 10:13:40.000000,2026-09-02,TARGET,99883.84,947.93999999932,False,31
1788322740.0,1788322825.8823528,1788328692.9411764,1030.2,1027.3,97.0,1027.9,1037.1,-281.3000000000088,99.78875,-381.0887500000088,1.0,1029.6000000000072,1027.9,116.3999999993207,8284.0,8285.0,8383.0,SBIN,OLHC,2026-09-02 09:49:00.000000,2026-09-02 09:50:25.882352,2026-09-02 11:28:12.941176,2026-09-02,STOP,99929.4,-164.90000000068812,False,32
1788407100.0,1788407187.5949366,1788428100.0,237.72,237.14,420.0,236.07,242.67,-243.5999999999933,99.7206,-343.3205999999933,3.0,237.60000000000232,237.26,100.79999999901304,8625.0,8626.0,8975.0,JIOFIN,OLHC,2026-09-03 09:15:00.000000,2026-09-03 09:16:27.594936,2026-09-03 15:05:00.000000,2026-09-03,SQUARE_OFF,99842.4,-142.80000000098028,False,33
1788407100.0,1788407194.0,1788428100.0,1031.0,1021.7,96.0,1020.4,1062.8,-892.7999999999956,98.5296,-991.3295999999956,3.0,1030.4000000000087,1022.3,115.19999999915308,8625.0,8626.0,8975.0,SBIN,OLHC,2026-09-03 09:15:00.000000,2026-09-03 09:16:34.000000,2026-09-03 15:05:00.000000,2026-09-03,SQUARE_OFF,98976.0,-777.6000000008426,False,34
1788493500.0,1788493599.2982457,1788514500.0,238.99,239.7,418.0,237.59,243.19,296.7800000000033,100.04621,196.73379000000327,3.0,238.8700000000003,239.82,100.31999999987312,9000.0,9001.0,9350.0,JIOFIN,OLHC,2026-09-04 09:15:00.000000,2026-09-04 09:16:39.298245,2026-09-04 15:05:00.000000,2026-09-04,SQUARE_OFF,99897.82,397.0999999998765,False,35
1788496260.0,1788496348.0,1788497112.3076923,1026.1,1023.9,97.0,1024.5,1030.9,-213.4000000000044,99.425,-312.8250000000044,1.0,1025.500000000001,1024.5,116.39999999993825,9046.0,9047.0,9060.0,SBIN,OLHC,2026-09-04 10:01:00.000000,2026-09-04 10:02:28.000000,2026-09-04 10:15:12.307692,2026-09-04,STOP,99531.7,-97.00000000006617,False,36
1788754140.0,1788754229.6575189,1788754694.2857144,237.46,236.97,421.0,237.09,238.57,-206.29000000000383,99.867515,-306.15751500000385,1.0,237.33828759476657,237.09,101.76092260327948,9399.0,9400.0,9408.0,JIOFIN,OLHC,2026-09-07 09:39:00.000000,2026-09-07 09:40:29.657518,2026-09-07 09:48:14.285714,2026-09-07,STOP,99970.66,-104.52907739672436,False,37
1788839280.0,1788839376.6666667,1788839949.4117646,1006.5,1003.3,99.0,1003.9,1014.3,-316.79999999999325,99.4851,-416.2850999999933,1.0,1005.9000000000016,1003.9,118.7999999998582,9753.0,9754.0,9764.0,SBIN,OLHC,2026-09-08 09:18:00.000000,2026-09-08 09:19:36.666666,2026-09-08 09:29:09.411764,2026-09-08,STOP,99643.5,-198.00000000013503,False,38
1788842580.0,1788842665.8823528,1788851587.2727273,234.02,233.24,427.0,233.36,236.0,-333.0600000000005,99.76001,-432.8200100000005,1.0,233.90000000000072,233.36,102.47999999970048,9808.0,9809.0,9958.0,JIOFIN,OLHC,2026-09-08 10:13:00.000000,2026-09-08 10:14:25.882352,2026-09-08 12:43:07.272727,2026-09-08,STOP,99926.54,-230.5800000003,False,39
1788926880.0,1788926966.3157897,1788946388.0,1005.6,1002.2,99.0,1002.8,1014.0,-336.5999999999977,99.3861,-435.98609999999775,1.0,1005.0000000000052,1002.8,118.79999999949804,10148.0,10149.0,10473.0,SBIN,OLHC,2026-09-09 09:38:00.000000,2026-09-09 09:39:26.315789,2026-09-09 15:03:08.000000,2026-09-09,STOP,99554.4,-217.8000000004997,False,40
1788926880.0,1788926969.3333333,1788928220.0,231.74,231.05,431.0,231.17,233.45,-297.389999999999,99.73124500000002,-397.121244999999,1.0,231.6200000000001,231.17,103.43999999997942,10148.0,10149.0,10170.0,JIOFIN,OLHC,2026-09-09 09:38:00.000000,2026-09-09 09:39:29.333333,2026-09-09 10:00:20.000000,2026-09-09,STOP,99879.94,-193.9500000000196,False,41
1789011960.0,1789012053.0,1789031236.6666667,1007.6,1002.1,99.0,1002.7,1022.3,-544.5,99.48015,-643.98015,1.0,1007.000000000003,1002.7,118.79999999971189,10501.0,10502.0,10822.0,SBIN,OLHC,2026-09-10 09:16:00.000000,2026-09-10 09:17:33.000000,2026-09-10 14:37:16.666666,2026-09-10,STOP,99752.4,-425.7000000002881,False,42
1789012620.0,1789012713.75,1789013474.0,231.67,230.77,431.0,230.89,234.01,-387.9000000000025,99.65582,-487.5558200000025,1.0,231.55000000000115,230.89,103.43999999951392,10512.0,10513.0,10526.0,JIOFIN,OLHC,2026-09-10 09:27:00.000000,2026-09-10 09:28:33.750000,2026-09-10 09:41:14.000000,2026-09-10,STOP,99849.77,-284.4600000004885,False,43
1789099500.0,1789099591.5877905,1789099877.5,228.05,227.22,438.0,227.34,230.18,-363.5400000000055,99.70413,-463.2441300000055,1.0,227.93175581126707,227.34,104.35095466503174,10895.0,10896.0,10901.0,JIOFIN,OLHC,2026-09-11 09:35:00.000000,2026-09-11 09:36:31.587790,2026-09-11 09:41:17.500000,2026-09-11,STOP,99885.9,-259.18904533497374,False,44
1789105380.0,1789105440.0,1789114508.8888888,998.0,994.7,100.0,995.2,1006.4,-329.99999999999545,99.635,-429.6349999999954,1.0,997.5,995.2,100.0,10993.0,10994.0,11145.0,SBIN,OLHC,2026-09-11 11:13:00.000000,2026-09-11 11:14:00.000000,2026-09-11 13:45:08.888888,2026-09-11,STOP,99800.0,-229.99999999999545,False,45
1789443900.0,1789443998.7878788,1789444564.6511629,231.86,229.97,431.0,230.09,237.17,-814.5900000000064,99.524365,-914.1143650000064,1.0,231.74000000000547,230.09,103.43999999765197,11250.0,11251.0,11261.0,JIOFIN,OLHC,2026-09-15 09:15:00.000000,2026-09-15 09:16:38.787878,2026-09-15 09:26:04.651162,2026-09-15,STOP,99931.66,-711.1500000023544,False,46
1789530300.0,1789530393.3333333,1789551300.0,980.8,987.7,101.0,970.1,1012.9,696.8999999999977,99.40925,597.4907499999977,3.0,980.3000000000188,988.2,100.99999999809393,11625.0,11626.0,11975.0,SBIN,OLHC,2026-09-16 09:15:00.000000,2026-09-16 09:16:33.333333,2026-09-16 15:05:00.000000,2026-09-16,SQUARE_OFF,99060.8,797.8999999980916,False,47
1789530300.0,1789530396.2962964,1789531878.6666667,227.72,225.92,439.0,226.04,232.76,-790.1999999999925,99.57398,-889.7739799999925,1.0,227.60000000000144,226.04,105.35999999935518,11625.0,11626.0,11651.0,JIOFIN,OLHC,2026-09-16 09:15:00.000000,2026-09-16 09:16:36.296296,2026-09-16 09:41:18.666666,2026-09-16,STOP,99969.08,-684.8400000006374,False,48
1789616760.0,1789616849.6296296,1789617991.4666667,226.04,228.38,442.0,225.26,228.38,1034.2800000000016,100.42682,933.8531800000015,2.0,225.92000000000013,228.38,53.0399999999392,12001.0,12002.0,12021.0,JIOFIN,OLHC,2026-09-17 09:16:00.000000,2026-09-17 09:17:29.629629,2026-09-17 09:36:31.466666,2026-09-17,TARGET,99909.68,1087.3199999999406,False,49
1789616760.0,1789616858.5714283,1789622000.0,994.3,989.2,100.0,989.7,1008.1,-510.0000000000023,99.175,-609.1750000000022,1.0,993.8000000000014,989.7,99.99999999986358,12001.0,12002.0,12088.0,SBIN,OLHC,2026-09-17 09:16:00.000000,2026-09-17 09:17:38.571428,2026-09-17 10:43:20.000000,2026-09-17,STOP,99430.0,-410.0000000001387,False,50
1789703160.0,1789703258.7096777,1789724100.0,230.9,231.31,433.0,229.77,234.29,177.52999999999852,100.06846500000002,77.4615349999985,3.0,230.7800000000006,231.43,103.9199999997455,12376.0,12377.0,12725.0,JIOFIN,OLHC,2026-09-18 09:16:00.000000,2026-09-18 09:17:38.709677,2026-09-18 15:05:00.000000,2026-09-18,SQUARE_OFF,99979.7,281.449999999744,False,51
1789707000.0,1789707090.0,1789707256.0,988.3,986.4,101.0,986.9,992.5,-191.8999999999977,99.72235000000002,-291.6223499999977,1.0,987.8000000000028,986.9,100.99999999971294,12440.0,12441.0,12444.0,SBIN,OLHC,2026-09-18 10:20:00.000000,2026-09-18 10:21:30.000000,2026-09-18 10:24:16.000000,2026-09-18,STOP,99818.3,-90.90000000028476,False,52
1789965960.0,1789966042.5,1789966685.4545455,994.8,991.8,100.0,992.3,1002.3,-300.0,99.33,-399.33,1.0,994.3,992.3,100.0,12811.0,12812.0,12823.0,SBIN,OLHC,2026-09-21 10:16:00.000000,2026-09-21 10:17:22.500000,2026-09-21 10:28:05.454545,2026-09-21,STOP,99480.0,-200.0,False,53
1789979040.0,1789979124.203828,1789983300.0,231.28,230.98,432.0,230.98,232.18,-129.59999999999263,99.84816,-229.44815999999264,3.0,231.16363062329472,231.1,102.11157073667027,13029.0,13030.0,13100.0,JIOFIN,OLHC,2026-09-21 13:54:00.000000,2026-09-21 13:55:24.203827,2026-09-21 15:05:00.000000,2026-09-21,SQUARE_OFF,99912.96,-27.48842926332236,False,54
1790050320.0,1790050404.680851,1790052733.3333333,232.61,231.83,429.0,231.95,234.59,-334.62000000000046,99.62238,-434.2423800000005,1.0,232.49000000000152,231.95,102.95999999935768,13152.0,13153.0,13192.0,JIOFIN,OLHC,2026-09-22 09:42:00.000000,2026-09-22 09:43:24.680850,2026-09-22 10:22:13.333333,2026-09-22,STOP,99789.69,-231.6600000006428,False,55
1790135160.0,1790135240.0,1790156100.0,231.2,231.32,432.0,230.52,233.24,51.839999999989686,99.90432,-48.06432000001031,3.0,231.080000000002,231.44,103.67999999915672,13501.0,13502.0,13850.0,JIOFIN,OLHC,2026-09-23 09:16:00.000000,2026-09-23 09:17:20.000000,2026-09-23 15:05:00.000000,2026-09-23,SQUARE_OFF,99878.4,155.51999999914642,False,56
1790135220.0,1790135280.0,1790152656.9230769,990.0,995.7,101.0,988.1,995.7,575.7000000000046,100.27785,475.4221500000046,2.0,989.5,995.7,50.5,13502.0,13503.0,13792.0,SBIN,OLHC,2026-09-23 09:17:00.000000,2026-09-23 09:18:00.000000,2026-09-23 14:07:36.923076,2026-09-23,TARGET,99990.0,626.2000000000046,False,57
1790226060.0,1790226153.3333333,1790228654.6666667,229.99,229.52,434.0,229.64,231.04,-203.9799999999995,99.71367,-303.6936699999995,1.0,229.87000000000043,229.64,104.15999999981892,13951.0,13952.0,13994.0,JIOFIN,OLHC,2026-09-24 10:31:00.000000,2026-09-24 10:32:33.333333,2026-09-24 11:14:14.666666,2026-09-24,STOP,99815.66,-99.82000000018058,False,58
1790227500.0,1790227599.3431306,1790227690.0,988.4,986.8,101.0,987.3,991.7,-161.6000000000023,99.74760000000002,-261.3476000000024,1.0,987.8934313065226,987.3,101.6634380412222,13975.0,13976.0,13978.0,SBIN,OLHC,2026-09-24 10:55:00.000000,2026-09-24 10:56:39.343130,2026-09-24 10:58:10.000000,2026-09-24,STOP,99828.4,-59.93656195878009,False,59
