strategy,profile,timeframe_minutes,path,coverage,trades,open_trades,gross_pnl,charges,net_pnl,peak_capital,current_capital,win_rate,profit_factor,best_trade,worst_trade,realized_drawdown,return_on_peak_capital,nifty_gross_return_percent,sharpe,sortino
Nifty500 Scanner · Fixed 3R · 10K,nifty500_fixed,1,OLHC,76/76,160,0,9519.700000000004,1506.10248,8013.597520000004,589519.9100000001,0,50.0,2.256826805137252,694.2336000000018,-485.15602499999983,2018.408684999993,1.3593429813082993,-0.12243547319655823,N/A — one session,N/A — one session
Nifty500 Scanner · Fixed 3R · 10K,nifty500_fixed,1,OHLC,76/76,165,0,8149.42000000001,1550.22091,6599.19909000001,599283.6600000004,0,47.27272727272727,1.9614975324968098,695.8320000000003,-401.74582499999934,1859.1994799999957,1.1011812152528915,-0.12243547319655823,N/A — one session,N/A — one session
Weekday Watchlist · Fixed 3R · 10K,weekday_fixed,1,OLHC,16/18,27,0,-561.7900000000003,253.62502500000002,-815.4150250000004,94106.82999999999,0,25.925925925925927,0.4902071992276726,211.1576,-308.1333749999998,1096.7421849999982,-0.8664780494678234,-0.12243547319655823,N/A — one session,N/A — one session
Weekday Watchlist · Fixed 3R · 10K,weekday_fixed,1,OHLC,16/18,31,0,-546.0199999999977,292.35380000000004,-838.3737999999977,102982.95,0,25.806451612903224,0.5027275009295538,214.3591999999989,-312.5328249999995,1129.1177949999976,-0.8140899051736212,-0.12243547319655823,N/A — one session,N/A — one session
Nifty500 Scanner · Trail after 3R · 10K,nifty500_trailing,1,OLHC,76/76,184,0,2972.8000000000243,1740.02581,1232.7741900000242,352433.45999999996,0,33.15217391304348,1.176561890637787,1209.5854200000003,-364.45537499999966,1467.8751499999996,0.34978920276185593,-0.12243547319655823,N/A — one session,N/A — one session
Nifty500 Scanner · Trail after 3R · 10K,nifty500_trailing,1,OHLC,76/76,202,0,2351.580000000014,1917.3753100000001,434.2046900000138,381905.29000000027,0,30.693069306930692,1.0547249919541002,1203.9416600000002,-356.20424999999864,1960.8780799999936,0.11369433767204783,-0.12243547319655823,N/A — one session,N/A — one session
Weekday Watchlist · Trail after 3R · 10K,weekday_trailing,1,OLHC,16/18,29,0,-910.9600000000028,269.5111,-1180.4711000000027,74447.75000000001,0,20.689655172413794,0.24934704152668527,159.82080000000036,-242.8666,1205.1355000000012,-1.5856370407433436,-0.12243547319655823,N/A — one session,N/A — one session
Weekday Watchlist · Trail after 3R · 10K,weekday_trailing,1,OHLC,16/18,33,0,-973.1300000000016,306.393505,-1279.5235050000015,75595.38,0,18.181818181818183,0.24969472239949034,159.82080000000036,-245.66599999999926,1312.992305000001,-1.6925948450818045,-0.12243547319655823,N/A — one session,N/A — one session
Nifty500 Scanner · Fixed 3R · 10K · 5m HA,nifty500_fixed_5m,5,OLHC,76/76,93,0,4673.6799999999985,888.3497000000001,3785.3302999999987,605020.0300000003,0,53.763440860215056,1.7699740661698495,879.5552000000004,-516.8845500000009,2532.4757550000004,0.6256537159604446,-0.12243547319655823,N/A — one session,N/A — one session
Nifty500 Scanner · Fixed 3R · 10K · 5m HA,nifty500_fixed_5m,5,OHLC,76/76,94,0,4370.580000000004,898.33654,3472.243460000004,615169.3600000001,0,53.191489361702125,1.6694960358013737,885.1492000000007,-516.8864499999987,2834.4599999999996,0.5644369966670647,-0.12243547319655823,N/A — one session,N/A — one session
Weekday Watchlist · Fixed 3R · 10K · 5m HA,weekday_fixed_5m,5,OLHC,16/18,12,0,-245.65000000000134,112.401745,-358.05174500000135,84894.47000000002,0,41.666666666666664,0.5900579290948379,209.1566,-274.0174249999995,587.1487950000019,-0.42176097571490967,-0.12243547319655823,N/A — one session,N/A — one session
Weekday Watchlist · Fixed 3R · 10K · 5m HA,weekday_fixed_5m,5,OHLC,16/18,12,0,-200.57000000000164,112.78518500000001,-313.35518500000165,85250.42000000001,0,41.666666666666664,0.6223381782780998,208.75639999999854,-287.215775,599.467585000002,-0.3675702536128287,-0.12243547319655823,N/A — one session,N/A — one session
Nifty500 Scanner · Trail after 3R · 10K · 5m HA,nifty500_trailing_5m,5,OLHC,76/76,64,0,2690.8200000000006,609.2002500000001,2081.6197500000003,399548.73000000004,0,43.75,1.9131340959966092,833.1772349999993,-129.41494999999935,522.3675100000004,0.5209927084488544,-0.12243547319655823,N/A — one session,N/A — one session
Nifty500 Scanner · Trail after 3R · 10K · 5m HA,nifty500_trailing_5m,5,OHLC,76/76,64,0,2470.909999999996,608.029815,1862.8801849999961,389565.07,0,42.1875,1.8070341343416025,822.0144450000003,-130.56680000000063,517.1148850000029,0.47819487127015675,-0.12243547319655823,N/A — one session,N/A — one session
Weekday Watchlist · Trail after 3R · 10K · 5m HA,weekday_trailing_5m,5,OLHC,16/18,6,0,142.1999999999996,56.67432000000001,85.52567999999958,56603.22,0,50.0,1.637075511079108,142.96229999999971,-92.74979999999972,133.51711999999924,0.15109684572715046,-0.12243547319655823,N/A — one session,N/A — one session
Weekday Watchlist · Trail after 3R · 10K · 5m HA,weekday_trailing_5m,5,OHLC,16/18,6,0,138.5800000000014,56.67071000000001,81.90929000000139,56601.420000000006,0,50.0,1.6086924954869894,143.56260000000054,-93.94800000000001,133.83575999999906,0.1447124294761534,-0.12243547319655823,N/A — one session,N/A — one session
