date,equity,drawdown_pct
2024-04-01,9874.0525686,1.259474313999999
2024-04-02,9793.7520864,2.0624791360000017
2024-04-03,9734.952042225,2.650479577749993
2024-04-04,9713.518583025001,2.8648141697499887
2024-04-05,9578.8154403,4.211845596999992
2024-04-06,9556.32720915,4.436727908499997
2024-04-07,9523.30483065,4.766951693499996
2024-04-08,9643.34387425,3.566561257499998
2024-04-09,9643.34387425,3.566561257499998
2024-04-10,9586.165364075001,4.13834635924999
2024-04-11,9452.4271348,5.475728651999998
2024-04-12,9484.0417598,5.159582401999996
2024-04-13,9447.0398443,5.529601557000005
2024-04-14,9394.5093767,6.054906233000001
2024-04-15,9396.846636125,6.031533638750006
2024-04-16,9266.774375125,7.332256248749999
2024-04-17,9184.972398475,8.150276015250002
2024-04-18,9056.525155975,9.434748440250004
2024-04-19,9017.032734425,9.82967265575
2024-04-20,8906.88330445,10.931166955499993
2024-04-21,8882.68436895,11.173156310499998
2024-04-22,8831.04413315,11.689558668499995
2024-04-23,8806.440210925,11.935597890749996
2024-04-24,8768.268697975,12.317313020250003
2024-04-25,8676.6712598,13.233287402000006
2024-04-26,8579.653445475,14.203465545250001
2024-04-27,8477.23851375,15.227614862499994
2024-04-28,8450.0035919,15.499964080999998
2024-04-29,8423.818717350001,15.761812826499991
2024-04-30,8459.069093350001,15.40930906649999
2024-05-01,8426.726867225001,15.732731327749988
2024-05-02,8417.02201405,15.829779859499995
2024-05-03,8492.409938025,15.07590061974999
2024-05-04,8397.097047325002,16.029029526749984
2024-05-05,8384.815313475001,16.15184686524999
2024-05-06,8260.769768400001,17.392302315999984
2024-05-07,8169.053035250001,18.30946964749999
2024-05-08,8083.105435950001,19.168945640499988
2024-05-09,8005.420287625001,19.94579712374999
2024-05-10,7981.004848525001,20.18995151474999
2024-05-11,7901.975232975001,20.98024767024999
2024-05-12,7825.52211425,21.7447788575
2024-05-13,7850.827405950001,21.491725940499993
2024-05-14,7850.827405950001,21.491725940499993
2024-05-15,7783.834131075001,22.16165868924999
2024-05-16,7808.787493825001,21.912125061749993
2024-05-17,7722.33984915,22.776601508499997
2024-05-18,7693.84156315,23.0615843685
2024-05-19,7625.5664438,23.744335561999996
2024-05-20,7565.925967,24.34074033
2024-05-21,7473.301605625,25.26698394375
2024-05-22,7392.06857835,26.0793142165
2024-05-23,7392.00851385,26.079914861500004
2024-05-24,7320.46266535,26.7953733465
2024-05-25,7275.741706275,27.24258293725
2024-05-26,7211.331163025,27.88668836975
2024-05-27,7226.553206575,27.734467934249995
2024-05-28,7140.328241300001,28.596717586999993
2024-05-29,7057.7706373500005,29.422293626499997
2024-05-30,7019.586156200001,29.80413843799999
2024-05-31,6992.552191200001,30.07447808799999
2024-06-01,6932.325454300001,30.67674545699999
2024-06-02,6872.964921500001,31.27035078499999
2024-06-03,6916.643805525001,30.833561944749988
2024-06-04,6908.319981550001,30.916800184499987
2024-06-05,6835.467118775001,31.64532881224999
2024-06-06,6758.212729225001,32.41787270774999
2024-06-07,6767.246942375001,32.32753057624999
2024-06-08,6715.2929283250005,32.84707071675
2024-06-09,6689.519351125001,33.10480648874999
2024-06-10,6631.9361631500005,33.68063836849999
2024-06-11,6599.381689875,34.006183101249995
2024-06-12,6630.5468094,33.694531906
2024-06-13,6580.0209549,34.199790451
2024-06-14,6559.047419275,34.40952580725
2024-06-15,6508.2217636,34.917782364000004
2024-06-16,6471.712664,35.28287336
2024-06-17,6470.9234632,35.290765368
2024-06-18,6409.9849907749995,35.90015009225
2024-06-19,6341.520209224999,36.58479790775001
2024-06-20,6282.079327574999,37.17920672425001
2024-06-21,6215.636056949999,37.84363943050001
2024-06-22,6190.406283824999,38.09593716175001
2024-06-23,6135.982761074999,38.64017238925001
2024-06-24,6118.144311874999,38.818556881250004
2024-06-25,6097.416729099999,39.02583270900001
2024-06-26,6097.416729099999,39.02583270900001
2024-06-27,6036.000907674999,39.639990923250004
2024-06-28,6016.966037624999,39.83033962375001
2024-06-29,5967.8957923749995,40.32104207625001
2024-06-30,5968.6240964,40.313759036
2024-07-01,5979.12466305,40.2087533695
2024-07-02,5928.81819885,40.7118180115
2024-07-03,5912.94995345,40.8705004655
2024-07-04,5860.2393514000005,41.397606485999994
2024-07-05,5839.3468400500005,41.606531599499995
2024-07-06,5797.399832525,42.02600167475
2024-07-07,5812.9313976250005,41.87068602374999
2024-07-08,5775.9661905250005,42.240338094749994
2024-07-09,5801.658990425,41.983410095749996
2024-07-10,5745.4712169,42.545287830999996
2024-07-11,5720.186116700001,42.798138832999996
2024-07-12,5646.947115200001,43.530528847999996
2024-07-13,5594.25068575,44.0574931425
2024-07-14,5550.8700295,44.491299705
2024-07-15,5533.963875225,44.66036124775
2024-07-16,5511.730162175,44.88269837825
2024-07-17,5514.452099725,44.85547900275
2024-07-18,5493.871278575,45.061287214249994
2024-07-19,5469.339632625,45.30660367375
2024-07-20,5411.910273975001,45.880897260249995
2024-07-21,5341.481423475,46.585185765249996
2024-07-22,5312.431656825001,46.87568343174999
2024-07-23,5312.431656825001,46.87568343174999
2024-07-24,5291.498680150001,47.08501319849999
2024-07-25,5227.265471925,47.727345280749994
2024-07-26,5293.194796725001,47.06805203274999
2024-07-27,5248.041326525001,47.51958673474999
2024-07-28,5196.259518900001,48.03740481099999
2024-07-29,5179.456211425001,48.205437885749994
2024-07-30,5119.577115300001,48.80422884699998
2024-07-31,5066.3609876750015,49.336390123249984
2024-08-01,5008.618709350001,49.913812906499984
2024-08-02,4983.6067418500015,50.16393258149998
2024-08-03,4932.883135000002,50.671168649999984
2024-08-04,4913.006402700002,50.86993597299998
2024-08-05,4864.056815075001,51.35943184924998
2024-08-06,4901.158128750001,50.988418712499985
2024-08-07,4945.701341950001,50.54298658049999
2024-08-08,4994.551509100001,50.054484908999996
2024-08-09,4934.426829350001,50.65573170649999
2024-08-10,4914.645322200001,50.853546777999995
2024-08-11,4859.417372525001,51.40582627474999
2024-08-12,4787.615686375001,52.123843136249995
2024-08-13,4792.187072625001,52.078129273749994
2024-08-14,4777.466726250001,52.2253327375
2024-08-15,4752.4011194,52.475988806
2024-08-16,4738.70142905,52.6129857095
2024-08-17,4718.605922025,52.81394077975
2024-08-18,4702.768801825,52.972311981749996
2024-08-19,4685.555826725,53.14444173275
2024-08-20,4659.348536325,53.40651463675
2024-08-21,4667.2379276500005,53.32762072349999
2024-08-22,4645.002702500001,53.549972974999996
2024-08-23,4656.121623000001,53.438783769999986
2024-08-24,4637.213051125001,53.627869488749994
2024-08-25,4596.680222925001,54.03319777074999
2024-08-26,4553.3009966750005,54.46699003325
2024-08-27,4520.788953225,54.79211046775
2024-08-28,4502.91144275,54.97088557250001
2024-08-29,4465.9051431,55.340948569000005
2024-08-30,4459.480131075,55.40519868925
2024-08-31,4418.053480175,55.81946519824999
2024-09-01,4393.937366775,56.06062633225001
2024-09-02,4367.4670854999995,56.325329145000005
2024-09-03,4361.408177525,56.38591822475
2024-09-04,4309.709149349999,56.902908506500005
2024-09-05,4309.709149349999,56.902908506500005
2024-09-06,4309.080633649999,56.90919366350001
2024-09-07,4347.125114249999,56.52874885750001
2024-09-08,4341.735062049998,56.58264937950002
2024-09-09,4284.692569249998,57.15307430750002
2024-09-10,4241.0996311499985,57.589003688500014
2024-09-11,4193.109989549998,58.068900104500024
2024-09-12,4134.659865149998,58.653401348500026
2024-09-13,4094.310716999998,59.05689283000002
2024-09-14,4094.310716999998,59.05689283000002
2024-09-15,4064.2417454499982,59.35758254550002
2024-09-16,4044.035579724998,59.55964420275003
2024-09-17,4032.252816774998,59.67747183225002
2024-09-18,4015.436763724998,59.845632362750024
2024-09-19,4039.6648548249977,59.60335145175002
2024-09-20,4021.941923099998,59.780580769000025
2024-09-21,3992.178660324998,60.078213396750016
2024-09-22,3989.215819574998,60.107841804250015
2024-09-23,3969.309140124998,60.30690859875002
2024-09-24,3937.860632849998,60.62139367150002
2024-09-25,3933.716719149998,60.66283280850002
2024-09-26,3919.615517774998,60.80384482225002
2024-09-27,3870.282945499998,61.29717054500002
2024-09-28,3867.367306299998,61.32632693700002
2024-09-29,3835.3605038499977,61.64639496150003
2024-09-30,3835.3605038499977,61.64639496150003
2024-10-01,3818.4415534499976,61.81558446550003
2024-10-02,3831.6770991749977,61.68322900825002
2024-10-03,3819.952177299998,61.80047822700002
2024-10-04,3834.450206499998,61.65549793500003
2024-10-05,3822.9995530999977,61.77000446900003
2024-10-06,3826.238197299998,61.73761802700003
2024-10-07,3813.180067299998,61.86819932700002
2024-10-08,3770.017685649998,62.29982314350002
2024-10-09,3732.788116049998,62.672118839500015
2024-10-10,3715.181795624998,62.84818204375002
2024-10-11,3723.501509799998,62.76498490200001
2024-10-12,3708.672318749998,62.91327681250003
2024-10-13,3695.357146349998,63.046428536500024
2024-10-14,3753.087870599998,62.46912129400002
2024-10-15,3738.051711449998,62.61948288550002
2024-10-16,3716.8428556249983,62.83157144375002
2024-10-17,3673.3571530999984,63.266428469000026
2024-10-18,3631.5976828749986,63.68402317125002
2024-10-19,3611.8576292499984,63.88142370750002
2024-10-20,3580.9604520499984,64.19039547950001
2024-10-21,3576.7681713499983,64.23231828650002
2024-10-22,3534.674319024998,64.65325680975002
2024-10-23,3497.707309374998,65.02292690625
2024-10-24,3520.246569249998,64.79753430750002
2024-10-25,3505.0270051499983,64.9497299485
2024-10-26,3466.8477361999985,65.33152263800002
2024-10-27,3480.0972219999985,65.19902778000002
2024-10-28,3489.4464412999987,65.10553558700002
2024-10-29,3486.8190926999987,65.13180907300001
2024-10-30,3464.931068824999,65.35068931175002
2024-10-31,3429.856423499999,65.701435765
2024-11-01,3434.669275299999,65.65330724700001
2024-11-02,3414.734741899999,65.85265258100002
2024-11-03,3404.569873524999,65.95430126475001
2024-11-04,3382.1740716249988,66.17825928375001
2024-11-05,3369.9297689749988,66.30070231025002
2024-11-06,3358.3384438999988,66.41661556100001
2024-11-07,3347.512207549999,66.52487792450002
2024-11-08,3314.0407206749987,66.85959279325002
2024-11-09,3300.3710158749986,66.99628984125002
2024-11-10,3369.5806240749985,66.30419375925001
2024-11-11,3335.6007844749984,66.64399215525002
2024-11-12,3319.2513750749986,66.80748624925002
2024-11-13,3298.3509797249985,67.01649020275
2024-11-14,3281.9086840249984,67.18091315975
2024-11-15,3240.695946324998,67.59304053675001
2024-11-16,3204.4034983499982,67.9559650165
2024-11-17,3188.173601174998,68.11826398825002
2024-11-18,3171.430749099998,68.28569250900001
2024-11-19,3159.741544699998,68.40258455300001
2024-11-20,3146.561598599998,68.53438401400003
2024-11-21,3143.089656974998,68.56910343025001
2024-11-22,3105.826363149998,68.94173636850003
2024-11-23,3077.201479174998,69.22798520825002
2024-11-24,3042.301472249998,69.57698527750003
2024-11-25,3036.7305393999977,69.63269460600003
2024-11-26,3051.9618748749976,69.48038125125002
2024-11-27,3040.0496179999977,69.59950382000002
2024-11-28,3054.1276038499977,69.45872396150001
2024-11-29,3040.2092276749977,69.59790772325003
2024-11-30,3039.7404144749976,69.60259585525002
2024-12-01,3027.7653364749976,69.72234663525002
2024-12-02,2989.046799699998,70.10953200300001
2024-12-03,2956.6147153999977,70.43385284600002
2024-12-04,2961.598943249998,70.38401056750003
2024-12-05,2950.5908794999978,70.49409120500002
2024-12-06,2968.238274399998,70.31761725600002
2024-12-07,2939.438112424998,70.60561887575003
2024-12-08,2931.753762574998,70.68246237425002
2024-12-09,2922.4257593249977,70.77574240675003
2024-12-10,2888.674516074998,71.11325483925002
2024-12-11,2887.996283224998,71.12003716775001
2024-12-12,2876.517494024998,71.23482505975002
2024-12-13,2851.303971949998,71.48696028050003
2024-12-14,2829.208507474998,71.70791492525002
2024-12-15,2816.991239724998,71.83008760275001
2024-12-16,2840.0903749999984,71.59909625000002
2024-12-17,2813.6099681749984,71.86390031825002
2024-12-18,2778.3697596499983,72.21630240350001
2024-12-19,2781.3924730999984,72.18607526900001
2024-12-20,2772.462682499998,72.27537317500003
2024-12-21,2772.462682499998,72.27537317500003
2024-12-22,2757.0706929999983,72.42929307000003
2024-12-23,2746.1211605999983,72.53878839400002
2024-12-24,2710.5774525249985,72.89422547475002
2024-12-25,2696.1961441999983,73.03803855800001
2024-12-26,2683.1733767249984,73.16826623275001
2024-12-27,2669.8093254999985,73.30190674500001
2024-12-28,2669.5625338499985,73.30437466150002
2024-12-29,2662.0809478499987,73.37919052150002
2024-12-30,2626.3860896999986,73.73613910300001
2024-12-31,2623.7524918999984,73.762475081
2025-01-01,2632.516559999998,73.67483440000002
2025-01-02,2653.4463819499983,73.46553618050002
2025-01-03,2619.924327099998,73.80075672900003
2025-01-04,2608.0552351749984,73.91944764825001
2025-01-05,2582.5997491999983,74.17400250800002
2025-01-06,2581.821841549998,74.18178158450002
2025-01-07,2565.386559049998,74.34613440950002
2025-01-08,2565.386559049998,74.34613440950002
2025-01-09,2556.377760249998,74.43622239750002
2025-01-10,2560.989307799998,74.39010692200002
2025-01-11,2539.8746655249984,74.60125334475002
2025-01-12,2533.5933279749984,74.66406672025
2025-01-13,2559.3339656749986,74.40666034325002
2025-01-14,2533.839682224999,74.66160317775001
2025-01-15,2537.8189862249988,74.62181013775002
2025-01-16,2537.8189862249988,74.62181013775002
2025-01-17,2545.1699636749986,74.54830036325002
2025-01-18,2512.9550983999984,74.87044901600002
2025-01-19,2516.5046955499984,74.83495304450003
2025-01-20,2534.6468633499985,74.65353136650002
2025-01-21,2499.0787811249984,75.00921218875001
2025-01-22,2486.6012204999984,75.13398779500001
2025-01-23,2482.5446419249984,75.17455358075001
2025-01-24,2494.010469499998,75.05989530500001
2025-01-25,2475.2522396249983,75.24747760375001
2025-01-26,2464.9617125249983,75.35038287475001
2025-01-27,2463.708348874998,75.36291651125002
2025-01-28,2435.405118999998,75.64594881000002
2025-01-29,2410.627164399998,75.89372835600003
2025-01-30,2398.634601549998,76.01365398450002
2025-01-31,2387.731960749998,76.12268039250002
2025-02-01,2387.731960749998,76.12268039250002
2025-02-02,2387.731960749998,76.12268039250002
2025-02-03,2410.615126449998,75.89384873550001
2025-02-04,2376.0837347499983,76.23916265250001
2025-02-05,2382.985444549998,76.17014555450001
2025-02-06,2389.756866199998,76.10243133800002
2025-02-07,2361.878034049998,76.38121965950002
2025-02-08,2349.733994299998,76.50266005700001
2025-02-09,2349.5445107499977,76.50455489250002
2025-02-10,2360.115428549998,76.39884571450001
2025-02-11,2352.458118549998,76.47541881450003
2025-02-12,2332.324176324998,76.67675823675002
2025-02-13,2324.572034874998,76.75427965125002
2025-02-14,2299.481206224998,77.00518793775002
2025-02-15,2291.530386599998,77.08469613400001
2025-02-16,2285.8194001499983,77.14180599850002
2025-02-17,2264.7870065499983,77.35212993450001
2025-02-18,2241.7526973499985,77.58247302650001
2025-02-19,2222.2621783999984,77.77737821600002
2025-02-20,2214.8429401999983,77.85157059800002
2025-02-21,2195.9744479749984,78.04025552025001
2025-02-22,2187.6943761249986,78.12305623875001
2025-02-23,2170.7491299749986,78.29250870025002
2025-02-24,2150.7468158999986,78.49253184100002
2025-02-25,2119.4404030249984,78.80559596975002
2025-02-26,2097.6408382749983,79.02359161725002
2025-02-27,2092.6831940749985,79.07316805925002
2025-02-28,2084.7976244999986,79.15202375500002
2025-03-01,2115.5698299499986,78.84430170050003
2025-03-02,2117.9235250999986,78.820764749
2025-03-03,2104.6577231999986,78.95342276800001
2025-03-04,2073.6410032999984,79.26358996700002
2025-03-05,2060.9748763999983,79.39025123600003
2025-03-06,2040.9417310499982,79.59058268950001
2025-03-07,2028.0732560749982,79.71926743925002
2025-03-08,2006.7835302999981,79.93216469700002
2025-03-09,1995.658827524998,80.04341172475003
2025-03-10,1965.929714749998,80.34070285250002
2025-03-11,1979.606885349998,80.20393114650003
2025-03-12,1956.689401074998,80.43310598925002
2025-03-13,1938.994628349998,80.61005371650003
2025-03-14,1930.225540049998,80.69774459950003
2025-03-15,1923.096151399998,80.76903848600003
2025-03-16,1906.301356624998,80.93698643375001
2025-03-17,1900.1725231249982,80.99827476875001
2025-03-18,1890.5846892749983,81.09415310725002
2025-03-19,1874.1419664249981,81.25858033575003
2025-03-20,1866.891052474998,81.33108947525002
2025-03-21,1855.5341558249982,81.44465844175002
2025-03-22,1845.1852075999982,81.54814792400002
2025-03-23,1836.9542694499983,81.63045730550003
2025-03-24,1828.4525945499984,81.71547405450002
2025-03-25,1818.0476872499983,81.81952312750002
2025-03-26,1816.9897594499982,81.83010240550001
2025-03-27,1816.5380309499983,81.83461969050002
2025-03-28,1801.5414398499984,81.98458560150003
2025-03-29,1801.5414398499984,81.98458560150003
2025-03-30,1799.6598225249984,82.00340177475002
2025-03-31,1777.0071927749984,82.22992807225002
2025-04-01,1782.9324156499983,82.1706758435
2025-04-02,1761.4409648249984,82.38559035175001
2025-04-03,1750.6450076499984,82.49354992350001
2025-04-04,1738.7087704999985,82.61291229500002
2025-04-05,1742.7885613499986,82.57211438650002
2025-04-06,1737.5450217499986,82.62454978250001
2025-04-07,1711.7059395749986,82.88294060425001
2025-04-08,1706.4952526499987,82.9350474735
2025-04-09,1685.2628883499988,83.14737111650001
2025-04-10,1685.2628883499988,83.14737111650001
2025-04-11,1697.0357873249989,83.02964212675
2025-04-12,1676.3601163749988,83.23639883625002
2025-04-13,1662.6032514999988,83.37396748500001
2025-04-14,1693.2328208999988,83.06767179100001
2025-04-15,1701.5418423999988,82.98458157600001
2025-04-16,1682.7534318499988,83.17246568150001
2025-04-17,1676.9746564499987,83.23025343550002
2025-04-18,1667.6223818749988,83.32377618125001
2025-04-19,1672.698168024999,83.27301831975001
2025-04-20,1665.067581549999,83.3493241845
2025-04-21,1678.7739003999989,83.21226099600001
2025-04-22,1684.6038681499988,83.15396131850001
2025-04-23,1689.2730575499988,83.1072694245
2025-04-24,1667.708419599999,83.322915804
2025-04-25,1649.0586355499988,83.50941364450001
2025-04-26,1643.3062774249988,83.56693722575001
2025-04-27,1637.3599177749988,83.62640082225002
2025-04-28,1639.8972054749988,83.60102794525001
2025-04-29,1621.3411495749988,83.78658850425002
2025-04-30,1618.8715383249987,83.81128461675002
2025-05-01,1620.5157994249987,83.79484200575001
2025-05-02,1605.9628966999987,83.940371033
2025-05-03,1592.3899744249986,84.07610025575
2025-05-04,1583.9509050499987,84.16049094950002
2025-05-05,1577.3983718999987,84.22601628100001
2025-05-06,1572.2014800499987,84.27798519950002
2025-05-07,1556.5512157249987,84.43448784275003
2025-05-08,1571.3847129249987,84.28615287075002
2025-05-09,1558.1235474499986,84.41876452550001
2025-05-10,1552.0078185499985,84.47992181450002
2025-05-11,1540.8889374499986,84.59111062550001
2025-05-12,1530.5656314249986,84.69434368575001
2025-05-13,1515.4722166749987,84.84527783325002
2025-05-14,1508.1406867999988,84.91859313200001
2025-05-15,1491.5081634999988,85.08491836500002
2025-05-16,1480.8134776249988,85.19186522375001
2025-05-17,1475.2184752749988,85.24781524725002
2025-05-18,1462.3515530249988,85.37648446975001
2025-05-19,1445.8865767749987,85.54113423225
2025-05-20,1446.5820127749987,85.53417987225001
2025-05-21,1440.1905946749987,85.59809405325001
2025-05-22,1432.1220776499988,85.6787792235
2025-05-23,1427.546458449999,85.72453541550001
2025-05-24,1414.084611574999,85.85915388425
2025-05-25,1400.441099599999,85.99558900400001
2025-05-26,1400.279045049999,85.9972095495
2025-05-27,1393.785816349999,86.06214183650002
2025-05-28,1378.670710574999,86.21329289425
2025-05-29,1380.231566924999,86.19768433075001
2025-05-30,1367.914208824999,86.32085791175001
2025-05-31,1355.666785149999,86.4433321485
2025-06-01,1344.552529124999,86.55447470875
2025-06-02,1331.517365649999,86.6848263435
2025-06-03,1330.056175849999,86.69943824150002
2025-06-04,1318.690285224999,86.81309714775001
2025-06-05,1308.039475249999,86.9196052475
2025-06-06,1295.269902224999,87.04730097775001
2025-06-07,1284.184782074999,87.15815217925001
2025-06-08,1273.256122424999,87.26743877575002
2025-06-09,1269.044834399999,87.30955165600001
2025-06-10,1265.124590349999,87.34875409650002
2025-06-11,1259.704229499999,87.402957705
2025-06-12,1251.425649749999,87.48574350250001
2025-06-13,1255.734937649999,87.44265062350001
2025-06-14,1245.138691124999,87.54861308875
2025-06-15,1234.415617724999,87.65584382275001
2025-06-16,1244.514792324999,87.55485207675001
2025-06-17,1234.012685224999,87.65987314775
2025-06-18,1224.254532224999,87.75745467775002
2025-06-19,1211.202917249999,87.88797082750001
2025-06-20,1199.828492049999,88.0017150795
2025-06-21,1190.538093424999,88.09461906575001
2025-06-22,1183.336356424999,88.16663643575001
2025-06-23,1165.149227174999,88.34850772825
2025-06-24,1151.6317423499988,88.48368257650002
2025-06-25,1139.666677224999,88.60333322775
2025-06-26,1132.8994560999988,88.67100543900001
2025-06-27,1134.607149849999,88.65392850150002
2025-06-28,1129.0251398499988,88.70974860150001
2025-06-29,1125.7393110749988,88.74260688925003
2025-06-30,1125.7393110749988,88.74260688925003
2025-07-01,1122.6835388749987,88.77316461125001
2025-07-02,1119.7172220499988,88.8028277795
2025-07-03,1118.2253863999988,88.81774613600001
2025-07-04,1115.0076172999989,88.84992382700003
2025-07-05,1106.693668199999,88.93306331800001
2025-07-06,1102.649920149999,88.9735007985
2025-07-07,1098.431472649999,89.0156852735
2025-07-08,1089.041660099999,89.109583399
2025-07-09,1092.316867199999,89.07683132800001
2025-07-10,1080.466886399999,89.195331136
2025-07-11,1075.8913644749991,89.24108635525
2025-07-12,1071.4683003749992,89.28531699625
2025-07-13,1073.0718713249992,89.26928128675002
2025-07-14,1071.3042350749993,89.28695764925
2025-07-15,1065.2007074499993,89.3479929255
2025-07-16,1059.8009385999992,89.401990614
2025-07-17,1047.539254324999,89.52460745675002
2025-07-18,1038.1907920249992,89.61809207975
2025-07-19,1030.2541517749992,89.69745848225
2025-07-20,1025.3538201499991,89.7464617985
2025-07-21,1024.2438288999992,89.75756171100001
2025-07-22,1020.0279712249992,89.79972028775
2025-07-23,1009.0268646999992,89.90973135300001
2025-07-24,998.9903367999992,90.010096632
2025-07-25,994.2097878749993,90.05790212125001
2025-07-26,985.2182202999993,90.147817797
2025-07-27,981.3367501999993,90.186632498
2025-07-28,975.1183376749993,90.24881662325001
2025-07-29,972.7409406749994,90.27259059325
2025-07-30,969.0086327749993,90.30991367225
2025-07-31,964.9176156499993,90.35082384350001
2025-08-01,956.1362135749994,90.43863786425001
2025-08-02,952.9467215499993,90.47053278450001
2025-08-03,952.4724429499993,90.47527557050002
2025-08-04,948.8214984249993,90.51178501575001
2025-08-05,940.3524338749993,90.59647566125001
2025-08-06,932.6263837499993,90.6737361625
2025-08-07,929.7771580999993,90.702228419
2025-08-08,918.4913490249993,90.81508650975
2025-08-09,912.3989464749993,90.87601053525
2025-08-10,913.8975925749993,90.86102407425
2025-08-11,914.3434836499993,90.85656516350001
2025-08-12,905.9720114499993,90.9402798855
2025-08-13,897.2343090249993,91.02765690975
2025-08-14,897.2343090249993,91.02765690975
2025-08-15,889.3736587499993,91.10626341250001
2025-08-16,881.7894562499994,91.18210543750001
2025-08-17,881.1673193999994,91.188326806
2025-08-18,878.0815074249995,91.21918492575001
2025-08-19,875.2698342999995,91.24730165700001
2025-08-20,871.6359082499995,91.2836409175
2025-08-21,864.9802865249995,91.35019713475
2025-08-22,857.5672706249995,91.42432729375001
2025-08-23,857.5672706249995,91.42432729375001
2025-08-24,852.7810357249996,91.47218964275
2025-08-25,844.5008340749996,91.55499165925
2025-08-26,836.2363869749996,91.63763613025002
2025-08-27,829.3003609249996,91.70699639075
2025-08-28,832.0056196249996,91.67994380375
2025-08-29,827.8532798249995,91.72146720175
2025-08-30,825.5059856249995,91.74494014375001
2025-08-31,821.7059081249995,91.78294091875001
2025-09-01,813.1449365249995,91.86855063475001
2025-09-02,802.8747578999995,91.971252421
2025-09-03,800.9853978499995,91.99014602150001
2025-09-04,799.0241758749995,92.00975824125001
2025-09-05,790.7197486499995,92.0928025135
2025-09-06,787.5145608499995,92.12485439150001
2025-09-07,781.1663022999995,92.18833697699999
2025-09-08,774.2213969249996,92.25778603075001
2025-09-09,773.5867155749995,92.26413284425
2025-09-10,774.0000554249996,92.25999944575
2025-09-11,767.6912298999996,92.323087701
2025-09-12,764.0543702499996,92.3594562975
2025-09-13,757.7208271249996,92.42279172875
2025-09-14,754.5279929999996,92.45472007000001
2025-09-15,760.6208459999996,92.39379154000001
2025-09-16,757.6277568749996,92.42372243125001
2025-09-17,750.2976672749996,92.49702332725
2025-09-18,747.0388674999996,92.529611325
2025-09-19,742.2422774499996,92.57757722550001
2025-09-20,739.0422398249996,92.60957760175
2025-09-21,735.2985435749996,92.64701456425001
2025-09-22,733.4065779749995,92.66593422025
2025-09-23,731.0351592499995,92.6896484075
2025-09-24,728.2578520499995,92.7174214795
2025-09-25,722.4983309499995,92.7750166905
2025-09-26,715.4892444499995,92.8451075555
2025-09-27,710.1069121999996,92.898930878
2025-09-28,704.8232001999995,92.95176799800001
2025-09-29,702.7740350999995,92.97225964900001
2025-09-30,699.9297270999996,93.00070272900001
2025-10-01,693.9703786749996,93.06029621325
2025-10-02,690.9359702999996,93.09064029700001
2025-10-03,687.4901692499996,93.12509830750001
2025-10-04,684.2905266499996,93.1570947335
2025-10-05,683.8663818499996,93.1613361815
2025-10-06,676.0227008499996,93.23977299149999
2025-10-07,674.0451506499996,93.2595484935
2025-10-08,666.8128560999996,93.331871439
2025-10-09,667.3758236499997,93.32624176350001
2025-10-10,664.2422286999997,93.35757771300001
2025-10-11,656.2411762999997,93.437588237
2025-10-12,653.0803046249997,93.46919695375
2025-10-13,645.2481684249997,93.54751831575
2025-10-14,637.4426340999996,93.62557365900001
2025-10-15,632.4995242999996,93.675004757
2025-10-16,628.8558548999996,93.71144145100001
2025-10-17,622.0061072749996,93.77993892725
2025-10-18,619.8517447749996,93.80148255225001
2025-10-19,618.1740024999996,93.81825997499999
2025-10-20,624.4773907499996,93.7552260925
2025-10-21,629.9381938999995,93.700618061
2025-10-22,623.8843293499996,93.7611567065
2025-10-23,625.6494779749996,93.74350522025001
2025-10-24,622.9165029749996,93.77083497025
2025-10-25,619.3572712499996,93.8064272875
2025-10-26,619.4480404999996,93.805519595
2025-10-27,623.8337136499996,93.7616628635
2025-10-28,617.6508648499996,93.8234913515
2025-10-29,615.6045186499996,93.8439548135
2025-10-30,608.5844514749996,93.91415548525002
2025-10-31,602.6014059499996,93.9739859405
2025-11-01,598.9556539999996,94.01044346
2025-11-02,597.6052892999996,94.02394710700001
2025-11-03,595.1189482999996,94.048810517
2025-11-04,589.2146293249996,94.10785370675
2025-11-05,589.1285019999996,94.10871498
2025-11-06,583.6570195999996,94.163429804
2025-11-07,583.0313103499996,94.16968689650001
2025-11-08,579.4920025499996,94.20507997450001
2025-11-09,573.5934063499996,94.2640659365
2025-11-10,567.2317014499996,94.32768298549999
2025-11-11,570.1550303999996,94.298449696
2025-11-12,565.5412061499997,94.34458793850001
2025-11-13,567.8096888999996,94.32190311100001
2025-11-14,565.0019840999996,94.349980159
2025-11-15,561.6347534999996,94.383652465
2025-11-16,556.4796873999996,94.435203126
2025-11-19,549.8683518999997,94.501316481
2025-11-20,550.2163471749997,94.49783652825002
2025-11-21,542.1153176749997,94.57884682325
2025-11-22,540.5387976749997,94.59461202325001
2025-11-23,533.2719145499997,94.6672808545
2025-11-24,538.1570505499997,94.6184294945
2025-11-25,533.9402280499996,94.6605977195
2025-11-26,527.3907435499997,94.7260925645
2025-11-27,526.4580397999997,94.73541960200001
2025-11-28,524.7821617249997,94.75217838275
2025-11-29,519.4438837249998,94.80556116275
2025-11-30,514.9980769249997,94.85001923075001
2025-12-01,518.1371037249997,94.81862896275001
2025-12-02,512.3776873999998,94.876223126
2025-12-03,511.4000813249998,94.88599918675
2025-12-04,510.9743223749998,94.89025677625
2025-12-05,508.6765062499998,94.91323493750001
2025-12-06,504.08558424999984,94.95914415749999
2025-12-07,501.72871694999986,94.9827128305
2025-12-08,506.96326219999986,94.93036737800001
2025-12-09,507.0483042499999,94.9295169575
2025-12-10,502.17558724999986,94.9782441275
2025-12-11,495.36850192499986,95.04631498075
2025-12-12,489.6081918749999,95.10391808125
2025-12-13,487.2453753249999,95.12754624675
2025-12-14,485.5952839249999,95.14404716075
2025-12-15,485.3487829749999,95.14651217025
2025-12-16,482.3770232999999,95.17622976700001
2025-12-17,476.3154559499999,95.2368454405
2025-12-18,474.1359664249999,95.25864033575002
2025-12-19,473.8676744249999,95.26132325575
2025-12-20,471.3347116749999,95.28665288325001
2025-12-21,465.88419004999986,95.3411580995
2025-12-22,460.7701537249999,95.39229846275
2025-12-23,458.5295829249999,95.41470417075001
2025-12-24,454.2208720249999,95.45779127975
2025-12-25,452.0030566999999,95.479969433
2025-12-26,450.2486641999999,95.49751335799999
2025-12-27,446.8231612249999,95.53176838774999
2025-12-28,442.7133124749999,95.57286687525
2025-12-29,445.9247522249999,95.54075247774999
2025-12-30,444.8730384999999,95.551269615
2025-12-31,445.26367349999987,95.547363265
2026-01-01,441.73030849999986,95.582696915
2026-01-02,437.3464989999999,95.62653501
2026-01-03,433.6033353999999,95.663966646
2026-01-04,431.7956272749999,95.68204372725
2026-01-05,430.2056786749999,95.69794321325
2026-01-06,430.15316367499986,95.69846836325
2026-01-07,428.96483992499986,95.71035160075
2026-01-08,423.9075101249999,95.76092489875
2026-01-09,422.00190492499985,95.77998095075
2026-01-10,418.96609352499985,95.81033906475001
2026-01-11,417.53949322499983,95.82460506775
2026-01-12,416.8297946999998,95.83170205300001
2026-01-13,416.7054574499998,95.8329454255
2026-01-14,415.8016146499998,95.8419838535
2026-01-15,413.1976313999998,95.86802368599999
2026-01-16,409.1891181749998,95.90810881825
2026-01-17,409.77942607499983,95.90220573925001
2026-01-18,406.57711057499984,95.93422889425001
2026-01-19,405.35410672499984,95.94645893274999
2026-01-20,405.35410672499984,95.94645893274999
2026-01-21,405.22341329999983,95.947765867
2026-01-22,401.63423759999984,95.983657624
2026-01-23,403.12280439999984,95.968771956
2026-01-24,400.96043649999984,95.990395635
2026-01-25,399.9893597999998,96.000106402
2026-01-26,398.54547119999984,96.01454528800001
2026-01-27,394.18536819999986,96.058146318
2026-01-28,389.8936894999999,96.101063105
2026-01-29,389.8936894999999,96.101063105
2026-01-30,384.8324181749999,96.15167581825
2026-01-31,384.8324181749999,96.15167581825
2026-02-01,380.53747657499986,96.19462523425
2026-02-02,382.94789397499983,96.17052106025
2026-02-03,381.3748667749998,96.18625133225
2026-02-04,379.9398564499998,96.20060143549999
2026-02-05,378.0670596499998,96.2193294035
2026-02-06,376.9412652999998,96.230587347
2026-02-07,375.82616357499984,96.24173836425
2026-02-08,372.32986147499986,96.27670138524999
2026-02-09,368.9931049749999,96.31006895025
2026-02-10,368.6809008749999,96.31319099125
2026-02-11,366.8638593749999,96.33136140625
2026-02-12,368.2977249749999,96.31702275025
2026-02-13,364.43560559999986,96.35564394400001
2026-02-14,363.16110119999985,96.368388988
2026-02-15,364.5739438749998,96.35426056124999
2026-02-16,363.61737137499983,96.36382628625
2026-02-17,358.61187852499984,96.41388121474999
2026-02-18,354.7485591999998,96.45251440800001
2026-02-19,350.9705498999998,96.49029450100001
2026-02-20,349.99285662499983,96.50007143375
2026-02-21,349.5087085249998,96.50491291475001
2026-02-22,346.4592751499998,96.5354072485
2026-02-23,344.05160049999984,96.55948399500001
2026-02-24,340.8964837249998,96.59103516274999
2026-02-25,335.9093538999998,96.640906461
2026-02-26,334.2392317499998,96.6576076825
2026-02-27,337.0676636499998,96.6293233635
2026-02-28,332.7528258499998,96.6724717415
2026-03-01,331.1158018249998,96.68884198175
2026-03-02,330.7762930749998,96.69223706925001
2026-03-03,327.7003042249998,96.72299695775
2026-03-04,327.19315042499977,96.72806849575
2026-03-05,324.0730055749998,96.75926994425001
2026-03-06,321.6220873249998,96.78377912674999
2026-03-07,320.2844360749998,96.79715563925
2026-03-08,319.4098459749998,96.80590154024999
2026-03-09,318.44033334999983,96.8155966665
2026-03-10,320.75929944999984,96.7924070055
2026-03-11,319.79502797499987,96.80204972025
2026-03-12,317.8604910499999,96.8213950895
2026-03-13,314.7549483499999,96.85245051649999
2026-03-14,313.9230524499999,96.86076947549999
2026-03-15,311.7786338499999,96.8822136615
2026-03-16,307.4796201249999,96.92520379875
2026-03-17,306.7022601999999,96.93297739799999
2026-03-18,303.3240653249999,96.96675934675001
2026-03-19,299.65990807499986,97.00340091925
2026-03-21,297.22432177499985,97.02775678225
2026-03-22,295.75012527499985,97.04249874725
2026-03-23,292.27150619999986,97.07728493799999
2026-03-24,291.39761779999986,97.08602382200002
2026-03-25,292.3917394499999,97.07608260549999
2026-03-26,291.59461944999987,97.0840538055
2026-03-27,288.22877312499986,97.11771226875
2026-03-28,285.42753704999984,97.1457246295
2026-03-29,284.41858679999984,97.15581413199999
2026-03-30,284.06421389999986,97.159357861
2026-03-31,284.7791095499999,97.1522089045
2026-04-01,283.22143754999985,97.1677856245
2026-04-02,282.17236154999983,97.17827638450001
2026-04-03,279.5828147999998,97.204171852
2026-04-04,277.4532450749998,97.22546754925001
2026-04-05,275.2915795249998,97.24708420475001
2026-04-06,274.7327348749998,97.25267265125
2026-04-07,271.8025771249998,97.28197422875
2026-04-08,270.8434233499998,97.29156576650001
2026-04-09,268.2907508999998,97.317092491
2026-04-10,266.5068867749998,97.33493113225
2026-04-11,264.1955688749998,97.35804431125
2026-04-12,263.40156277499983,97.36598437225
2026-04-13,262.2515168749998,97.37748483125
2026-04-14,261.2744463749998,97.38725553625
2026-04-15,260.0712530749998,97.39928746925
2026-04-16,260.4265046249998,97.39573495375001
2026-04-17,259.2302341749998,97.40769765825
2026-04-18,257.7111105249998,97.42288889474999
2026-04-19,255.4574695749998,97.44542530425
2026-04-20,254.8289127999998,97.451710872
2026-04-21,253.93986227499983,97.46060137725
2026-04-22,254.30155317499984,97.45698446825
2026-04-23,251.49973797499985,97.48500262025
2026-04-24,249.95936114999984,97.5004063885
2026-04-25,249.09577874999982,97.5090422125
2026-04-26,250.95942114999983,97.49040578849998
2026-04-27,250.54739007499984,97.49452609925
2026-04-28,249.05341327499983,97.50946586725
2026-04-29,249.06381967499982,97.50936180324999
2026-04-30,249.65630367499983,97.50343696325
2026-05-01,248.73322207499984,97.51266777925001
2026-05-02,246.89489417499985,97.53105105825
2026-05-03,245.80334852499985,97.54196651475
2026-05-04,245.65399587499985,97.54346004125
2026-05-05,247.94336937499986,97.52056630625
2026-05-06,247.86006162499987,97.52139938375
2026-05-07,246.84063312499987,97.53159366874999
2026-05-08,247.30873962499987,97.52691260375
2026-05-09,248.35394262499986,97.51646057375001
2026-05-10,246.48352437499986,97.53516475625
2026-05-12,245.22794562499985,97.54772054375
2026-05-13,245.82362787499986,97.54176372125
2026-05-14,244.89663987499986,97.55103360125
2026-05-15,244.24468362499985,97.55755316375
2026-05-16,242.84595312499985,97.57154046875
2026-05-17,241.83318122499986,97.58166818775
2026-05-18,239.16469122499987,97.60835308775
2026-05-19,237.78846482499986,97.62211535175
2026-05-20,235.62610307499986,97.64373896925001
2026-05-21,234.72784982499985,97.65272150175001
2026-05-22,233.35689332499985,97.66643106675002
2026-05-23,233.21955107499986,97.66780448924999
2026-05-24,231.16900439999986,97.688309956
2026-05-25,229.36948217499986,97.70630517825
2026-05-26,228.95497502499987,97.71045024975
2026-05-27,226.66878702499986,97.73331212974999
2026-05-28,226.16679027499987,97.73833209725001
2026-05-29,223.81513302499988,97.76184866975
2026-05-30,222.83425902499988,97.77165740975
2026-05-31,221.2082291249999,97.78791770875
2026-06-01,219.42432529999988,97.80575674699999
2026-06-02,217.11387379999988,97.828861262
2026-06-03,216.04687389999987,97.83953126099999
2026-06-04,212.91859079999986,97.870814092
2026-06-05,209.81470054999986,97.9018529945
2026-06-06,206.96980669999985,97.93030193300001
2026-06-07,206.04275402499985,97.93957245975
2026-06-08,207.25333167499986,97.92746668325
2026-06-09,204.83797097499985,97.95162029024999
2026-06-10,202.51646469999986,97.974835353
2026-06-11,205.06613669999984,97.94933863300001
2026-06-12,202.33673704999984,97.9766326295
2026-06-13,202.36029549999984,97.976397045
2026-06-14,201.93892307499985,97.98061076924999
2026-06-15,203.01549692499984,97.96984503075001
2026-06-16,200.55409292499985,97.99445907075
2026-06-17,199.50003772499986,98.00499962275
2026-06-18,197.51642272499987,98.02483577275
2026-06-19,195.70556314999988,98.0429443685
2026-06-20,194.63899379999987,98.053610062
2026-06-21,193.96637729999986,98.06033622700001
2026-06-22,195.70347749999985,98.04296522500002
2026-06-23,194.46943349999984,98.05530566499999
2026-06-25,194.99069927499983,98.05009300725
2026-06-26,195.71146767499982,98.04288532324999
2026-06-27,194.81669087499984,98.05183309125
2026-06-28,195.54481807499982,98.04455181925002
2026-06-29,195.6494353249998,98.04350564674999
2026-06-30,195.6494353249998,98.04350564674999
2026-07-01,193.6523098999998,98.06347690099999
2026-07-02,192.8598289749998,98.07140171025
2026-07-03,190.7137849999998,98.09286215
2026-07-04,188.7035403749998,98.11296459625001
2026-07-05,189.6443391749998,98.10355660825
2026-07-06,189.3162555749998,98.10683744424999
2026-07-07,186.9527403749998,98.13047259625
2026-07-08,186.5444515499998,98.1345554845
2026-07-09,185.1234805749998,98.14876519425
2026-07-10,184.9989376249998,98.15001062375
2026-07-11,183.4869565249998,98.16513043475
2026-07-12,181.5787348249998,98.18421265175
2026-07-13,181.5787348249998,98.18421265175
2026-07-14,179.8606954249998,98.20139304575001
2026-07-15,177.9741379749998,98.22025862025001
2026-07-16,176.1014267499998,98.23898573250001
2026-07-17,177.02973872499982,98.22970261275
2026-07-18,175.6909113249998,98.24309088675
2026-07-19,175.5095394999998,98.244904605
2026-07-20,174.86698944999978,98.2513301055
2026-07-21,174.28511984999977,98.25714880150001
2026-07-22,173.01458629999976,98.269854137
2026-07-23,172.55124224999977,98.2744875775
2026-07-24,171.48554579999978,98.285144542
2026-07-25,170.20705364999978,98.2979294635
2026-07-26,169.4113554999998,98.305886445
