symbol,expiry,strike,kind,side,quantity,lot_size,entry,entry_fee,entry_ts,exit,exit_ts,gross_pnl,exit_fee,reason,cycle,net_pnl
NSE:NIFTY2671424650CE,2026-07-14,24650.0,CE,1,1885,65,10.55,34.68,2026-07-09T09:30:00+05:30,12.5,2026-07-09T10:42:20.800000+05:30,3675.7499999999986,71.34,thirty_percent_stop,1,3569.7299999999987
NSE:NIFTY2671424450CE,2026-07-14,24450.0,CE,-1,1885,65,26.7,125.59,2026-07-09T09:30:00+05:30,34.8,2026-07-09T10:42:20.800000+05:30,-15268.499999999996,60.12,thirty_percent_stop,1,-15454.209999999997
NSE:NIFTY2671423350PE,2026-07-14,23350.0,PE,1,1885,65,14.3,38.62,2026-07-09T09:30:00+05:30,14.95,2026-07-09T15:07:29.341645+05:30,1225.2499999999973,80.71,capital_stop,1,1105.9199999999973
NSE:NIFTY2671423550PE,2026-07-14,23550.0,PE,-1,1885,65,27.25,127.7,2026-07-09T09:30:00+05:30,32.25,2026-07-09T15:07:29.341645+05:30,-9425.0,57.43,capital_stop,1,-9610.130000000001
NSE:NIFTY2672123450PE,2026-07-21,23450.0,PE,1,1885,65,13.8,38.08,2026-07-15T09:30:00+05:30,16.15,2026-07-15T12:55:37.031056+05:30,4429.749999999996,85.3,thirty_percent_stop,2,4306.369999999996
NSE:NIFTY2672123650PE,2026-07-21,23650.0,PE,-1,1885,65,26.85,126.18,2026-07-15T09:30:00+05:30,35.0,2026-07-15T12:55:37.031056+05:30,-15362.749999999998,60.33,thirty_percent_stop,2,-15549.259999999998
NSE:NIFTY2672124800CE,2026-07-21,24800.0,CE,1,1885,65,10.5,34.61,2026-07-15T09:30:00+05:30,7.9,2026-07-17T14:16:27.565908+05:30,-4900.999999999999,53.78,capital_stop,2,-4989.3899999999985
NSE:NIFTY2672124600CE,2026-07-21,24600.0,CE,-1,1885,65,28.3,131.71,2026-07-15T09:30:00+05:30,30.4,2026-07-17T14:16:27.565908+05:30,-3958.499999999996,55.5,capital_stop,2,-4145.7099999999955
NSE:NIFTY26JUL23350PE,2026-07-28,23350.0,PE,1,1885,65,12.95,37.18,2026-07-23T09:30:00+05:30,15.4,2026-07-23T12:44:36.476190+05:30,4618.250000000002,82.42,thirty_percent_stop,3,4498.6500000000015
NSE:NIFTY26JUL23550PE,2026-07-28,23550.0,PE,-1,1885,65,29.6,136.67,2026-07-23T09:30:00+05:30,38.55,2026-07-23T12:44:36.476190+05:30,-16870.749999999993,64.05,thirty_percent_stop,3,-17071.46999999999
NSE:NIFTY26JUL24500CE,2026-07-28,24500.0,CE,1,1885,65,10.95,35.09,2026-07-23T09:30:00+05:30,0.05,2026-07-28T15:20:00+05:30,-20546.499999999996,23.79,expiry_squareoff,3,-20605.379999999997
NSE:NIFTY26JUL24300CE,2026-07-28,24300.0,CE,-1,1885,65,27.25,127.7,2026-07-23T09:30:00+05:30,0.1,2026-07-28T15:20:00+05:30,51177.75,23.72,expiry_squareoff,3,51026.33
NSE:NIFTY2680424700CE,2026-08-04,24700.0,CE,1,1885,65,8.65,32.68,2026-07-29T09:30:00+05:30,10.25,2026-07-29T13:10:34.272727+05:30,3015.9999999999995,62.75,thirty_percent_stop,4,2920.5699999999997
NSE:NIFTY2680424500CE,2026-08-04,24500.0,CE,-1,1885,65,29.8,137.45,2026-07-29T09:30:00+05:30,38.8,2026-07-29T13:10:34.272727+05:30,-16964.999999999993,64.31,thirty_percent_stop,4,-17166.759999999995
NSE:NIFTY2680423550PE,2026-08-04,23550.0,PE,1,1885,65,11.8,35.98,2026-07-29T09:30:00+05:30,0.05,2026-08-04T15:20:00+05:30,-22148.75,23.79,expiry_squareoff,4,-22208.52
NSE:NIFTY2680423750PE,2026-08-04,23750.0,PE,-1,1885,65,25.6,121.4,2026-07-29T09:30:00+05:30,0.1,2026-08-04T15:20:00+05:30,48067.5,23.72,expiry_squareoff,4,47922.38
NSE:NIFTY2681124050PE,2026-08-11,24050.0,PE,1,1820,65,11.8,35.55,2026-08-05T09:30:00+05:30,14.8,2026-08-05T10:28:31.911111+05:30,5460.0,78.18,thirty_percent_stop,5,5346.2699999999995
NSE:NIFTY2681124250PE,2026-08-11,24250.0,PE,-1,1820,65,25.3,116.92,2026-08-05T09:30:00+05:30,32.95,2026-08-05T10:28:31.911111+05:30,-13923.000000000004,56.99,thirty_percent_stop,5,-14096.910000000003
NSE:NIFTY2681125200CE,2026-08-11,25200.0,CE,1,1820,65,9.15,32.88,2026-08-05T09:30:00+05:30,12.4,2026-08-05T11:03:39+05:30,5915.0,69.33,thirty_percent_stop,5,5812.79
NSE:NIFTY2681125000CE,2026-08-11,25000.0,CE,-1,1820,65,27.05,123.37,2026-08-05T09:30:00+05:30,35.25,2026-08-05T11:03:39+05:30,-14923.999999999998,59.29,thirty_percent_stop,5,-15106.66
NSE:NIFTY2681124100PE,2026-08-11,24100.0,PE,1,1820,65,11.95,35.71,2026-08-06T09:30:00+05:30,12.3,2026-08-07T10:29:39.040000+05:30,637.0000000000026,68.96,thirty_percent_stop,6,532.3300000000025
NSE:NIFTY2681124300PE,2026-08-11,24300.0,PE,-1,1820,65,26.8,122.45,2026-08-06T09:30:00+05:30,34.9,2026-08-07T10:29:39.040000+05:30,-14741.999999999996,58.96,thirty_percent_stop,6,-14923.409999999996
NSE:NIFTY2681125200CE,2026-08-11,25200.0,CE,1,1820,65,9.9,33.63,2026-08-06T09:30:00+05:30,0.05,2026-08-11T15:20:00+05:30,-17927.0,23.79,expiry_squareoff,6,-17984.420000000002
NSE:NIFTY2681125000CE,2026-08-11,25000.0,CE,-1,1820,65,28.3,127.99,2026-08-06T09:30:00+05:30,0.2,2026-08-11T15:20:00+05:30,51142.0,23.8,expiry_squareoff,6,50990.21
NSE:NIFTY2681824850CE,2026-08-18,24850.0,CE,1,1885,65,7.55,31.52,2026-08-13T09:30:00+05:30,8.65,2026-08-13T12:00:23.686047+05:30,2073.500000000001,56.65,thirty_percent_stop,7,1985.3300000000008
NSE:NIFTY2681824650CE,2026-08-18,24650.0,CE,-1,1885,65,26.45,124.65,2026-08-13T09:30:00+05:30,34.45,2026-08-13T12:00:23.686047+05:30,-15080.000000000007,59.74,thirty_percent_stop,7,-15264.390000000007
NSE:NIFTY2681823900PE,2026-08-18,23900.0,PE,1,1885,65,9.55,33.63,2026-08-13T09:30:00+05:30,0.05,2026-08-18T15:20:00+05:30,-17907.5,23.79,expiry_squareoff,7,-17964.920000000002
NSE:NIFTY2681824100PE,2026-08-18,24100.0,PE,-1,1885,65,28.3,131.71,2026-08-13T09:30:00+05:30,1.35,2026-08-18T15:20:00+05:30,50800.75,25.01,expiry_squareoff,7,50644.03
NSE:NIFTY26AUG24650CE,2026-08-25,24650.0,CE,1,1885,65,9.7,33.79,2026-08-19T09:30:00+05:30,13.3,2026-08-20T09:15:32.875000+05:30,6786.000000000003,74.42,thirty_percent_stop,8,6677.790000000003
NSE:NIFTY26AUG24450CE,2026-08-25,24450.0,CE,-1,1885,65,27.25,127.7,2026-08-19T09:30:00+05:30,35.5,2026-08-20T09:15:32.875000+05:30,-15551.25,60.86,thirty_percent_stop,8,-15739.810000000001
NSE:NIFTY26AUG23600PE,2026-08-25,23600.0,PE,1,1885,65,11.25,35.4,2026-08-19T09:30:00+05:30,0.05,2026-08-25T15:20:00+05:30,-21112.0,23.79,expiry_squareoff,8,-21171.190000000002
NSE:NIFTY26AUG23800PE,2026-08-25,23800.0,PE,-1,1885,65,28.0,130.56,2026-08-19T09:30:00+05:30,0.2,2026-08-25T15:20:00+05:30,52403.0,23.8,expiry_squareoff,8,52248.64
NSE:NIFTY2690824450CE,2026-09-08,24450.0,CE,1,1885,65,9.4,33.46,2026-09-02T09:30:00+05:30,10.9,2026-09-02T14:33:35.709091+05:30,2827.5,65.24,thirty_percent_stop,9,2728.8
NSE:NIFTY2690824250CE,2026-09-08,24250.0,CE,-1,1885,65,25.7,121.78,2026-09-02T09:30:00+05:30,33.5,2026-09-02T14:33:35.709091+05:30,-14703.000000000002,58.74,thirty_percent_stop,9,-14883.520000000002
NSE:NIFTY2690823250PE,2026-09-08,23250.0,PE,1,1885,65,12.4,36.6,2026-09-02T09:30:00+05:30,0.45,2026-09-08T15:20:00+05:30,-22525.750000000004,25.32,expiry_squareoff,9,-22587.670000000002
NSE:NIFTY2690823450PE,2026-09-08,23450.0,PE,-1,1885,65,26.3,124.06,2026-09-02T09:30:00+05:30,1.3,2026-09-08T15:20:00+05:30,47125.0,24.96,expiry_squareoff,9,46975.98
NSE:NIFTY2691523000PE,2026-09-15,23000.0,PE,1,1885,65,13.5,37.76,2026-09-09T09:30:00+05:30,17.2,2026-09-09T15:33:38.176471+05:30,6974.499999999999,89.3,thirty_percent_stop,10,6847.439999999999
NSE:NIFTY2691523200PE,2026-09-15,23200.0,PE,-1,1885,65,29.3,135.54,2026-09-09T09:30:00+05:30,38.15,2026-09-09T15:33:38.176471+05:30,-16682.249999999996,63.63,thirty_percent_stop,10,-16881.42
NSE:NIFTY2691524100CE,2026-09-15,24100.0,CE,1,1885,65,9.65,33.73,2026-09-09T09:30:00+05:30,0.2,2026-09-15T15:20:00+05:30,-17813.250000000004,24.36,expiry_squareoff,10,-17871.340000000004
NSE:NIFTY2691523900CE,2026-09-15,23900.0,CE,-1,1885,65,26.0,122.93,2026-09-09T09:30:00+05:30,0.3,2026-09-15T15:20:00+05:30,48444.5,23.92,expiry_squareoff,10,48297.65
NSE:NIFTY2692222450PE,2026-09-22,22450.0,PE,1,1950,65,14.25,39.06,2026-09-16T09:30:00+05:30,18.75,2026-09-16T09:44:34.433333+05:30,8775.0,97.7,thirty_percent_stop,11,8638.24
NSE:NIFTY2692222650PE,2026-09-22,22650.0,PE,-1,1950,65,26.05,126.55,2026-09-16T09:30:00+05:30,33.95,2026-09-16T09:44:34.433333+05:30,-15405.000000000004,60.46,thirty_percent_stop,11,-15592.010000000002
NSE:NIFTY2692223850CE,2026-09-22,23850.0,CE,1,1950,65,10.25,34.73,2026-09-16T09:30:00+05:30,11.95,2026-09-16T13:09:38.127660+05:30,3314.9999999999986,70.82,thirty_percent_stop,11,3209.4499999999985
NSE:NIFTY2692223650CE,2026-09-22,23650.0,CE,-1,1950,65,27.2,131.09,2026-09-16T09:30:00+05:30,35.45,2026-09-16T13:09:38.127660+05:30,-16087.500000000007,62.07,thirty_percent_stop,11,-16280.660000000007
NSE:NIFTY2692223750CE,2026-09-22,23750.0,CE,1,1950,65,6.5,30.65,2026-09-18T09:30:00+05:30,0.25,2026-09-22T15:20:00+05:30,-12187.5,24.58,expiry_squareoff,12,-12242.73
NSE:NIFTY2692222800PE,2026-09-22,22800.0,PE,1,1950,65,10.4,34.9,2026-09-18T09:30:00+05:30,0.2,2026-09-22T15:20:00+05:30,-19890.000000000004,24.4,expiry_squareoff,12,-19949.300000000007
NSE:NIFTY2692223550CE,2026-09-22,23550.0,CE,-1,1950,65,26.8,129.51,2026-09-18T09:30:00+05:30,0.85,2026-09-22T15:20:00+05:30,50602.5,24.52,expiry_squareoff,12,50448.47
NSE:NIFTY2692223000PE,2026-09-22,23000.0,PE,-1,1950,65,26.05,126.55,2026-09-18T09:30:00+05:30,0.5,2026-09-22T15:20:00+05:30,49822.5,24.15,expiry_squareoff,12,49671.799999999996
NSE:NIFTY26SEP23850CE,2026-09-29,23850.0,CE,1,1950,65,9.0,33.38,2026-09-23T09:30:00+05:30,10.35,2026-09-23T11:07:38.580645+05:30,2632.499999999999,64.5,thirty_percent_stop,13,2534.619999999999
NSE:NIFTY26SEP23650CE,2026-09-29,23650.0,CE,-1,1950,65,29.8,141.38,2026-09-23T09:30:00+05:30,38.8,2026-09-23T11:07:38.580645+05:30,-17549.999999999993,65.72,thirty_percent_stop,13,-17757.099999999995
NSE:NIFTY26SEP22850PE,2026-09-29,22850.0,PE,1,1950,65,11.65,36.23,2026-09-23T09:30:00+05:30,28.2,2026-09-24T09:15:00+05:30,32272.499999999993,135.05,thirty_percent_stop,13,32101.219999999994
NSE:NIFTY26SEP23050PE,2026-09-29,23050.0,PE,-1,1950,65,26.85,129.71,2026-09-23T09:30:00+05:30,35.05,2026-09-24T09:15:00+05:30,-15989.99999999999,61.64,thirty_percent_stop,13,-16181.34999999999
NSE:NIFTY26SEP22650PE,2026-09-29,22650.0,PE,1,1950,65,11.9,36.51,2026-09-25T09:30:00+05:30,14.7,2026-09-25T09:38:39.244444+05:30,5459.999999999998,81.69,thirty_percent_stop,14,5341.799999999998
NSE:NIFTY26SEP22850PE,2026-09-29,22850.0,PE,-1,1950,65,26.55,128.52,2026-09-25T09:30:00+05:30,34.6,2026-09-25T09:38:39.244444+05:30,-15697.500000000002,61.15,thirty_percent_stop,14,-15887.170000000002
NSE:NIFTY26SEP23600CE,2026-09-29,23600.0,CE,1,1950,65,8.4,32.72,2026-09-25T09:30:00+05:30,10.4,2026-09-25T14:03:32.438675+05:30,3900.0,64.71,capital_stop,14,3802.57
NSE:NIFTY26SEP23400CE,2026-09-29,23400.0,CE,-1,1950,65,27.85,133.66,2026-09-25T09:30:00+05:30,34.75,2026-09-25T14:03:32.438675+05:30,-13454.999999999996,61.32,capital_stop,14,-13649.979999999996
NSE:NIFTY26O0622100PE,2026-10-06,22100.0,PE,1,1950,65,13.8,38.58,2026-09-30T09:30:00+05:30,16.65,2026-09-30T14:30:36.723404+05:30,5557.499999999995,89.4,thirty_percent_stop,15,5429.519999999996
NSE:NIFTY26O0622300PE,2026-10-06,22300.0,PE,-1,1950,65,28.1,134.64,2026-09-30T09:30:00+05:30,36.6,2026-09-30T14:30:36.723404+05:30,-16575.0,63.32,thirty_percent_stop,15,-16772.96
NSE:NIFTY26O0623350CE,2026-10-06,23350.0,CE,1,1950,65,10.9,35.43,2026-09-30T09:30:00+05:30,0.05,2026-10-06T15:20:00+05:30,-21157.5,23.8,expiry_squareoff,15,-21216.73
NSE:NIFTY26O0623150CE,2026-10-06,23150.0,CE,-1,1950,65,28.8,137.41,2026-09-30T09:30:00+05:30,0.2,2026-10-06T15:20:00+05:30,55770.0,23.82,expiry_squareoff,15,55608.77
NSE:NIFTY26O1323250CE,2026-10-13,23250.0,CE,1,1950,65,9.75,34.19,2026-10-07T09:30:00+05:30,11.7,2026-10-07T10:21:39.074627+05:30,3802.4999999999986,69.83,thirty_percent_stop,16,3698.4799999999987
NSE:NIFTY26O1323050CE,2026-10-13,23050.0,CE,-1,1950,65,25.15,122.98,2026-10-07T09:30:00+05:30,32.75,2026-10-07T10:21:39.074627+05:30,-14820.000000000004,59.15,thirty_percent_stop,16,-15002.130000000003
