symbol,path,signal_ts,entry_ts,exit_ts,entry,exit,quantity,stop,target,gross_pnl,fees,net_pnl,reason,entry_order,exit_order,entry_order_state,exit_order_state,trail_armed_at,entry_order_latency_us,exit_order_latency_us
DCMSHRIRAM,OLHC,1790840100,1790840520.0,1790841139.9996667,901.5,896.1,11,896.6,916.2,-59.39999999999975,9.8868,-69.28679999999974,STOP,,,,,,,
DCMSHRIRAM,OLHC,1790844300,1790844812.4994583,1790847000.0,900.6,903.8000000000001,11,896.9000000000001,911.7,35.2000000000005,9.9242,25.2758000000005,SQUARE_OFF,,,,,,,
DCMSHRIRAM,OHLC,1790840100,1790840520.0,1790841159.9993334,901.5,896.1,11,896.6,916.2,-59.39999999999975,9.8868,-69.28679999999974,STOP,,,,,,,
DCMSHRIRAM,OHLC,1790844300,1790844789.9998333,1790847000.0,900.6500000000001,903.8000000000001,11,896.9000000000001,911.9000000000001,34.64999999999975,9.924475000000003,24.72552499999975,SQUARE_OFF,,,,,,,
IDEAFORGE,OLHC,1790829600,1790830117.499375,1790833999.9996667,742.6,746.6,13,735.2,764.8000000000001,52.0,9.679800000000002,42.3202,BB_MIDDLE,,,,,1790831259.9993334,,
IDEAFORGE,OHLC,1790829600,1790830097.4997084,1790834019.9993334,742.6500000000001,746.6,13,735.2,765.0,51.34999999999911,9.680125,41.66987499999911,BB_MIDDLE,,,,,1790831354.99975,,
KOTAKBANK,OLHC,1790827800,1790828199.9993334,1790832917.4997084,432.75,427.1,23,427.35,448.95000000000005,-129.94999999999948,9.888275,-139.83827499999947,STOP,,,,,,,
KOTAKBANK,OHLC,1790827800,1790828179.9996667,1790832937.499375,432.75,427.1,23,427.35,448.95000000000005,-129.94999999999948,9.888275,-139.83827499999947,STOP,,,,,,,
SYMBIOTEC,OLHC,1790832300,1790832757.499375,1790836984.9999166,1227.2,1208.1000000000001,8,1208.8,1282.4,-152.79999999999927,9.741200000000001,-162.54119999999926,STOP,,,,,,,
SYMBIOTEC,OHLC,1790832300,1790832737.4997084,1790837007.4995418,1227.2,1207.8,8,1208.8,1282.4,-155.20000000000073,9.74,-164.94000000000074,STOP,,,,,,,
TECHM,OLHC,1790829600,1790829934.9994166,1790832660.0,1546.4,1537.5,6,1538.3000000000002,1570.7,-53.400000000000546,9.251700000000001,-62.651700000000545,STOP,,,,,,,
TECHM,OHLC,1790829600,1790829914.99975,1790832660.0,1546.4,1537.5,6,1538.3000000000002,1570.7,-53.400000000000546,9.251700000000001,-62.651700000000545,STOP,,,,,,,
YESBANK,OLHC,1790830800,1790831160.0,1790831659.9996667,21.19,21.02,471,21.04,21.64,-80.0700000000008,9.940455,-90.0104550000008,STOP,,,,,,,
YESBANK,OHLC,1790830800,1790831160.0,1790831679.9993334,21.19,21.02,471,21.04,21.64,-80.0700000000008,9.940455,-90.0104550000008,STOP,,,,,,,
