"Name","Last","High","Low","Chg. %","Vol.","Upside","Time"
"Axis Bank","1,303.00","1,315.50","1,299.40","-0.71%","2.83M","xx.xx","14:32:22"
"City Union Bank","220.40","225.44","220.18","0.09%","631.75K","xx.xx","14:31:58"
"Federal Bank","324.90","329.95","324.40","-0.81%","6.2M","xx.xx","14:32:26"
"HDFC Bank","809.70","818.00","806.50","-0.71%","13.97M","xx.xx","14:31:56"
"ICICI Bank","1,409.90","1,423.70","1,406.20","-0.44%","7.31M","xx.xx","14:32:28"
"IndusInd Bank","1,011.60","1,019.00","1,005.55","0.19%","455.42K","xx.xx","14:33:12"
"Kotak Mahindra Bank","378.55","381.25","377.15","0.04%","8.01M","xx.xx","14:33:22"
"IDFC First Bank","79.43","79.60","79.10","-0.05%","7.79M","xx.xx","14:32:25"
"RBL Bank","364.50","373.95","361.30","-2.23%","8.62M","xx.xx","14:29:28"
"Bandhan Bank","214.90","218.00","213.00","-0.75%","6.13M","xx.xx","14:31:20"