Name,Screener,LTP,Change(%),Open,Volume,Market Cap (Cr.),PE Ratio,Industry PE,52W High,52W Low,1M Returns,3M Returns,1 Yr Returns,3 Yr Returns,5 Yr Returns,PB Ratio,Dividend,ROE,ROCE,EPS,50 DMA,200 DMA,RSI,Margin Funding,Margin Pledge
"Maruti Suzuki","https://scanx.trade/company/maruti-suzuki-ltd","13,804.00","1.63%","13,605.00","2,51,020","4,34,001.31","29.09","40.76","17,370.00","12,201.00","-0.01%","3.88%","10.11%","42.46%","88.91%","3.98","1.03%","15.75%","19.54%","467.71","13,460.68","14,745.98","47.41","78.00%","90.32%"
"Mahindra & Mahindra","https://scanx.trade/company/mahindra-mahindra-ltd","3,120.00","1.20%","3,117.00","13,91,998","3,87,981.00","20.59","40.76","3,839.90","2,896.00","-0.46%","-4.19%","-0.27%","101.74%","300.05%","4.12","1.03%","15.83%","17.26%","88.80","3,110.87","3,380.67","47.53","76.00%","88.41%"
"Bajaj Auto","https://scanx.trade/company/bajaj-auto-ltd","10,295.00","-0.27%","10,323.00","2,78,692","2,87,743.02","27.27","5.69","10,834.00","7,858.50","3.54%","4.36%","23.87%","113.01%","161.29%","7.43","1.45%","26.61%","26.12%","286.76","10,215.06","9,503.80","57.77","76.00%","90.41%"
"Eicher Motors","https://scanx.trade/company/eicher-motors-ltd","7,419.50","0.20%","7,410.00","4,31,211","2,03,663.44","36.87","55.59","8,230.00","5,353.00","-2.69%","4.09%","32.70%","121.48%","178.14%","8.10","1.11%","22.17%","26.14%","152.70","7,273.31","7,198.44","52.35","78.00%","89.03%"
"TVS Motors","https://scanx.trade/company/tvs-motors-ltd","3,564.40","-1.33%","3,622.10","9,86,015","1,69,340.05","53.84","55.59","3,970.00","2,728.70","3.03%","-5.79%","23.55%","165.42%","485.00%","17.88","0.33%","23.68%","28.86%","36.05","3,480.75","3,581.97","55.67","76.00%","87.50%"
"Samvardhana Motherson International","https://scanx.trade/company/motherson-sumi-systems-ltd","144.69","1.82%","142.50","1,89,58,673","1,52,712.23","36.71","62.20","155.25","89.70","-2.32%","17.11%","39.11%","126.08%","61.88%","3.63","0.42%","10.70%","11.82%","4.75","140.05","121.86","47.50","75.72%","85.73%"
"Tata Motors Passenger Vehicles","https://scanx.trade/company/tata-motors-passenger-vehicles-ltd","332.40","-0.18%","334.65","62,24,135","1,22,417.30","1.48","40.76","447.79","294.30","-16.15%","-7.12%","-19.77%","-11.22%","76.98%","1.09","0.90%","34.17%","0.55%","102.18","362.10","364.80","37.34","76.00%","86.98%"
"Bosch","https://scanx.trade/company/bosch-ltd","41,090.00","-0.86%","41,500.00","13,113","1,21,189.37","44.06","62.20","42,565.00","28,610.00","5.17%","10.81%","7.23%","116.62%","167.92%","8.23","0.65%","20.65%","24.28%","646.75","38,650.10","36,798.73","62.11","78.00%","87.50%"
"Bharat Forge","https://scanx.trade/company/bharat-forge-ltd","2,103.10","0.13%","2,102.30","5,95,726","1,00,546.82","92.13","27.62","2,238.00","1,100.50","4.09%","14.82%","69.96%","142.77%","159.59%","10.48","0.40%","12.70%","16.45%","22.02","2,004.40","1,645.71","53.85","76.00%","87.50%"
"Hero Motocorp","https://scanx.trade/company/hero-motocorp-ltd","4,885.10","0.18%","4,900.00","1,86,356","97,747.40","16.90","55.59","6,388.50","4,195.00","-2.76%","-7.61%","9.68%","58.01%","69.35%","4.52","3.79%","20.98%","31.91%","204.10","4,962.16","5,423.00","45.80","76.00%","89.56%"
"Ashok Leyland","https://scanx.trade/company/ashok-leyland-ltd","154.82","-1.09%","156.69","1,12,03,177","90,939.02","24.72","67.12","215.42","114.96","-1.83%","-11.77%","23.41%","79.61%","140.40%","6.45","2.24%","22.82%","15.46%","8.52","156.03","165.84","48.57","76.00%","85.15%"
"UNO Minda","https://scanx.trade/company/minda-industries-ltd","1,145.60","-1.05%","1,159.00","5,66,305","66,165.14","52.02","62.20","1,382.00","994.00","1.77%","4.14%","3.59%","97.60%","221.75%","9.79","0.23%","17.56%","20.72%","15.45","1,109.71","1,180.31","58.49","70.00%","70.00%"
"Tube Investment","https://scanx.trade/company/tube-invest-of-india-ltd","2,930.30","-0.32%","2,950.10","99,387","56,719.56","50.85","21.34","3,419.90","2,164.90","-9.17%","6.36%","-","-10.86%","157.79%","7.34","0.12%","17.60%","12.81%","34.13","3,044.56","2,819.92","42.63","74.32%","85.53%"
"Sona BLW Precision Forgings","https://scanx.trade/company/sona-blw-precision-forgings-ltd","679.50","1.54%","669.25","17,63,245","42,266.83","66.18","62.20","682.20","402.30","13.94%","16.02%","49.23%","24.82%","72.16%","6.96","0.51%","18.49%","13.26%","9.41","611.78","524.74","69.01","75.15%","86.85%"
"Exide Industries","https://scanx.trade/company/exide-industries-ltd","419.75","0.13%","422.00","11,80,822","35,678.75","41.40","62.20","431.00","287.00","6.31%","27.20%","8.60%","68.88%","129.62%","2.56","0.48%","6.84%","8.89%","10.29","383.63","360.86","63.49","76.00%","87.50%"