entry_time,exit_time,quantity,entry_price,exit_price,gross_pnl,fees,net_pnl,exit_reason
2026-04-18T00:06:02.238014+00:00,2026-04-18T03:25:00.342806+00:00,20.75,4818.9082499999995,4809.564015000001,-193.89287624997223,99.895399749375,-293.7882759993472,stop_loss
2026-04-19T04:26:33.303940+00:00,2026-04-19T04:40:14.651068+00:00,20.900000000000002,4784.501055,4775.0113,-198.33587949999176,99.89690410975001,-298.2327836097418,stop_loss
2026-04-19T11:59:30.145844+00:00,2026-04-19T12:44:24.562879+00:00,20.92,4779.8287199999995,4772.382615,-155.77251659998075,99.9161305641,-255.68864716408075,stop_loss
2026-04-19T13:01:22.777981+00:00,2026-04-19T17:51:34.362772+00:00,20.900000000000002,4783.81071,4773.092259999999,-224.01560500000636,99.86963603650001,-323.8852410365064,stop_loss
2026-04-20T01:05:09.040827+00:00,2026-04-21T14:40:13.487931+00:00,20.96,4768.893255,4744.156735,-518.4774592000081,99.69676389520001,-618.174223095208,stop_loss
2026-04-21T23:52:48.320170+00:00,2026-04-22T14:32:31.497022+00:00,21.150000000000002,4728.12288,4714.94135,-278.78935949999664,99.86040423225,-378.64976373224664,stop_loss
2026-04-23T00:30:16.092703+00:00,2026-04-23T02:05:38.335424+00:00,21.16,4725.54159,4697.55005,-592.3009863999997,99.69630955119999,-691.9972959511997,stop_loss
2026-04-23T05:56:09.739001+00:00,2026-04-23T08:46:29.891820+00:00,21.29,4696.276965,4682.4276150000005,-294.85266149998944,99.8363102541,-394.68897175408944,stop_loss
2026-04-23T11:45:57.069007+00:00,2026-04-23T17:40:08.049368+00:00,21.31,4691.994825,4680.678490000001,-241.1510988499705,99.865834171325,-341.01693302129553,stop_loss
2026-04-24T00:31:18.318339+00:00,2026-04-24T00:50:37.754002+00:00,21.29,4695.556605,4682.667495000001,-274.4091518999822,99.8311955445,-374.2403474444822,stop_loss
2026-04-24T01:15:14.953868+00:00,2026-04-24T01:29:50.662177+00:00,21.28,4698.748199999999,4684.93636,-293.9159551999871,99.84240371839999,-393.7583589183871,stop_loss
2026-04-24T05:41:26.835099+00:00,2026-04-24T06:18:55.073748+00:00,21.39,4674.826244999999,4662.497585,-263.71003739998326,99.86267836184999,-363.57271576183325,stop_loss
2026-04-24T07:50:07.460781+00:00,2026-04-24T09:25:43.270434+00:00,21.36,4680.048855,4668.034815,-256.6198944000005,99.83753359560001,-356.4574279956005,stop_loss
2026-04-24T11:05:04.130666+00:00,2026-04-27T14:55:09.100390+00:00,21.36,4680.4890749999995,4663.0373150000005,-372.7695935999789,99.78886184519999,-472.5584554451789,stop_loss
2026-04-27T23:40:20.286831+00:00,2026-04-28T00:52:48.317757+00:00,21.34,4685.651655000001,4678.289685000001,-157.10443979999846,99.9132540978,-257.0176938977985,stop_loss
2026-04-29T00:05:06.857229+00:00,2026-04-29T01:01:07.413075+00:00,21.73,4601.63967,4582.677515,-412.04762814998384,99.787606215025,-511.83523436500883,stop_loss
2026-04-29T23:51:30.463612+00:00,2026-04-30T04:21:34.674865+00:00,21.93,4558.067895,4546.76548,-247.8619609500024,99.834497956875,-347.6964589068774,stop_loss
2026-04-30T05:35:02.272828+00:00,2026-05-04T10:04:03.039456+00:00,21.92,4560.559139999999,4548.054835,-274.0943655999885,99.83040916600001,-373.92477476598856,stop_loss
2026-05-04T14:40:12.919174+00:00,2026-05-04T14:46:54.099563+00:00,21.85,4574.976344999999,4563.147285000001,-258.46496099996085,99.83400065775001,-358.29896165771083,stop_loss
2026-05-05T00:10:12.413206+00:00,2026-05-05T00:22:26.399432+00:00,22.1,4524.48111,4512.90242,-255.88904899998607,99.8630880065,-355.75213700648607,stop_loss
2026-05-05T00:50:14.563123+00:00,2026-05-06T02:56:05.755906+00:00,22.09,4525.8618,4620.408640000001,2088.5396956000195,101.0205570098,1987.5191385902194,fixed_target
2026-05-06T03:03:19.207417+00:00,2026-05-07T06:32:16.425044+00:00,21.61,4627.302495,4713.0423,1852.8371860500033,100.922425509975,1751.9147605400283,fixed_target
2026-05-07T06:35:01.034527+00:00,2026-05-07T16:18:17.727405+00:00,21.19,4718.167905,4692.93236,-534.7411985500097,99.710607307675,-634.4518058576847,stop_loss
2026-05-08T01:05:34.636788+00:00,2026-05-08T07:25:32.335597+00:00,21.25,4705.211429999999,4687.655000000001,-373.07413749997295,99.79920581875001,-472.87334331872296,stop_loss
2026-05-08T10:40:01.375540+00:00,2026-05-08T10:49:42.429361+00:00,21.2,4716.11688,4705.72596,-220.28750399999626,99.87153410399999,-320.15903810399624,stop_loss
2026-05-08T13:35:16.591946+00:00,2026-05-08T14:10:25.070876+00:00,21.14,4729.883760000001,4707.195225,-479.63562990000486,99.74992487145002,-579.3855547714548,stop_loss
2026-05-08T17:27:51.518564+00:00,2026-05-08T20:28:03.983821+00:00,21.22,4710.81423,4701.218215,-203.62743830000167,99.86166424145,-303.48910254145164,stop_loss
2026-05-09T00:59:56.126420+00:00,2026-05-09T03:22:25.213739+00:00,21.27,4701.40953,4695.69098,-121.6335584999914,99.93816392385,-221.57172242384138,stop_loss
2026-05-09T15:50:08.946047+00:00,2026-05-09T15:57:08.389715+00:00,21.27,4701.199425,4695.09128,-129.92024415000319,99.929551647675,-229.84979579767818,stop_loss
2026-05-09T17:30:04.313074+00:00,2026-05-10T20:45:21.650776+00:00,21.26,4701.459554999999,4695.481085,-127.102272199981,99.88947900320001,-226.99175120318102,stop_loss
2026-05-12T00:09:56.966998+00:00,2026-05-12T06:26:23.877068+00:00,21.03,4753.89576,4683.916870000001,-1471.6560566999876,99.23859980445002,-1570.8946565044375,stop_loss
2026-05-12T12:46:26.652158+00:00,2026-05-12T13:04:16.954292+00:00,21.26,4703.430539999999,4688.03481,-327.3132197999846,99.8312766705,-427.1444964704846,stop_loss
2026-05-12T19:01:11.465622+00:00,2026-05-13T02:43:39.018095+00:00,21.29,4695.476565,4685.496080000001,-212.48452564998158,99.860453806025,-312.34497945600657,stop_loss
2026-05-13T05:12:12.080016+00:00,2026-05-13T05:18:35.680552+00:00,21.27,4700.849249999999,4691.07329,-207.9346691999794,99.8830962129,-307.8177654128794,stop_loss
2026-05-13T06:05:54.647087+00:00,2026-05-13T07:08:16.839524+00:00,21.26,4701.80973,4688.654500000001,-279.6801897999871,99.8206347649,-379.5008245648871,stop_loss
2026-05-13T15:40:07.690743+00:00,2026-05-13T17:54:08.651089+00:00,21.31,4692.355005,4679.93886,-264.58804995000304,99.86179113157502,-364.44984108157803,stop_loss
2026-05-13T22:37:00.689817+00:00,2026-05-13T23:46:11.696278+00:00,21.31,4690.494075,4682.6575,-166.9974132499863,99.870930031625,-266.86834328161126,stop_loss
2026-05-14T01:00:15.306336+00:00,2026-05-14T01:03:03.949883+00:00,21.28,4698.348,4687.655000000001,-227.54703999998515,99.86707192000001,-327.41411191998515,stop_loss
2026-05-14T04:32:37.610559+00:00,2026-05-14T13:37:51.302276+00:00,21.29,4697.0073299999995,4671.20323,-549.3692889999868,99.72460141119998,-649.0938904111867,stop_loss
2026-05-15T04:10:07.743524+00:00,2026-05-15T04:20:24.105921+00:00,21.62,4624.341014999999,4611.693,-273.4500842999752,99.84152770215,-373.2916120021252,stop_loss
2026-05-15T17:26:14.065337+00:00,2026-05-15T18:18:47.453160+00:00,21.86,4573.36554,4560.488615000001,-281.48958049997077,99.83302591415,-381.32260641412074,stop_loss
2026-05-16T03:40:19.318008+00:00,2026-05-16T04:00:16.167606+00:00,21.990000000000002,4547.502614999999,4542.247740000001,-115.55470124997186,99.941805153225,-215.49650640319686,stop_loss
2026-05-16T18:55:03.965794+00:00,2026-05-16T19:56:40.345210+00:00,22.0,4544.621175,4537.480125,-157.1031000000039,99.9031143,-257.0062143000039,stop_loss
2026-05-17T05:01:41.775082+00:00,2026-05-17T05:21:35.051414+00:00,22.01,4541.56965,4535.740995,-128.2886965500056,99.89580364822501,-228.1845001982306,stop_loss
2026-05-17T09:50:34.280003+00:00,2026-05-17T19:12:32.767270+00:00,22.03,4537.207469999999,4532.262735,-108.93251204998079,99.90021430807501,-208.8327263580558,stop_loss
2026-05-18T03:51:16.748993+00:00,2026-05-18T04:27:23.766522+00:00,21.990000000000002,4547.302514999999,4532.862435,-317.5373591999868,99.83641362525,-417.37377282523676,stop_loss
2026-05-18T05:27:11.051497+00:00,2026-05-18T05:42:39.052908+00:00,21.98,4549.143435,4536.040845,-287.9949281999892,99.84617523720001,-387.8411034371892,stop_loss
2026-05-18T11:40:00.388222+00:00,2026-05-18T15:02:25.666428+00:00,21.94,4556.0769,4535.661035000001,-447.9240780999788,99.73636514695002,-547.6604432469288,stop_loss
2026-05-18T16:15:01.202744+00:00,2026-05-18T16:26:59.227848+00:00,21.96,4552.104915,4540.56858,-253.3379165999952,99.8375549751,-353.17547157509523,stop_loss
2026-05-18T16:55:03.649234+00:00,2026-05-18T18:02:14.283166+00:00,21.94,4556.73723,4543.247240000001,-295.97038059998084,99.82682963590001,-395.79721023588087,stop_loss
2026-05-18T22:05:25.239562+00:00,2026-05-19T00:39:49.175759+00:00,21.86,4573.845780000001,4564.626545,-201.5324771000105,99.88350251225,-301.4159796122605,stop_loss
2026-05-19T06:20:18.400343+00:00,2026-05-19T08:26:42.492033+00:00,21.95,4554.79626,4540.378675,-316.4659907500032,99.819544911625,-416.28553566162816,stop_loss
2026-05-20T00:30:00.977247+00:00,2026-05-20T01:24:38.754203+00:00,22.16,4511.2945199999995,4491.4031749999995,-440.7922052,99.74989046059999,-540.5420956606,stop_loss
2026-05-20T07:10:01.362380+00:00,2026-05-20T07:48:24.468513+00:00,22.240000000000002,4494.80628,4482.257750000001,-279.0793071999804,99.82495201360001,-378.9042592135804,stop_loss
2026-05-20T08:30:00.640034+00:00,2026-05-20T08:35:48.318282+00:00,22.23,4496.50713,4487.405175,-202.33645965000198,99.856185270075,-302.192644920077,stop_loss
2026-05-20T08:55:08.058154+00:00,2026-05-20T09:12:23.691098+00:00,22.22,4498.678215,4486.925415000001,-261.1472159999844,99.8300563293,-360.9772723292844,stop_loss
2026-05-20T12:48:49.462469+00:00,2026-05-20T12:52:38.062183+00:00,22.17,4510.063905,4502.767490000001,-161.76152054997536,99.90723601357502,-261.66875656355035,stop_loss
2026-05-20T14:55:41.708458+00:00,2026-05-21T05:30:18.578944+00:00,22.04,4535.98686,4518.03985,-395.55210039999696,99.7753743442,-495.32747474419693,stop_loss
2026-05-21T08:16:00.596521+00:00,2026-05-21T10:25:32.073657+00:00,22.03,4538.268,4523.287225,-330.02647324999987,99.813030803375,-429.83950405337487,stop_loss
2026-05-21T17:20:24.190877+00:00,2026-05-22T02:33:21.242055+00:00,22.01,4541.359545,4517.44015,-526.4658839499978,99.69209064347501,-626.1579745934728,stop_loss
2026-05-22T03:45:51.106414+00:00,2026-05-22T05:55:36.493239+00:00,22.080000000000002,4528.5131249999995,4519.7390000000005,-193.73267999997802,99.89270346,-293.625383459978,stop_loss
2026-05-23T01:05:16.739997+00:00,2026-05-23T01:14:29.183056+00:00,22.18,4507.122434999999,4499.48913,-169.3067048999863,99.88332225584999,-269.1900271558363,stop_loss
2026-05-23T02:45:32.880213+00:00,2026-05-23T07:50:17.664639+00:00,22.16,4510.61418,4503.00737,-168.5669095999848,99.870926774,-268.4378363739848,stop_loss
2026-05-23T17:19:17.381975+00:00,2026-05-23T17:21:57.138424+00:00,22.150000000000002,4513.63569,4507.295225000001,-140.44129974998478,99.90680988362502,-240.3481096336098,stop_loss
2026-05-23T18:12:55.638483+00:00,2026-05-24T14:16:05.188501+00:00,22.150000000000002,4514.17596,4507.745,-142.44576399999306,99.917774632,-242.36353863199307,stop_loss
2026-05-24T22:05:10.175399+00:00,2026-05-26T09:15:52.725104+00:00,21.990000000000002,4546.272,4512.66254,-739.0720253999929,99.60298526730001,-838.6750106672929,stop_loss
2026-05-26T10:15:51.496460+00:00,2026-05-26T11:30:34.646882+00:00,22.07,4529.133435,4514.8314550000005,-315.644698599984,99.80015256115001,-415.444851161134,stop_loss
2026-05-26T23:45:01.059864+00:00,2026-05-27T01:01:34.489479+00:00,22.09,4526.48211,4511.043350000001,-341.0422083999799,99.8194687057,-440.8616771056799,stop_loss
2026-05-27T04:50:05.000653+00:00,2026-05-27T05:32:36.042214+00:00,22.14,4515.766755,4499.379185000001,-362.82079979997695,99.79766555580001,-462.61846535577695,stop_loss
2026-05-28T12:44:13.401034+00:00,2026-06-05T13:00:02.945163+00:00,22.7,4404.94137,4386.335735,-422.34791449999756,99.78099514175,-522.1289096417476,stop_loss
2026-06-06T17:36:05.859295+00:00,2026-06-06T17:56:34.711121+00:00,23.26,4298.258054999999,4291.263295,-162.6981175999904,99.8961333005,-262.5942509004904,stop_loss
2026-06-06T23:48:34.988443+00:00,2026-06-08T01:30:26.651301+00:00,23.26,4297.56771,4290.43371,-165.93684000000036,99.87845651460002,-265.8152965146004,stop_loss
2026-06-08T07:25:29.102583+00:00,2026-06-08T07:42:33.507191+00:00,23.240000000000002,4301.9499,4285.83601,-374.4868035999914,99.7900722742,-474.2768758741914,stop_loss
2026-06-08T10:35:30.855040+00:00,2026-06-09T14:44:25.206055+00:00,23.29,4293.64575,4276.4307149999995,-400.93816515000395,99.79854043492499,-500.7367055849289,stop_loss
2026-06-10T05:35:53.186371+00:00,2026-06-10T08:00:33.058902+00:00,23.87,4188.8433749999995,4172.562675,-388.62030899998433,99.79338120675,-488.4136902067343,stop_loss
2026-06-10T13:45:00.018214+00:00,2026-06-10T14:44:07.046402+00:00,23.97,4171.0845,4141.398265000001,-711.5790529499811,99.62510593852501,-811.2041588885062,stop_loss
2026-06-11T00:26:44.670558+00:00,2026-06-14T21:47:52.273929+00:00,24.55,4072.79538,4267.50518,4780.125590000002,102.37718937400001,4677.748400626002,fixed_target
2026-06-14T21:52:36.963009+00:00,2026-06-17T19:15:46.899609+00:00,23.400000000000002,4272.135,4242.377750000001,-696.3196499999921,99.61979917500003,-795.9394491749921,stop_loss
2026-06-18T00:05:26.229401+00:00,2026-06-18T08:52:44.964664+00:00,23.35,4281.71979,4261.30828,-476.60875849999786,99.73985271725002,-576.3486112172479,stop_loss
2026-06-19T07:05:02.562785+00:00,2026-06-19T11:01:23.509695+00:00,24.07,4153.1355300000005,4135.83105,-416.5188336000167,99.75771279030002,-516.2765463903168,stop_loss
2026-06-19T12:10:17.349768+00:00,2026-06-19T12:18:22.133425+00:00,24.07,4154.45619,4144.3467900000005,-243.3332579999848,99.8760938643,-343.2093518642848,stop_loss
2026-06-19T13:00:10.881906+00:00,2026-06-19T13:48:46.158880+00:00,23.94,4176.567239999999,4145.656135,-740.0118536999814,99.61701379875001,-839.6288674987314,stop_loss
2026-06-19T16:50:32.275402+00:00,2026-06-19T18:21:09.116028+00:00,24.060000000000002,4154.636280000001,4142.8675299999995,-283.1561250000263,99.81897083430002,-382.97509583432634,stop_loss
2026-06-19T20:03:47.211874+00:00,2026-06-20T02:23:08.643383+00:00,24.060000000000002,4154.776349999999,4145.945990000001,-212.45846159995452,99.85768975020002,-312.31615135015454,stop_loss
2026-06-20T03:30:19.395563+00:00,2026-06-20T03:49:14.675901+00:00,24.05,4156.307115,4149.50421,-163.6098652499893,99.87738118312501,-263.4872464331143,stop_loss
2026-06-20T05:10:12.868861+00:00,2026-06-20T06:05:12.602325+00:00,24.05,4157.077499999999,4151.533195,-133.34053524998654,99.911043607375,-233.25157885736155,stop_loss
2026-06-20T14:50:15.638025+00:00,2026-06-21T22:00:00.894916+00:00,24.060000000000002,4156.09701,4142.9275,-316.85841060001513,99.83726485530002,-416.69567545531515,stop_loss
2026-06-22T00:46:14.478571+00:00,2026-06-23T01:33:37.817909+00:00,23.95,4173.76584,4158.019950000001,-377.1140654999817,99.77313483525,-476.8872003352317,stop_loss
2026-06-23T10:16:36.317745+00:00,2026-06-23T10:36:59.992949+00:00,24.23,4126.001969999999,4116.42076,-232.15271829998483,99.85695137394998,-332.0096696739348,stop_loss
2026-06-23T13:45:13.490080+00:00,2026-06-23T18:43:05.398012+00:00,24.26,4121.059499999999,4106.68563,-348.7100861999865,99.8025484269,-448.5126346268865,stop_loss
2026-06-25T03:55:12.462264+00:00,2026-06-25T06:16:41.368222+00:00,24.97,4004.451225,3979.12944,-632.2849714499908,99.675004602525,-731.9599760525158,stop_loss
2026-06-25T13:13:43.231020+00:00,2026-06-25T13:32:01.753336+00:00,24.75,4038.848415,4017.620185,-525.3986924999929,99.698798925,-625.0974914249929,stop_loss
2026-06-25T15:56:25.563449+00:00,2026-06-25T16:45:12.210705+00:00,24.73,4042.8704249999996,4026.2658600000004,-410.6308924499798,99.774870164025,-510.4057626140048,stop_loss
2026-06-25T18:25:46.467351+00:00,2026-06-25T18:34:55.104062+00:00,24.740000000000002,4041.169575,4030.1139350000003,-273.51653359998977,99.84177701870001,-373.35831061868976,stop_loss
2026-06-25T21:35:00.791449+00:00,2026-06-25T22:06:57.066653+00:00,24.8,4031.03451,4022.297845,-216.6692919999976,99.861321202,-316.5306132019976,stop_loss
2026-06-26T06:25:46.950489+00:00,2026-06-29T14:13:08.258589+00:00,24.830000000000002,4025.9819849999994,4005.45627,-509.6535034499829,99.710305935825,-609.3638093858079,stop_loss
2026-06-30T04:20:25.883306+00:00,2026-07-01T01:17:44.677290+00:00,25.11,3982.3601849999995,3972.422795,-249.52786289998983,99.87230031389998,-349.4001632138898,stop_loss
2026-07-01T04:55:17.183238+00:00,2026-07-01T05:02:07.023249+00:00,25.060000000000002,3989.063535,3979.1194450000003,-249.19889539998763,99.8413327394,-349.04022813938764,stop_loss
2026-07-01T08:20:05.636008+00:00,2026-07-02T12:30:43.497033+00:00,25.07,3987.89295,4117.330305,3244.994489850012,101.59897350142501,3143.395516348587,fixed_target
2026-07-02T12:40:06.292094+00:00,2026-07-08T08:17:57.863486+00:00,24.16,4138.768349999999,4082.57769,-1357.5663455999832,99.31386016319999,-1456.880205763183,stop_loss
2026-07-08T18:45:02.561188+00:00,2026-07-08T20:34:21.011268+00:00,24.53,4076.607285,4065.1364150000004,-281.3804410999914,99.8584864805,-381.2389275804914,stop_loss
2026-07-08T21:50:10.953832+00:00,2026-07-08T22:03:50.767696+00:00,24.51,4078.97847,4070.2138750000004,-214.82022344999132,99.868352187975,-314.6885756379663,stop_loss
2026-07-09T00:05:16.247980+00:00,2026-07-09T00:26:13.381241+00:00,24.52,4078.048005,4067.6251700000003,-255.56791419999632,99.8659531255,-355.4338673254963,stop_loss
2026-07-09T02:17:08.782325+00:00,2026-07-09T02:34:16.803149+00:00,24.52,4076.79738,4065.936015,-266.3206697999939,99.82991142270001,-366.15058122269386,stop_loss
2026-07-09T05:10:27.507313+00:00,2026-07-13T03:06:44.322763+00:00,24.57,4068.37317,4058.20988,-249.71203529999903,99.83507276924999,-349.547108069249,stop_loss
2026-07-13T05:10:03.698222+00:00,2026-07-13T05:30:01.236641+00:00,24.54,4073.4957299999996,4054.9715,-454.5846041999885,99.7362929121,-554.3208971120885,stop_loss
2026-07-13T08:00:00.257098+00:00,2026-07-13T10:41:14.933566+00:00,24.580000000000002,4067.2125899999996,4057.380295,-241.67781109999274,99.85124655665001,-341.52905765664275,stop_loss
2026-07-14T02:05:20.890763+00:00,2026-07-16T12:42:36.168353+00:00,24.89,4017.117555,4006.21589,-271.3424418499967,99.850384723025,-371.1928265730217,stop_loss
2026-07-16T15:35:08.808698+00:00,2026-07-16T15:56:55.095901+00:00,24.830000000000002,4026.0119999999997,4011.363315,-363.7268485499916,99.78401453572499,-463.51086308571655,stop_loss
2026-07-17T00:08:43.759468+00:00,2026-07-17T00:34:04.679019+00:00,25.01,3997.53777,3988.7346350000003,-220.16640634999143,99.86833642452501,-320.0347427745164,stop_loss
2026-07-17T00:56:01.644878+00:00,2026-07-17T01:51:09.359106+00:00,24.990000000000002,4000.7994,3989.994005,-270.02682104999656,99.84496359547501,-369.87178464547156,stop_loss
2026-07-17T03:20:01.540726+00:00,2026-07-17T04:09:45.534651+00:00,24.92,4012.34517,3994.0020000000004,-457.1117963999912,99.75908573820001,-556.8708821381912,stop_loss
2026-07-17T06:20:04.754598+00:00,2026-07-17T08:00:02.430212+00:00,24.93,4011.0044999999996,3997.470265,-337.40847854999066,99.82563794572499,-437.2341164957156,stop_loss
2026-07-17T15:05:35.592237+00:00,2026-07-19T22:08:25.321995+00:00,24.89,4017.2576249999997,3996.350825,-520.3702519999938,99.72935716025,-620.0996091602437,stop_loss
2026-07-20T00:20:15.865072+00:00,2026-07-22T02:32:33.458511+00:00,24.95,4007.812905,4121.3682850000005,2833.2067310000175,101.41153534525,2731.7951956547677,fixed_target
2026-07-22T03:05:00.651587+00:00,2026-07-22T04:00:25.217576+00:00,24.21,4130.514225,4121.83805,-210.0501967499904,99.89472428887501,-309.9449210388654,stop_loss
2026-07-22T06:05:00.637799+00:00,2026-07-22T06:13:45.726307+00:00,24.2,4130.614275,4121.75809,-214.31967699999132,99.8537056165,-314.1733826164913,stop_loss
2026-07-22T09:13:24.906493+00:00,2026-07-22T09:30:40.495903+00:00,24.26,4120.459199999999,4111.992975,-205.39061849998092,99.85964488274999,-305.2502633827309,stop_loss
2026-07-22T12:06:07.632782+00:00,2026-07-22T12:49:32.166971+00:00,24.28,4117.0575,4106.1459,-264.9336479999867,99.82968927600001,-364.7633372759867,stop_loss
2026-07-22T13:43:57.037481+00:00,2026-07-22T18:34:22.181251+00:00,24.18,4134.196065,4119.869035000001,-346.42758539998715,99.79164705900001,-446.21923245898716,stop_loss
2026-07-23T00:00:00.555556+00:00,2026-07-23T01:37:38.217688+00:00,24.240000000000002,4125.40167,4114.9415,-253.55452080000703,99.8729592204,-353.427480020407,stop_loss
2026-07-23T03:22:07.353535+00:00,2026-07-23T03:48:35.839670+00:00,24.240000000000002,4124.44119,4114.44175,-242.3864255999902,99.8552612328,-342.2416868327902,stop_loss
2026-07-24T06:20:00.666637+00:00,2026-07-26T23:59:59.999189+00:00,24.78,4034.3761799999997,4080.59868,1145.3935500000077,100.5445385154,1044.8490114846077,end_of_data
