time,signed_quantity,price,fee,reason,signal_start,initial_stop,target
2026-04-17T14:13:15.032208+00:00,-20.67,4834.36161,49.96312723935001,entry,2026-04-17T14:12:00+00:00,4844.183881175262,4598.627101793703
2026-04-17T14:16:13.786521+00:00,20.67,4847.952764999999,50.103591826275,stop_loss,2026-04-17T14:12:00+00:00,4844.183881175262,4598.627101793703
2026-04-17T15:44:00.930897+00:00,-20.68,4832.3726050000005,49.966732735700006,entry,2026-04-17T15:43:00+00:00,4842.190501491186,4596.743089211541
2026-04-17T15:52:19.118542+00:00,20.68,4846.131855,50.109003380699995,stop_loss,2026-04-17T15:43:00+00:00,4842.190501491186,4596.743089211541
2026-04-17T17:09:05.446934+00:00,-20.67,4833.671955000001,49.955999654925016,entry,2026-04-17T17:08:00+00:00,4842.8543638377,4613.294142895228
2026-04-28T08:03:37.452481+00:00,20.67,4615.06638,47.696711037300005,fixed_target,2026-04-17T17:08:00+00:00,4842.8543638377,4613.294142895228
2026-04-28T09:05:06.738579+00:00,-21.66,4613.5220850000005,49.964444180550004,entry,2026-04-28T09:04:00+00:00,4618.745864017662,4488.151388576127
2026-04-28T09:08:07.923739+00:00,21.66,4621.399545,50.049757072350005,stop_loss,2026-04-28T09:04:00+00:00,4618.745864017662,4488.151388576127
2026-04-28T09:21:32.557147+00:00,-21.67,4611.573060000001,49.96639410510001,entry,2026-04-28T09:20:00+00:00,4617.992114423585,4457.515753833975
2026-04-30T08:04:58.645904+00:00,21.67,4620.519104999999,50.063324502675,stop_loss,2026-04-28T09:20:00+00:00,4617.992114423585,4457.515753833975
2026-04-30T16:17:24.116938+00:00,-21.76,4593.272215,49.97480169920001,entry,2026-04-30T16:16:00+00:00,4600.892159699354,4410.3935422155
2026-04-30T16:34:42.919489+00:00,21.76,4603.530615,50.0864130912,stop_loss,2026-04-30T16:16:00+00:00,4600.892159699354,4410.3935422155
2026-05-01T00:14:20.257964+00:00,-21.7,4604.986355,49.964101951749996,entry,2026-05-01T00:13:00+00:00,4611.521899588094,4448.133284885741
2026-05-01T00:17:14.568809+00:00,21.7,4614.175934999999,50.06380889475,stop_loss,2026-05-01T00:13:00+00:00,4611.521899588094,4448.133284885741
2026-05-01T01:02:19.161480+00:00,-21.72,4601.468115000001,49.97194372890001,entry,2026-05-01T01:01:00+00:00,4606.3644952908535,4483.954988019531
2026-05-01T01:33:32.554796+00:00,21.72,4608.873285,50.0523638751,stop_loss,2026-05-01T01:01:00+00:00,4606.3644952908535,4483.954988019531
2026-05-01T02:46:07.935231+00:00,-21.7,4605.715990000001,49.97201849150001,entry,2026-05-01T02:45:00+00:00,4610.200695063262,4498.083068481723
2026-05-01T03:23:13.954999+00:00,21.7,4613.585639999999,50.057404193999986,stop_loss,2026-05-01T02:45:00+00:00,4610.200695063262,4498.083068481723
2026-05-01T04:09:01.455891+00:00,-21.71,4603.7069950000005,49.97323943072501,entry,2026-05-01T04:08:00+00:00,4610.0356557368,4451.819137316801
2026-05-01T13:54:34.479788+00:00,21.71,4612.595144999999,50.06972029897499,stop_loss,2026-05-01T04:08:00+00:00,4610.0356557368,4451.819137316801
2026-05-02T03:59:04.345235+00:00,-21.740000000000002,4597.40015,49.973739630500006,entry,2026-05-02T03:58:00+00:00,4600.160892570761,4531.142328301757
2026-05-02T13:12:50.291097+00:00,21.740000000000002,4603.1004,50.03570134800001,stop_loss,2026-05-02T03:58:00+00:00,4600.160892570761,4531.142328301757
2026-05-02T17:35:52.764617+00:00,-21.740000000000002,4596.1107950000005,49.959724341650016,entry,2026-05-02T17:34:00+00:00,4599.822795535818,4507.022782140382
2026-05-02T21:37:29.608104+00:00,21.740000000000002,4602.289994999999,50.02689224565,stop_loss,2026-05-02T17:34:00+00:00,4599.822795535818,4507.022782140382
2026-05-03T23:01:09.049832+00:00,-21.7,4603.966865,49.95304048525,entry,2026-05-03T23:00:00+00:00,4610.108115119886,4456.576862122745
2026-05-03T23:04:56.146326+00:00,21.7,4612.92531,50.0502396135,stop_loss,2026-05-03T23:00:00+00:00,4610.108115119886,4456.576862122745
2026-05-04T00:01:16.208408+00:00,-21.73,4597.7,49.954010499999995,entry,2026-05-04T00:00:00+00:00,4603.819758432235,4450.825797626351
2026-05-04T00:07:04.912019+00:00,21.73,4606.20195,50.04638418675,stop_loss,2026-05-04T00:00:00+00:00,4603.819758432235,4450.825797626351
2026-05-04T01:04:56.622439+00:00,-21.76,4591.94288,49.9603385344,entry,2026-05-04T01:03:00+00:00,4600.766764086567,4380.169661922392
2026-05-04T01:58:35.711161+00:00,21.76,4603.56063,50.0867396544,stop_loss,2026-05-04T01:03:00+00:00,4600.766764086567,4380.169661922392
2026-05-04T02:24:08.660594+00:00,-21.78,4587.455125,49.957386311250005,entry,2026-05-04T02:23:00+00:00,4594.207265071924,4425.40376327384
2026-05-04T02:43:00.272075+00:00,21.78,4596.527114999999,50.05618028234999,stop_loss,2026-05-04T02:23:00+00:00,4594.207265071924,4425.40376327384
2026-05-04T03:39:07.062629+00:00,-21.75,4593.7619700000005,49.95716142375,entry,2026-05-04T03:38:00+00:00,4597.674348080614,4499.864896065265
2026-05-04T03:45:03.824713+00:00,21.75,4600.629164999999,50.03184216937499,stop_loss,2026-05-04T03:38:00+00:00,4597.674348080614,4499.864896065265
2026-05-04T05:14:02.721612+00:00,-21.76,4591.703,49.957728640000006,entry,2026-05-04T05:13:00+00:00,4596.854712658012,4468.061896207712
2026-05-04T05:19:09.146826+00:00,21.76,4599.628664999999,50.043959875199995,stop_loss,2026-05-04T05:13:00+00:00,4596.854712658012,4468.061896207712
2026-05-04T05:30:36.126755+00:00,-21.79,4585.316195,49.957019944525,entry,2026-05-04T05:29:00+00:00,4591.862126384166,4428.213841780024
2026-05-04T05:45:04.889314+00:00,21.79,4594.546125,50.057580031875,stop_loss,2026-05-04T05:29:00+00:00,4591.862126384166,4428.213841780024
2026-05-04T06:04:40.315275+00:00,-21.81,4582.7075,49.974425287500004,entry,2026-05-04T06:03:00+00:00,4589.236860591738,4426.002845798295
2026-05-04T06:09:40.102182+00:00,21.81,4592.194949999999,50.07788592974999,stop_loss,2026-05-04T06:03:00+00:00,4589.236860591738,4426.002845798295
2026-05-04T06:39:05.066512+00:00,-21.830000000000002,4576.560575,49.95315867612501,entry,2026-05-04T06:38:00+00:00,4582.984011036919,4422.3981101139625
2026-05-04T06:50:13.845262+00:00,21.830000000000002,4585.37154,50.04933035910001,stop_loss,2026-05-04T06:38:00+00:00,4582.984011036919,4422.3981101139625
2026-05-04T07:26:04.065247+00:00,-21.830000000000002,4576.83044,49.9561042526,entry,2026-05-04T07:25:00+00:00,4582.04271241141,4451.735902126145
2026-05-04T07:46:35.572327+00:00,21.830000000000002,4584.45108,50.0392835382,stop_loss,2026-05-04T07:25:00+00:00,4582.04271241141,4451.735902126145
2026-05-04T09:52:01.769970+00:00,-21.87,4569.714,49.96982259000001,entry,2026-05-04T09:51:00+00:00,4574.940060635947,4444.2885447372755
2026-05-05T23:12:31.711731+00:00,21.87,4577.277494999999,50.05252940782499,stop_loss,2026-05-04T09:51:00+00:00,4574.940060635947,4444.2885447372755
2026-05-06T12:19:00.230762+00:00,-21.5,4648.6745,49.973250875,entry,2026-05-06T12:18:00+00:00,4658.977612444,4401.399801343991
2026-05-06T12:20:23.624916+00:00,21.5,4661.4895799999995,50.111012984999995,stop_loss,2026-05-06T12:18:00+00:00,4658.977612444,4401.399801343991
2026-05-07T00:05:13.294847+00:00,-21.37,4676.70048,49.97054462880001,entry,2026-05-07T00:04:00+00:00,4682.9704974997685,4526.220060005567
2026-05-07T00:11:32.331539+00:00,21.37,4686.051855,50.070464070675,stop_loss,2026-05-07T00:04:00+00:00,4682.9704974997685,4526.220060005567
2026-05-07T00:31:28.574901+00:00,-21.38,4673.52207,49.9599509283,entry,2026-05-07T00:30:00+00:00,4678.751314903431,4548.020192317651
2026-05-07T01:06:46.913564+00:00,21.38,4682.34,50.0542146,stop_loss,2026-05-07T00:30:00+00:00,4678.751314903431,4548.020192317651
2026-05-07T02:14:34.723860+00:00,-21.32,4686.77544,49.961026190400005,entry,2026-05-07T02:13:00+00:00,4694.240605452618,4507.611469137172
2026-05-07T02:57:29.449387+00:00,21.32,4696.777215,50.067645111900006,stop_loss,2026-05-07T02:13:00+00:00,4694.240605452618,4507.611469137172
2026-05-07T03:57:38.939488+00:00,-21.34,4683.657,49.97462019,entry,2026-05-07T03:56:00+00:00,4688.376305995922,4570.393656097877
2026-05-07T05:32:47.525905+00:00,21.34,4691.3445,50.056645815,stop_loss,2026-05-07T03:56:00+00:00,4688.376305995922,4570.393656097877
2026-05-07T05:58:02.932165+00:00,-21.330000000000002,4685.416120000001,49.96996291980001,entry,2026-05-07T05:57:00+00:00,4689.901855343107,4577.758471765453
2026-05-07T06:02:28.361552+00:00,21.330000000000002,4694.10588,50.062639210200004,stop_loss,2026-05-07T05:57:00+00:00,4689.901855343107,4577.758471765453
2026-05-07T16:08:04.565075+00:00,-21.25,4702.357645,49.962549978125004,entry,2026-05-07T16:07:00+00:00,4709.267687737531,4536.516619299266
2026-05-08T01:52:50.911545+00:00,21.25,4711.89477,50.06388193125,stop_loss,2026-05-07T16:07:00+00:00,4709.267687737531,4536.516619299266
2026-05-08T02:38:15.864091+00:00,-21.28,4695.651,49.96172664,entry,2026-05-08T02:37:00+00:00,4703.547296468362,4506.139884759303
2026-05-08T02:49:57.443610+00:00,21.28,4705.901775,50.070794886,stop_loss,2026-05-08T02:37:00+00:00,4703.547296468362,4506.139884759303
2026-05-08T04:14:40.863452+00:00,-21.25,4702.187730000001,49.96074463125,entry,2026-05-08T04:13:00+00:00,4706.902781967428,4589.026482781733
2026-05-08T05:30:03.197231+00:00,21.25,4709.3535,50.0368809375,stop_loss,2026-05-08T04:13:00+00:00,4706.902781967428,4589.026482781733
2026-05-08T07:14:52.767632+00:00,-21.25,4702.777435,49.967010246875,entry,2026-05-08T07:13:00+00:00,4708.1073463015955,4574.859563761707
2026-05-08T08:25:17.801938+00:00,21.25,4711.104375,50.055483984375,stop_loss,2026-05-08T07:13:00+00:00,4708.1073463015955,4574.859563761707
2026-05-08T09:32:03.298921+00:00,-21.26,4700.518565,49.96651234595001,entry,2026-05-08T09:31:00+00:00,4707.100616092737,4542.549338774314
2026-05-08T10:22:57.030441+00:00,21.26,4709.983815,50.06712795345,stop_loss,2026-05-08T09:31:00+00:00,4707.100616092737,4542.549338774314
2026-05-08T11:47:12.166091+00:00,-21.25,4703.0572950000005,49.969983759375005,entry,2026-05-08T11:46:00+00:00,4707.322164809187,4600.7004195795325
2026-05-08T12:34:34.911249+00:00,21.25,4709.683665,50.04038894062499,stop_loss,2026-05-08T11:46:00+00:00,4707.322164809187,4600.7004195795325
2026-05-08T14:29:55.640649+00:00,-21.240000000000002,4703.80692,49.95442949040001,entry,2026-05-08T14:28:00+00:00,4711.8216597314195,4511.453166445933
2026-05-08T18:00:34.570522+00:00,21.240000000000002,4715.53659,50.0789985858,stop_loss,2026-05-08T14:28:00+00:00,4711.8216597314195,4511.453166445933
2026-05-08T20:12:04.486105+00:00,-21.240000000000002,4704.4466,49.96122289200001,entry,2026-05-08T20:11:00+00:00,4709.614047165874,4580.427868019037
2026-05-10T03:40:16.683766+00:00,21.240000000000002,4712.044844999999,50.0419162539,stop_loss,2026-05-08T20:11:00+00:00,4709.614047165874,4580.427868019037
2026-05-10T05:09:11.172662+00:00,-21.23,4706.015815,49.954357876225,entry,2026-05-10T05:08:00+00:00,4709.105404992226,4631.865655186572
2026-05-10T05:16:21.542777+00:00,21.23,4711.904775,50.016869186625,stop_loss,2026-05-10T05:08:00+00:00,4709.105404992226,4631.865655186572
2026-05-10T07:29:34.785891+00:00,-21.23,4705.775935000001,49.951811550025006,entry,2026-05-10T07:28:00+00:00,4709.184706049692,4623.965429807405
2026-05-10T11:40:28.022369+00:00,21.23,4711.67466,50.0144265159,stop_loss,2026-05-10T07:28:00+00:00,4709.184706049692,4623.965429807405
2026-05-10T19:09:20.316523+00:00,-21.23,4707.834905,49.973667516575,entry,2026-05-10T19:08:00+00:00,4712.270476573212,4601.381187242896
2026-05-10T19:11:22.738283+00:00,21.23,4714.7562,50.047137063,stop_loss,2026-05-10T19:08:00+00:00,4712.270476573212,4601.381187242896
2026-05-10T20:17:31.945188+00:00,-21.240000000000002,4704.14675,49.958038485,entry,2026-05-10T20:16:00+00:00,4709.6801954060165,4571.3440602556
2026-05-12T00:00:03.356372+00:00,21.240000000000002,4753.275449999999,50.479785279,stop_loss,2026-05-10T20:16:00+00:00,4709.6801954060165,4571.3440602556
2026-05-12T00:54:13.995890+00:00,-21.09,4738.579525,49.968321091125,entry,2026-05-12T00:53:00+00:00,4744.194865992536,4603.811341179148
2026-05-15T05:02:04.769077+00:00,21.09,4606.111905,48.571450038224995,fixed_target,2026-05-12T00:53:00+00:00,4744.194865992536,4603.811341179148
2026-05-15T05:03:32.972015+00:00,-21.72,4600.308695,49.9593524277,entry,2026-05-15T05:02:00+00:00,4607.190706282958,4435.140424209007
2026-05-27T11:58:34.636018+00:00,21.72,4437.2175,48.188182049999995,fixed_target,2026-05-15T05:02:00+00:00,4607.190706282958,4435.140424209007
2026-05-27T11:59:05.954260+00:00,-22.55,4431.922930000001,49.96993103575001,entry,2026-05-27T11:58:00+00:00,4440.592760512001,4223.846997711982
2026-05-27T12:01:28.164274+00:00,22.55,4443.0204,50.09505501,stop_loss,2026-05-27T11:58:00+00:00,4440.592760512001,4223.846997711982
2026-05-27T12:59:49.221981+00:00,-22.490000000000002,4442.827475,49.95959495637501,entry,2026-05-27T12:58:00+00:00,4451.537209705444,4233.793842069341
2026-05-27T14:12:36.489547+00:00,22.490000000000002,4453.855815,50.083608639675006,stop_loss,2026-05-27T12:58:00+00:00,4451.537209705444,4233.793842069341
2026-05-27T14:50:16.779339+00:00,-22.52,4437.130325000001,49.96208745950001,entry,2026-05-27T14:49:00+00:00,4444.076814668018,4270.414572967583
2026-05-27T16:16:36.876294+00:00,22.52,4446.6222,50.068965972,stop_loss,2026-05-27T14:49:00+00:00,4444.076814668018,4270.414572967583
2026-05-27T16:57:13.280269+00:00,-22.47,4447.55511,49.96828166085,entry,2026-05-27T16:56:00+00:00,4451.471629941721,4353.558631398692
2026-05-27T17:29:45.957606+00:00,22.47,4453.705739999999,50.0373839889,stop_loss,2026-05-27T16:56:00+00:00,4451.471629941721,4353.558631398692
2026-05-27T19:11:06.680196+00:00,-22.46,4449.074350000001,49.96310495050001,entry,2026-05-27T19:10:00+00:00,4453.433273154105,4344.460194301491
2026-05-27T19:23:23.801344+00:00,22.46,4456.216995,50.043316853849994,stop_loss,2026-05-27T19:10:00+00:00,4453.433273154105,4344.460194301491
2026-05-27T19:52:22.249782+00:00,-22.46,4449.39419,49.966696753700006,entry,2026-05-27T19:51:00+00:00,4452.676918285177,4370.608711155758
2026-05-27T20:01:57.802758+00:00,22.46,4455.7967849999995,50.03859789555,stop_loss,2026-05-27T19:51:00+00:00,4452.676918285177,4370.608711155758
2026-05-27T21:41:03.448450+00:00,-22.46,4448.424675,49.95580910025001,entry,2026-05-27T21:40:00+00:00,4452.250139207923,4356.6135340098535
2026-05-27T22:00:02.184168+00:00,22.46,4456.14696,50.0425303608,stop_loss,2026-05-27T21:40:00+00:00,4452.250139207923,4356.6135340098535
2026-05-27T22:31:07.965462+00:00,-22.44,4452.622575,49.958425291500006,entry,2026-05-27T22:30:00+00:00,4458.645190658468,4308.079799196777
2026-05-27T22:40:06.996364+00:00,22.44,4461.60969,50.05926072180001,stop_loss,2026-05-27T22:30:00+00:00,4458.645190658468,4308.079799196777
2026-05-27T23:08:03.254602+00:00,-22.46,4448.764505,49.959625391150006,entry,2026-05-27T23:07:00+00:00,4454.320056514727,4315.43126864655
2026-05-28T01:00:01.877911+00:00,22.46,4456.847309999999,50.0503952913,stop_loss,2026-05-27T23:07:00+00:00,4454.320056514727,4315.43126864655
2026-05-28T01:03:02.847704+00:00,-22.490000000000002,4443.51713,49.96735012685001,entry,2026-05-28T01:02:00+00:00,4449.776109066231,4293.301632410468
2026-05-28T14:13:00.216305+00:00,22.490000000000002,4452.224999999999,50.065270125,stop_loss,2026-05-28T01:02:00+00:00,4449.776109066231,4293.301632410468
2026-05-29T00:35:11.570729+00:00,-22.3,4480.33871,49.9557766165,entry,2026-05-29T00:34:00+00:00,4485.622496306881,4353.527838634862
2026-05-29T01:00:06.791876+00:00,22.3,4488.0529050000005,50.04178989075001,stop_loss,2026-05-29T00:34:00+00:00,4485.622496306881,4353.527838634862
2026-05-29T01:48:14.133363+00:00,-22.25,4490.9534,49.961856575000006,entry,2026-05-29T01:47:00+00:00,4496.91830612824,4347.795652922245
2026-05-29T02:01:07.069973+00:00,22.25,4499.26851,50.05436217375,stop_loss,2026-05-29T01:47:00+00:00,4496.91830612824,4347.795652922245
2026-05-29T02:28:40.701457+00:00,-22.26,4489.184285,49.96462109205001,entry,2026-05-29T02:27:00+00:00,4493.688831050722,4381.075179782679
2026-05-29T02:33:14.426071+00:00,22.26,4495.936844999999,50.039777084849995,stop_loss,2026-05-29T02:27:00+00:00,4493.688831050722,4381.075179782679
2026-05-29T03:00:02.943810+00:00,-22.27,4487.645055000001,49.969927687425006,entry,2026-05-29T02:59:00+00:00,4492.206316223824,4378.174785628253
2026-05-29T04:01:11.103473+00:00,22.27,4494.656204999999,50.04799684267499,stop_loss,2026-05-29T02:59:00+00:00,4492.206316223824,4378.174785628253
2026-05-29T05:40:21.673184+00:00,-22.26,4490.003875,49.97374312875001,entry,2026-05-29T05:39:00+00:00,4495.172683715444,4365.952465829358
2026-05-29T05:43:36.667147+00:00,22.26,4497.6476999999995,50.058818901,stop_loss,2026-05-29T05:39:00+00:00,4495.172683715444,4365.952465829358
2026-05-29T08:50:02.376075+00:00,-22.22,4497.49013,49.9671153443,entry,2026-05-29T08:49:00+00:00,4501.86199846642,4392.565286805921
2026-05-29T08:52:51.229866+00:00,22.22,4504.120935,50.04078358785,stop_loss,2026-05-29T08:49:00+00:00,4501.86199846642,4392.565286805921
2026-05-29T12:22:27.138412+00:00,-22.18,4504.656545,49.95664108405,entry,2026-05-29T12:21:00+00:00,4514.466683622666,4269.213218056009
2026-05-29T13:22:22.185012+00:00,22.18,4517.047395,50.094055610549994,stop_loss,2026-05-29T12:21:00+00:00,4514.466683622666,4269.213218056009
2026-05-30T00:31:01.890501+00:00,-22.1,4522.287725,49.971279361250005,entry,2026-05-30T00:30:00+00:00,4526.378938634021,4424.098597783492
2026-05-30T01:37:34.111062+00:00,22.1,4529.073405,50.046261125250005,stop_loss,2026-05-30T00:30:00+00:00,4526.378938634021,4424.098597783492
2026-05-30T03:51:17.856744+00:00,-22.1,4520.9384,49.95636932000001,entry,2026-05-30T03:50:00+00:00,4523.386900449057,4462.17438922263
2026-05-30T10:19:05.514377+00:00,22.1,4525.6516950000005,50.008451229750015,stop_loss,2026-05-30T03:50:00+00:00,4523.386900449057,4462.17438922263
2026-05-30T11:32:45.716003+00:00,-22.12,4517.22026,49.96045607560001,entry,2026-05-30T11:31:00+00:00,4520.294844948776,4443.430221229382
2026-05-30T11:37:57.265849+00:00,22.12,4522.590165,50.0198472249,stop_loss,2026-05-30T11:31:00+00:00,4520.294844948776,4443.430221229382
2026-05-30T12:56:02.436697+00:00,-22.12,4517.5401,49.96399350600001,entry,2026-05-30T12:55:00+00:00,4522.403422759811,4400.820353764533
2026-05-31T05:28:51.422666+00:00,22.12,4524.88131,50.0451872886,stop_loss,2026-05-30T12:55:00+00:00,4522.403422759811,4400.820353764533
2026-05-31T21:08:23.882194+00:00,-22.13,4516.490625,49.974968765625,entry,2026-05-31T21:07:00+00:00,4522.2304644138185,4378.7344790683655
2026-05-31T21:33:07.193352+00:00,22.13,4524.511125,50.063715598125,stop_loss,2026-05-31T21:07:00+00:00,4522.2304644138185,4378.7344790683655
2026-05-31T22:01:00.403760+00:00,-22.18,4505.48613,49.9658411817,entry,2026-05-31T22:00:00+00:00,4520.483689621478,4145.544699084526
2026-05-31T22:19:21.265311+00:00,22.18,4523.68071,50.16761907389999,stop_loss,2026-05-31T22:00:00+00:00,4520.483689621478,4145.544699084526
2026-06-01T01:04:15.157242+00:00,-22.12,4516.830455,49.95614483230001,entry,2026-06-01T01:03:00+00:00,4523.907662806249,4346.977467650021
2026-06-02T07:10:30.801463+00:00,22.12,4526.18196,50.0595724776,stop_loss,2026-06-01T01:03:00+00:00,4523.907662806249,4346.977467650021
2026-06-02T12:54:18.397625+00:00,-22.21,4499.32921,49.965050877050004,entry,2026-06-02T12:53:00+00:00,4505.263144474102,4356.914782621552
2026-06-02T13:05:57.333371+00:00,22.21,4507.622684999999,50.057149916925,stop_loss,2026-06-02T12:53:00+00:00,4505.263144474102,4356.914782621552
2026-06-02T13:30:01.459816+00:00,-22.25,4490.7535,49.959632687500005,entry,2026-06-02T13:29:00+00:00,4496.332833362184,4356.849499307581
2026-06-02T13:40:35.297963+00:00,22.25,4498.698224999999,50.048017753124995,stop_loss,2026-06-02T13:29:00+00:00,4496.332833362184,4356.849499307581
2026-06-02T13:55:00.151769+00:00,-22.27,4486.7555,49.9600224925,entry,2026-06-02T13:54:00+00:00,4493.086791437875,4334.804505491004
2026-06-02T15:07:14.333494+00:00,22.27,4495.456604999999,50.056909296674995,stop_loss,2026-06-02T13:54:00+00:00,4493.086791437875,4334.804505491004
2026-06-02T15:41:02.536260+00:00,-22.28,4485.396180000001,49.96731344520001,entry,2026-06-02T15:40:00+00:00,4491.7979340774855,4331.7540821403645
2026-06-04T11:57:14.552028+00:00,22.28,4494.636195,50.0702472123,stop_loss,2026-06-02T15:40:00+00:00,4491.7979340774855,4331.7540821403645
2026-06-04T14:37:14.980516+00:00,-22.41,4459.04936,49.9636480788,entry,2026-06-04T14:36:00+00:00,4464.194809687266,4335.558567505624
2026-06-04T16:09:17.372252+00:00,22.41,4466.442105,50.046483786525,stop_loss,2026-06-04T14:36:00+00:00,4464.194809687266,4335.558567505624
2026-06-04T17:10:00.341348+00:00,-22.41,4458.489640000001,49.957376416200006,entry,2026-06-04T17:09:00+00:00,4462.27874145804,4367.551205007062
2026-06-04T19:01:33.659004+00:00,22.41,4464.51114,50.024847323699994,stop_loss,2026-06-04T17:09:00+00:00,4462.27874145804,4367.551205007062
2026-06-04T20:32:18.811426+00:00,-22.43,4455.201285,49.965082411275,entry,2026-06-04T20:31:00+00:00,4458.226585707124,4382.59406802902
2026-06-04T21:06:02.842269+00:00,22.43,4460.739255,50.027190744825006,stop_loss,2026-06-04T20:31:00+00:00,4458.226585707124,4382.59406802902
2026-06-04T21:35:01.240596+00:00,-22.44,4453.89194,49.97266756680001,entry,2026-06-04T21:34:00+00:00,4457.205375348027,4374.369491647368
2026-06-04T22:18:34.061801+00:00,22.44,4460.10894,50.042422306800006,stop_loss,2026-06-04T21:34:00+00:00,4457.205375348027,4374.369491647368
2026-06-04T22:45:05.589628+00:00,-22.44,4453.522125,49.96851824250001,entry,2026-06-04T22:44:00+00:00,4457.5307112938535,4357.316053947526
2026-06-05T13:59:44.369699+00:00,22.44,4359.13848,48.9095337456,fixed_target,2026-06-04T22:44:00+00:00,4457.5307112938535,4357.316053947526
2026-06-05T14:00:15.281935+00:00,-22.97,4349.833995000001,49.957843432575004,entry,2026-06-05T13:59:00+00:00,4364.93536403352,3987.401138195535
2026-06-05T14:02:45.939807+00:00,22.97,4367.56269,50.161457494649994,stop_loss,2026-06-05T13:59:00+00:00,4364.93536403352,3987.401138195535
2026-06-05T14:23:08.468034+00:00,-23.02,4341.58812,49.97167926120001,entry,2026-06-05T14:22:00+00:00,4355.995211234136,3995.817930380741
2026-06-05T14:57:58.556070+00:00,23.02,4358.178,50.16262878,stop_loss,2026-06-05T14:22:00+00:00,4355.995211234136,3995.817930380741
2026-06-05T15:11:31.757060+00:00,-23.0,4344.64659,49.963435785,entry,2026-06-05T15:10:00+00:00,4351.371075781395,4183.258931246524
2026-06-10T01:05:42.350159+00:00,23.0,4185.261585,48.1305082275,fixed_target,2026-06-05T15:10:00+00:00,4351.371075781395,4183.258931246524
2026-06-10T01:06:01.385927+00:00,-23.92,4177.91,49.9678036,entry,2026-06-10T01:05:00+00:00,4192.813452241127,3820.2271462129393
2026-06-10T01:11:41.371379+00:00,23.92,4195.1765399999995,50.1743114184,stop_loss,2026-06-10T01:05:00+00:00,4192.813452241127,3820.2271462129393
2026-06-10T01:42:06.743459+00:00,-23.89,4182.9075,49.964830087500005,entry,2026-06-10T01:41:00+00:00,4193.160769504196,3936.8290318993086
2026-06-10T05:45:52.871173+00:00,23.89,4195.286595,50.112698377274995,stop_loss,2026-06-10T01:41:00+00:00,4193.160769504196,3936.8290318993086
2026-06-10T07:27:02.025693+00:00,-23.88,4185.18636,49.97112513839999,entry,2026-06-10T07:26:00+00:00,4191.640949813108,4030.2762044854026
2026-06-10T23:13:50.544563+00:00,23.88,4032.2851349999996,48.145484511899994,fixed_target,2026-06-10T07:26:00+00:00,4191.640949813108,4030.2762044854026
2026-06-10T23:14:10.662601+00:00,-24.84,4023.117435,49.9671185427,entry,2026-06-10T23:13:00+00:00,4040.0206888406033,3617.4393428255244
2026-06-10T23:19:43.048096+00:00,24.84,4042.050015,50.2022611863,stop_loss,2026-06-10T23:13:00+00:00,4040.0206888406033,3617.4393428255244
2026-06-10T23:50:10.347429+00:00,-24.69,4047.6151800000002,49.967809397100005,entry,2026-06-10T23:49:00+00:00,4054.3294412655496,3886.472909626816
2026-06-11T00:00:34.715269+00:00,24.69,4056.54726,50.0780759247,stop_loss,2026-06-10T23:49:00+00:00,4054.3294412655496,3886.472909626816
2026-06-11T00:04:31.735381+00:00,-24.73,4041.4582600000003,49.972631384900005,entry,2026-06-11T00:03:00+00:00,4054.094447292558,3738.189764978616
2026-06-11T00:13:29.251502+00:00,24.73,4056.40719,50.157474904349996,stop_loss,2026-06-11T00:03:00+00:00,4054.094447292558,3738.189764978616
2026-06-11T02:29:04.228057+00:00,-24.48,4082.1279150000005,49.9652456796,entry,2026-06-11T02:28:00+00:00,4087.9828782221607,3941.608797668155
2026-06-11T04:20:54.321959+00:00,24.48,4090.044,50.06213856,stop_loss,2026-06-11T02:28:00+00:00,4087.9828782221607,3941.608797668155
2026-06-11T04:36:03.867669+00:00,-24.51,4076.3208200000004,49.95531164910001,entry,2026-06-11T04:35:00+00:00,4083.292242771335,3909.006673487965
2026-06-11T04:42:12.965112+00:00,24.51,4085.531745,50.068191534975,stop_loss,2026-06-11T04:35:00+00:00,4083.292242771335,3909.006673487965
2026-06-11T05:01:10.475657+00:00,-24.51,4076.88054,49.96217101770001,entry,2026-06-11T05:00:00+00:00,4084.517645844437,3893.5899997335127
2026-06-11T05:32:06.584949+00:00,24.51,4087.0424999999996,50.0867058375,stop_loss,2026-06-11T05:00:00+00:00,4084.517645844437,3893.5899997335127
2026-06-11T06:07:13.902659+00:00,-24.5,4078.5996800000003,49.962846080000006,entry,2026-06-11T06:06:00+00:00,4086.672078773531,3884.8621094352575
2026-06-11T06:16:38.170385+00:00,24.5,4088.8934249999998,50.08894445625,stop_loss,2026-06-11T06:06:00+00:00,4086.672078773531,3884.8621094352575
2026-06-11T09:08:33.955412+00:00,-24.48,4081.748105,49.960596805200005,entry,2026-06-11T09:07:00+00:00,4086.875358603847,3958.694018507676
2026-06-11T09:13:38.256653+00:00,24.48,4089.2436,50.052341664000004,stop_loss,2026-06-11T09:07:00+00:00,4086.875358603847,3958.694018507676
2026-06-11T09:26:19.230664+00:00,-24.490000000000002,4080.2888350000003,49.963136784575006,entry,2026-06-11T09:25:00+00:00,4086.7619636835425,3924.9337465949875
2026-06-11T09:39:16.910083+00:00,24.490000000000002,4088.8734149999996,50.068254966675,stop_loss,2026-06-11T09:25:00+00:00,4086.7619636835425,3924.9337465949875
2026-06-11T10:19:17.080963+00:00,-24.47,4084.226865,49.970515693275,entry,2026-06-11T10:18:00+00:00,4089.183158352283,3965.275824545209
2026-06-11T10:23:22.585572+00:00,24.47,4091.30463,50.05711214805,stop_loss,2026-06-11T10:18:00+00:00,4089.183158352283,3965.275824545209
2026-06-11T10:49:02.848132+00:00,-24.46,4085.246355,49.962562921650004,entry,2026-06-11T10:48:00+00:00,4089.0925624894167,3992.937375254006
2026-06-11T10:51:30.621330+00:00,24.46,4091.4647099999997,50.0386134033,stop_loss,2026-06-11T10:48:00+00:00,4089.0925624894167,3992.937375254006
2026-06-11T10:56:56.538863+00:00,-24.47,4084.4967300000003,49.97381749155,entry,2026-06-11T10:55:00+00:00,4089.6168168944487,3961.6146445332392
2026-06-11T10:59:06.485982+00:00,24.47,4092.014985,50.065803341475,stop_loss,2026-06-11T10:55:00+00:00,4089.6168168944487,3961.6146445332392
2026-06-11T11:15:00.380986+00:00,-24.47,4083.61717,49.96305607495,entry,2026-06-11T11:14:00+00:00,4089.0574968992555,3953.0493244178674
2026-06-11T11:29:03.582706+00:00,24.47,4092.1450499999996,50.06739468674999,stop_loss,2026-06-11T11:14:00+00:00,4089.0574968992555,3953.0493244178674
2026-06-11T12:00:10.883926+00:00,-24.5,4077.96,49.95501,entry,2026-06-11T11:59:00+00:00,4083.6527762627306,3941.3333696944655
2026-06-11T12:01:57.611246+00:00,24.5,4086.0119849999996,50.053646816249994,stop_loss,2026-06-11T11:59:00+00:00,4083.6527762627306,3941.3333696944655
2026-06-11T12:08:23.637156+00:00,-24.5,4078.07994,49.956479265000006,entry,2026-06-11T12:07:00+00:00,4084.8238194385262,3916.226833475372
2026-06-11T13:45:22.044018+00:00,24.5,4087.0424999999996,50.066270625,stop_loss,2026-06-11T12:07:00+00:00,4084.8238194385262,3916.226833475372
2026-06-11T14:04:07.995368+00:00,-24.53,4074.0519550000004,49.96824722807501,entry,2026-06-11T14:03:00+00:00,4082.82687681567,3863.4538314239303
2026-06-11T14:26:05.523587+00:00,24.53,4084.94145,50.10180688425,stop_loss,2026-06-11T14:03:00+00:00,4082.82687681567,3863.4538314239303
2026-06-11T16:26:28.978844+00:00,-24.490000000000002,4080.37879,49.96423828355001,entry,2026-06-11T16:25:00+00:00,4089.850892904715,3853.0483202868504
2026-06-11T17:28:51.910544+00:00,24.490000000000002,4092.0449999999996,50.107091025,stop_loss,2026-06-11T16:25:00+00:00,4089.850892904715,3853.0483202868504
2026-06-12T00:17:23.083761+00:00,-23.82,4195.661120000001,49.970323939200014,entry,2026-06-12T00:16:00+00:00,4202.553455064534,4030.245078451193
2026-06-12T00:19:49.633132+00:00,23.82,4205.541719999999,50.08800188519999,stop_loss,2026-06-12T00:16:00+00:00,4202.553455064534,4030.245078451193
2026-06-12T00:42:12.604409+00:00,-23.81,4197.730085,49.973976661925,entry,2026-06-12T00:41:00+00:00,4204.295363046333,4040.163411888022
2026-06-12T08:18:48.697404+00:00,23.81,4206.552224999999,50.07900423862499,stop_loss,2026-06-12T00:41:00+00:00,4204.295363046333,4040.163411888022
2026-06-12T11:32:16.373602+00:00,-23.88,4184.506700000001,49.96300999800001,entry,2026-06-12T11:31:00+00:00,4190.031110873046,4051.920839046924
2026-06-12T11:40:20.811116+00:00,23.88,4192.19505,50.054808897,stop_loss,2026-06-12T11:31:00+00:00,4190.031110873046,4051.920839046924
2026-06-12T12:40:11.134576+00:00,-23.900000000000002,4180.3088,49.954690160000006,entry,2026-06-12T12:39:00+00:00,4184.977814679631,4068.2524476888584
2026-06-12T12:40:41.317451+00:00,23.900000000000002,4187.11251,50.0359944945,stop_loss,2026-06-12T12:39:00+00:00,4184.977814679631,4068.2524476888584
2026-06-12T12:58:29.070756+00:00,-23.92,4177.91,49.9678036,entry,2026-06-12T12:57:00+00:00,4183.373206244716,4046.7930501268092
2026-06-12T13:02:18.433926+00:00,23.92,4185.51171,50.058720051600005,stop_loss,2026-06-12T12:57:00+00:00,4183.373206244716,4046.7930501268092
2026-06-12T13:34:36.014664+00:00,-23.88,4184.9065,49.96778361,entry,2026-06-12T13:33:00+00:00,4191.85387991068,4018.169382143681
2026-06-12T13:35:29.420081+00:00,23.88,4194.256079999999,50.079417595199985,stop_loss,2026-06-12T13:33:00+00:00,4191.85387991068,4018.169382143681
2026-06-12T13:42:42.735976+00:00,-23.94,4173.282315,49.95418931055001,entry,2026-06-12T13:41:00+00:00,4192.459038593402,3713.040948758371
2026-06-12T14:54:18.445952+00:00,23.94,4194.566235,50.208957832950006,stop_loss,2026-06-12T13:41:00+00:00,4192.459038593402,3713.040948758371
2026-06-13T01:12:05.876222+00:00,-23.78,4203.087405,49.97470924545,entry,2026-06-13T01:11:00+00:00,4206.77731821554,4114.529487827052
2026-06-13T01:43:01.572205+00:00,23.78,4208.9334149999995,50.04421830435,stop_loss,2026-06-13T01:11:00+00:00,4206.77731821554,4114.529487827052
2026-06-13T03:30:04.885368+00:00,-23.79,4200.698600000001,49.967309847,entry,2026-06-13T03:29:00+00:00,4204.146005293399,4117.960872958441
2026-06-13T03:57:27.521242+00:00,23.79,4206.80235,50.03991395325,stop_loss,2026-06-13T03:29:00+00:00,4204.146005293399,4117.960872958441
2026-06-13T06:12:22.642454+00:00,-23.78,4202.947475000001,49.97304547775001,entry,2026-06-13T06:11:00+00:00,4205.528412185835,4141.004982539984
2026-06-13T06:20:17.051513+00:00,23.78,4207.892895,50.03184652155,stop_loss,2026-06-13T06:11:00+00:00,4205.528412185835,4141.004982539984
2026-06-13T08:42:12.434651+00:00,-23.77,4203.63713,49.96022729005001,entry,2026-06-13T08:41:00+00:00,4208.131378427421,4095.7751677419046
2026-06-13T12:27:04.706644+00:00,23.77,4210.24407,50.03875077195,stop_loss,2026-06-13T08:41:00+00:00,4208.131378427421,4095.7751677419046
2026-06-14T01:52:52.982298+00:00,-23.71,4215.37126,49.9732262873,entry,2026-06-14T01:51:00+00:00,4217.864765128668,4155.527136911958
2026-06-14T04:40:39.546797+00:00,23.71,4220.02896,50.0284433208,stop_loss,2026-06-14T01:51:00+00:00,4217.864765128668,4155.527136911958
2026-06-14T12:00:25.289622+00:00,-23.69,4217.959965,49.961735785425,entry,2026-06-14T11:59:00+00:00,4220.53176289619,4156.236815491435
2026-06-14T12:22:37.559511+00:00,23.69,4223.650769999999,50.02914337065,stop_loss,2026-06-14T11:59:00+00:00,4220.53176289619,4156.236815491435
2026-06-14T12:48:16.836607+00:00,-23.7,4216.73058,49.968257373,entry,2026-06-14T12:47:00+00:00,4220.711725934547,4121.183077570885
2026-06-14T14:55:43.202042+00:00,23.7,4222.83036,50.040539765999995,stop_loss,2026-06-14T12:47:00+00:00,4220.711725934547,4121.183077570885
2026-06-14T15:33:28.959578+00:00,-23.71,4214.841525,49.96694627887501,entry,2026-06-14T15:32:00+00:00,4218.909496639583,4117.210205649997
2026-06-14T15:36:36.727328+00:00,23.71,4221.32961,50.04386252655,stop_loss,2026-06-14T15:32:00+00:00,4218.909496639583,4117.210205649997
2026-06-14T16:03:50.717784+00:00,-23.72,4213.51219,49.9722545734,entry,2026-06-14T16:02:00+00:00,4217.007331038357,4129.628805079446
2026-06-14T16:05:00.239218+00:00,23.72,4219.3186049999995,50.0411186553,stop_loss,2026-06-14T16:02:00+00:00,4217.007331038357,4129.628805079446
2026-06-14T16:51:25.512933+00:00,-23.7,4216.610640000001,49.96683608400001,entry,2026-06-14T16:50:00+00:00,4219.989497689486,4135.518055452363
2026-06-14T17:26:05.235558+00:00,23.7,4222.099995,50.03188494075,stop_loss,2026-06-14T16:50:00+00:00,4219.989497689486,4135.518055452363
2026-06-14T17:40:57.649086+00:00,-23.7,4216.59065,49.9665992025,entry,2026-06-14T17:39:00+00:00,4219.695563259796,4142.072731764909
2026-06-14T20:54:30.825753+00:00,23.7,4222.02996,50.031055026,stop_loss,2026-06-14T17:39:00+00:00,4219.695563259796,4142.072731764909
2026-06-15T01:06:05.702745+00:00,-23.37,4275.861,49.963435785,entry,2026-06-15T01:05:00+00:00,4281.3618055807,4143.841666063195
2026-06-15T01:07:10.434175+00:00,23.37,4283.970915,50.058200141775,stop_loss,2026-06-15T01:05:00+00:00,4281.3618055807,4143.841666063195
2026-06-15T05:41:35.223887+00:00,-23.23,4302.16784,49.9696794616,entry,2026-06-15T05:40:00+00:00,4307.353293608774,4177.716953389425
2026-06-15T07:54:48.304193+00:00,23.23,4309.633739999999,50.05639589009999,stop_loss,2026-06-15T05:40:00+00:00,4307.353293608774,4177.716953389425
2026-06-15T12:18:00.285862+00:00,-23.2,4307.445200000001,49.96636432000001,entry,2026-06-15T12:17:00+00:00,4315.41432746078,4116.186140941295
2026-06-15T12:22:58.424375+00:00,23.2,4317.987915,50.08865981399999,stop_loss,2026-06-15T12:17:00+00:00,4315.41432746078,4116.186140941295
2026-06-15T16:46:11.047642+00:00,-23.14,4318.529655,49.965388108350005,entry,2026-06-15T16:45:00+00:00,4322.27578189385,4228.62260954761
2026-06-15T16:56:46.857753+00:00,23.14,4324.44114,50.0337839898,stop_loss,2026-06-15T16:45:00+00:00,4322.27578189385,4228.62260954761
2026-06-15T17:30:07.566505+00:00,-23.17,4311.972935000001,49.95420645197501,entry,2026-06-15T17:29:00+00:00,4316.481468793576,4203.768123954195
2026-06-16T03:42:30.969779+00:00,23.17,4318.808324999999,50.03339444512499,stop_loss,2026-06-15T17:29:00+00:00,4316.481468793576,4203.768123954195
2026-06-16T05:39:16.692834+00:00,-23.23,4302.597625,49.97467141437501,entry,2026-06-16T05:38:00+00:00,4307.74658598815,4179.022561284399
2026-06-16T06:56:17.237932+00:00,23.23,4309.9639050000005,50.06023075657501,stop_loss,2026-06-16T05:38:00+00:00,4307.74658598815,4179.022561284399
2026-06-16T13:58:00.397581+00:00,-23.16,4315.38123,49.9721146434,entry,2026-06-16T13:57:00+00:00,4321.21358665389,4175.404670306635
2026-06-16T14:00:39.069422+00:00,23.16,4323.570704999999,50.066948763899994,stop_loss,2026-06-16T13:57:00+00:00,4321.21358665389,4175.404670306635
2026-06-16T14:17:00.531568+00:00,-23.17,4312.28278,49.9577960063,entry,2026-06-16T14:16:00+00:00,4319.626625454114,4136.030489101247
2026-06-16T15:54:05.834266+00:00,23.17,4321.789815,50.06793500677501,stop_loss,2026-06-16T14:16:00+00:00,4319.626625454114,4136.030489101247
2026-06-16T17:18:05.643178+00:00,-23.16,4314.991425,49.967600701500004,entry,2026-06-16T17:17:00+00:00,4319.530926028035,4206.043400327173
2026-06-16T17:29:55.731606+00:00,23.16,4321.99992,50.04875907360001,stop_loss,2026-06-16T17:17:00+00:00,4319.530926028035,4206.043400327173
2026-06-16T19:58:10.596424+00:00,-23.16,4314.82151,49.9656330858,entry,2026-06-16T19:57:00+00:00,4319.108988862659,4211.92201729617
2026-06-16T20:24:19.544803+00:00,23.16,4321.309574999999,50.04076487849999,stop_loss,2026-06-16T19:57:00+00:00,4319.108988862659,4211.92201729617
2026-06-16T20:46:22.065293+00:00,-23.16,4315.411215,49.972461869700005,entry,2026-06-16T20:45:00+00:00,4319.528530797679,4216.595635855701
2026-06-16T23:12:02.679577+00:00,23.16,4321.809824999999,50.04655777349999,stop_loss,2026-06-16T20:45:00+00:00,4319.528530797679,4216.595635855701
2026-06-16T23:40:24.156778+00:00,-23.16,4314.751545,49.964822891100006,entry,2026-06-16T23:39:00+00:00,4318.245003269516,4230.9085465316175
2026-06-17T00:03:57.609710+00:00,23.16,4320.529184999999,50.031727962299996,stop_loss,2026-06-16T23:39:00+00:00,4318.245003269516,4230.9085465316175
2026-06-17T00:40:00.448790+00:00,-23.150000000000002,4317.300270000001,49.97275062525001,entry,2026-06-17T00:39:00+00:00,4322.2908729415485,4197.525799402852
2026-06-17T01:00:38.098772+00:00,23.150000000000002,4324.551195,50.056680082125006,stop_loss,2026-06-17T00:39:00+00:00,4322.2908729415485,4197.525799402852
2026-06-17T02:46:13.271399+00:00,-23.13,4319.389225000001,49.953736387125005,entry,2026-06-17T02:45:00+00:00,4325.724906957011,4167.332858031763
2026-06-17T13:43:53.768091+00:00,23.13,4327.90287,50.052196691549995,stop_loss,2026-06-17T02:45:00+00:00,4325.724906957011,4167.332858031763
2026-06-17T18:02:10.859918+00:00,-23.11,4323.187325000001,49.95442954037501,entry,2026-06-17T18:01:00+00:00,4352.982241859795,3608.109320364938
2026-07-26T23:59:59.999189+00:00,23.11,4084.6813199999997,47.1984926526,end_of_data,2026-06-17T18:01:00+00:00,4352.982241859795,3608.109320364938
