symbol,timeframe,current_selected,status,trades,closed,open,net_pnl,peak_notional,tick_size,warmup_rows,warmup_sessions,reason
3PLAND,1,True,no_qualifying_entry,0,0,0,0.0,0.0,0.01,13107.0,36.0,
3PLAND,5,True,no_qualifying_entry,0,0,0,0.0,0.0,0.01,13107.0,36.0,
AAKASH,1,False,never_passed_scanner_and_20_session_volume_gate,0,0,0,0.0,,,,,
AAKASH,5,False,never_passed_scanner_and_20_session_volume_gate,0,0,0,0.0,,,,,
ABCOTS,1,False,never_passed_scanner_and_20_session_volume_gate,0,0,0,0.0,,,,,
ABCOTS,5,False,never_passed_scanner_and_20_session_volume_gate,0,0,0,0.0,,,,,
ABREL,1,True,never_passed_scanner_and_20_session_volume_gate,0,0,0,0.0,,,,,
ABREL,5,True,never_passed_scanner_and_20_session_volume_gate,0,0,0,0.0,,,,,
ABSLLIQUID,1,True,not_selected_in_reconstructed_lists,0,0,0,0.0,,,,,
ABSLLIQUID,5,True,not_selected_in_reconstructed_lists,0,0,0,0.0,,,,,
ADDIND,1,True,not_selected_in_reconstructed_lists,0,0,0,0.0,,,,,
ADDIND,5,True,not_selected_in_reconstructed_lists,0,0,0,0.0,,,,,
ADROITINFO,1,False,never_passed_scanner_and_20_session_volume_gate,0,0,0,0.0,,,,,
ADROITINFO,5,False,never_passed_scanner_and_20_session_volume_gate,0,0,0,0.0,,,,,
AEGISLOG,1,False,never_passed_scanner_and_20_session_volume_gate,0,0,0,0.0,,,,,
AEGISLOG,5,False,never_passed_scanner_and_20_session_volume_gate,0,0,0,0.0,,,,,
AEPL,1,False,never_passed_scanner_and_20_session_volume_gate,0,0,0,0.0,,,,,
AEPL,5,False,never_passed_scanner_and_20_session_volume_gate,0,0,0,0.0,,,,,
AERONEU,1,False,never_passed_scanner_and_20_session_volume_gate,0,0,0,0.0,,,,,
AERONEU,5,False,never_passed_scanner_and_20_session_volume_gate,0,0,0,0.0,,,,,
AHCL,1,True,evaluated,3,3,0,-193.22354000000018,99992.20000000001,0.01,13507.0,36.0,
AHCL,5,True,no_qualifying_entry,0,0,0,0.0,0.0,0.01,13507.0,36.0,
AIIL,1,True,no_qualifying_entry,0,0,0,0.0,0.0,0.05,13507.0,36.0,
AIIL,5,True,no_qualifying_entry,0,0,0,0.0,0.0,0.05,13507.0,36.0,
AKSHAR,1,False,never_passed_scanner_and_20_session_volume_gate,0,0,0,0.0,,,,,
AKSHAR,5,False,never_passed_scanner_and_20_session_volume_gate,0,0,0,0.0,,,,,
ALKALI,1,False,never_passed_scanner_and_20_session_volume_gate,0,0,0,0.0,,,,,
ALKALI,5,False,never_passed_scanner_and_20_session_volume_gate,0,0,0,0.0,,,,,
ALKEM,1,False,never_passed_scanner_and_20_session_volume_gate,0,0,0,0.0,,,,,
ALKEM,5,False,never_passed_scanner_and_20_session_volume_gate,0,0,0,0.0,,,,,
ALLTIME,1,False,never_passed_scanner_and_20_session_volume_gate,0,0,0,0.0,,,,,
ALLTIME,5,False,never_passed_scanner_and_20_session_volume_gate,0,0,0,0.0,,,,,
ANMOL,1,True,evaluated,1,0,1,-1067.959799999989,99999.59999999999,0.01,13453.0,36.0,
ANMOL,5,True,no_qualifying_entry,0,0,0,0.0,0.0,0.01,13453.0,36.0,
ANTELOPUS,1,False,never_passed_scanner_and_20_session_volume_gate,0,0,0,0.0,,,,,
ANTELOPUS,5,False,never_passed_scanner_and_20_session_volume_gate,0,0,0,0.0,,,,,
ANUHPHR,1,False,never_passed_scanner_and_20_session_volume_gate,0,0,0,0.0,,,,,
ANUHPHR,5,False,never_passed_scanner_and_20_session_volume_gate,0,0,0,0.0,,,,,
AONESILVER,1,False,never_passed_scanner_and_20_session_volume_gate,0,0,0,0.0,,,,,
AONESILVER,5,False,never_passed_scanner_and_20_session_volume_gate,0,0,0,0.0,,,,,
AONETOTAL,1,False,never_passed_scanner_and_20_session_volume_gate,0,0,0,0.0,,,,,
AONETOTAL,5,False,never_passed_scanner_and_20_session_volume_gate,0,0,0,0.0,,,,,
APLAPOLLO,1,False,never_passed_scanner_and_20_session_volume_gate,0,0,0,0.0,,,,,
APLAPOLLO,5,False,never_passed_scanner_and_20_session_volume_gate,0,0,0,0.0,,,,,
ARCL,1,False,never_passed_scanner_and_20_session_volume_gate,0,0,0,0.0,,,,,
ARCL,5,False,never_passed_scanner_and_20_session_volume_gate,0,0,0,0.0,,,,,
ARDEE,1,False,never_passed_scanner_and_20_session_volume_gate,0,0,0,0.0,,,,,
ARDEE,5,False,never_passed_scanner_and_20_session_volume_gate,0,0,0,0.0,,,,,
ARIS,1,False,never_passed_scanner_and_20_session_volume_gate,0,0,0,0.0,,,,,
ARIS,5,False,never_passed_scanner_and_20_session_volume_gate,0,0,0,0.0,,,,,
ARVEE,1,True,never_passed_scanner_and_20_session_volume_gate,0,0,0,0.0,,,,,
ARVEE,5,True,never_passed_scanner_and_20_session_volume_gate,0,0,0,0.0,,,,,
ARVINDFASN,1,False,no_qualifying_entry,0,0,0,0.0,0.0,0.05,13507.0,36.0,
ARVINDFASN,5,False,no_qualifying_entry,0,0,0,0.0,0.0,0.05,13507.0,36.0,
ASHIMASYN,1,False,never_passed_scanner_and_20_session_volume_gate,0,0,0,0.0,,,,,
ASHIMASYN,5,False,never_passed_scanner_and_20_session_volume_gate,0,0,0,0.0,,,,,
ASHOKAMET,1,True,not_selected_in_reconstructed_lists,0,0,0,0.0,,,,,
ASHOKAMET,5,True,not_selected_in_reconstructed_lists,0,0,0,0.0,,,,,
ASHOKLEY,1,False,never_passed_scanner_and_20_session_volume_gate,0,0,0,0.0,,,,,
ASHOKLEY,5,False,never_passed_scanner_and_20_session_volume_gate,0,0,0,0.0,,,,,
ASIANENE,1,False,never_passed_scanner_and_20_session_volume_gate,0,0,0,0.0,,,,,
ASIANENE,5,False,never_passed_scanner_and_20_session_volume_gate,0,0,0,0.0,,,,,
ASIANTNE,1,True,not_selected_in_reconstructed_lists,0,0,0,0.0,,,,,
ASIANTNE,5,True,not_selected_in_reconstructed_lists,0,0,0,0.0,,,,,
ASTRAL,1,False,never_passed_scanner_and_20_session_volume_gate,0,0,0,0.0,,,,,
ASTRAL,5,False,never_passed_scanner_and_20_session_volume_gate,0,0,0,0.0,,,,,
ATALREAL,1,True,never_passed_scanner_and_20_session_volume_gate,0,0,0,0.0,,,,,
ATALREAL,5,True,never_passed_scanner_and_20_session_volume_gate,0,0,0,0.0,,,,,
ATL,1,False,never_passed_scanner_and_20_session_volume_gate,0,0,0,0.0,,,,,
ATL,5,False,never_passed_scanner_and_20_session_volume_gate,0,0,0,0.0,,,,,
AUGMONT,1,False,never_passed_scanner_and_20_session_volume_gate,0,0,0,0.0,,,,,
AUGMONT,5,False,never_passed_scanner_and_20_session_volume_gate,0,0,0,0.0,,,,,
AVONMORE,1,False,never_passed_scanner_and_20_session_volume_gate,0,0,0,0.0,,,,,
AVONMORE,5,False,never_passed_scanner_and_20_session_volume_gate,0,0,0,0.0,,,,,
AVROIND,1,True,never_passed_scanner_and_20_session_volume_gate,0,0,0,0.0,,,,,
AVROIND,5,True,never_passed_scanner_and_20_session_volume_gate,0,0,0,0.0,,,,,
AWFIS,1,True,evaluated,1,0,1,164.21107499998783,99977.85,0.05,13507.0,36.0,
AWFIS,5,True,no_qualifying_entry,0,0,0,0.0,0.0,0.05,13507.0,36.0,
AYMSYNTEX,1,False,never_passed_scanner_and_20_session_volume_gate,0,0,0,0.0,,,,,
AYMSYNTEX,5,False,never_passed_scanner_and_20_session_volume_gate,0,0,0,0.0,,,,,
BALAMINES,1,False,never_passed_scanner_and_20_session_volume_gate,0,0,0,0.0,,,,,
BALAMINES,5,False,never_passed_scanner_and_20_session_volume_gate,0,0,0,0.0,,,,,
BALMLAWRIE,1,False,never_passed_scanner_and_20_session_volume_gate,0,0,0,0.0,,,,,
BALMLAWRIE,5,False,never_passed_scanner_and_20_session_volume_gate,0,0,0,0.0,,,,,
BALPHARMA,1,False,no_qualifying_entry,0,0,0,0.0,0.0,0.01,13396.0,36.0,
BALPHARMA,5,False,no_qualifying_entry,0,0,0,0.0,0.0,0.01,13396.0,36.0,
BANG,1,False,never_passed_scanner_and_20_session_volume_gate,0,0,0,0.0,,,,,
BANG,5,False,never_passed_scanner_and_20_session_volume_gate,0,0,0,0.0,,,,,
BBOX,1,False,no_qualifying_entry,0,0,0,0.0,0.0,0.05,13507.0,36.0,
BBOX,5,False,no_qualifying_entry,0,0,0,0.0,0.0,0.05,13507.0,36.0,
BHAGYANGR,1,False,never_passed_scanner_and_20_session_volume_gate,0,0,0,0.0,,,,,
BHAGYANGR,5,False,never_passed_scanner_and_20_session_volume_gate,0,0,0,0.0,,,,,
BIL,1,False,never_passed_scanner_and_20_session_volume_gate,0,0,0,0.0,,,,,
BIL,5,False,never_passed_scanner_and_20_session_volume_gate,0,0,0,0.0,,,,,
BIOFILCHEM,1,True,never_passed_scanner_and_20_session_volume_gate,0,0,0,0.0,,,,,
BIOFILCHEM,5,True,never_passed_scanner_and_20_session_volume_gate,0,0,0,0.0,,,,,
BIRLACABLE,1,False,no_qualifying_entry,0,0,0,0.0,0.0,0.05,13510.0,36.0,
BIRLACABLE,5,False,no_qualifying_entry,0,0,0,0.0,0.0,0.05,13510.0,36.0,
BLIL,1,True,never_passed_scanner_and_20_session_volume_gate,0,0,0,0.0,,,,,
BLIL,5,True,never_passed_scanner_and_20_session_volume_gate,0,0,0,0.0,,,,,
BLUSPRING,1,False,never_passed_scanner_and_20_session_volume_gate,0,0,0,0.0,,,,,
BLUSPRING,5,False,never_passed_scanner_and_20_session_volume_gate,0,0,0,0.0,,,,,
BNAGROCHEM,1,False,never_passed_scanner_and_20_session_volume_gate,0,0,0,0.0,,,,,
BNAGROCHEM,5,False,never_passed_scanner_and_20_session_volume_gate,0,0,0,0.0,,,,,
BODALCHEM,1,True,never_passed_scanner_and_20_session_volume_gate,0,0,0,0.0,,,,,
BODALCHEM,5,True,never_passed_scanner_and_20_session_volume_gate,0,0,0,0.0,,,,,
BONLON,1,False,never_passed_scanner_and_20_session_volume_gate,0,0,0,0.0,,,,,
BONLON,5,False,never_passed_scanner_and_20_session_volume_gate,0,0,0,0.0,,,,,
BPLPHARMA,1,True,not_selected_in_reconstructed_lists,0,0,0,0.0,,,,,
BPLPHARMA,5,True,not_selected_in_reconstructed_lists,0,0,0,0.0,,,,,
BSOFT,1,False,evaluated,1,1,0,-426.70649999999176,99843.15000000001,0.05,13507.0,36.0,
BSOFT,5,False,no_qualifying_entry,0,0,0,0.0,0.0,0.05,13507.0,36.0,
CEINSYS,1,False,never_passed_scanner_and_20_session_volume_gate,0,0,0,0.0,,,,,
CEINSYS,5,False,never_passed_scanner_and_20_session_volume_gate,0,0,0,0.0,,,,,
CENTEXT,1,False,never_passed_scanner_and_20_session_volume_gate,0,0,0,0.0,,,,,
CENTEXT,5,False,never_passed_scanner_and_20_session_volume_gate,0,0,0,0.0,,,,,
CEWATER,1,False,never_passed_scanner_and_20_session_volume_gate,0,0,0,0.0,,,,,
CEWATER,5,False,never_passed_scanner_and_20_session_volume_gate,0,0,0,0.0,,,,,
CFEL,1,True,never_passed_scanner_and_20_session_volume_gate,0,0,0,0.0,,,,,
CFEL,5,True,never_passed_scanner_and_20_session_volume_gate,0,0,0,0.0,,,,,
CHEMBOND,1,False,never_passed_scanner_and_20_session_volume_gate,0,0,0,0.0,,,,,
CHEMBOND,5,False,never_passed_scanner_and_20_session_volume_gate,0,0,0,0.0,,,,,
CHEMICAL,1,False,no_qualifying_entry,0,0,0,0.0,0.0,0.01,13500.0,36.0,
CHEMICAL,5,False,no_qualifying_entry,0,0,0,0.0,0.0,0.01,13500.0,36.0,
COCHINSHIP,1,True,evaluated,1,0,1,858.8550500000129,99889.90000000001,0.1,13507.0,36.0,
COCHINSHIP,5,True,no_qualifying_entry,0,0,0,0.0,0.0,0.1,13507.0,36.0,
CONFIPET,1,False,never_passed_scanner_and_20_session_volume_gate,0,0,0,0.0,,,,,
CONFIPET,5,False,never_passed_scanner_and_20_session_volume_gate,0,0,0,0.0,,,,,
CONTROLPR,1,True,evaluated,1,1,0,-370.10155000000384,99836.75,0.05,13496.0,36.0,
CONTROLPR,5,True,no_qualifying_entry,0,0,0,0.0,0.0,0.05,13496.0,36.0,
CORDSCABLE,1,False,never_passed_scanner_and_20_session_volume_gate,0,0,0,0.0,,,,,
CORDSCABLE,5,False,never_passed_scanner_and_20_session_volume_gate,0,0,0,0.0,,,,,
CPEDU,1,False,never_passed_scanner_and_20_session_volume_gate,0,0,0,0.0,,,,,
CPEDU,5,False,never_passed_scanner_and_20_session_volume_gate,0,0,0,0.0,,,,,
CPSEETF,1,False,never_passed_scanner_and_20_session_volume_gate,0,0,0,0.0,,,,,
CPSEETF,5,False,never_passed_scanner_and_20_session_volume_gate,0,0,0,0.0,,,,,
CREATIVEYE,1,True,no_qualifying_entry,0,0,0,0.0,0.0,0.01,13079.0,36.0,
CREATIVEYE,5,True,no_qualifying_entry,0,0,0,0.0,0.0,0.01,13079.0,36.0,
CRESTO,1,False,never_passed_scanner_and_20_session_volume_gate,0,0,0,0.0,,,,,
CRESTO,5,False,never_passed_scanner_and_20_session_volume_gate,0,0,0,0.0,,,,,
CRIZAC,1,False,never_passed_scanner_and_20_session_volume_gate,0,0,0,0.0,,,,,
CRIZAC,5,False,never_passed_scanner_and_20_session_volume_gate,0,0,0,0.0,,,,,
CSLFINANCE,1,True,never_passed_scanner_and_20_session_volume_gate,0,0,0,0.0,,,,,
CSLFINANCE,5,True,never_passed_scanner_and_20_session_volume_gate,0,0,0,0.0,,,,,
CSM,1,False,never_passed_scanner_and_20_session_volume_gate,0,0,0,0.0,,,,,
CSM,5,False,never_passed_scanner_and_20_session_volume_gate,0,0,0,0.0,,,,,
DAVANGERE,1,True,never_passed_scanner_and_20_session_volume_gate,0,0,0,0.0,,,,,
DAVANGERE,5,True,never_passed_scanner_and_20_session_volume_gate,0,0,0,0.0,,,,,
DECCANCE,1,True,not_selected_in_reconstructed_lists,0,0,0,0.0,,,,,
DECCANCE,5,True,not_selected_in_reconstructed_lists,0,0,0,0.0,,,,,
DEEP,1,True,never_passed_scanner_and_20_session_volume_gate,0,0,0,0.0,,,,,
DEEP,5,True,never_passed_scanner_and_20_session_volume_gate,0,0,0,0.0,,,,,
DEEPA,1,False,never_passed_scanner_and_20_session_volume_gate,0,0,0,0.0,,,,,
DEEPA,5,False,never_passed_scanner_and_20_session_volume_gate,0,0,0,0.0,,,,,
DEVIT,1,False,never_passed_scanner_and_20_session_volume_gate,0,0,0,0.0,,,,,
DEVIT,5,False,never_passed_scanner_and_20_session_volume_gate,0,0,0,0.0,,,,,
DHATRE,1,False,never_passed_scanner_and_20_session_volume_gate,0,0,0,0.0,,,,,
DHATRE,5,False,never_passed_scanner_and_20_session_volume_gate,0,0,0,0.0,,,,,
DHOOTTRANS,1,True,never_passed_scanner_and_20_session_volume_gate,0,0,0,0.0,,,,,
DHOOTTRANS,5,True,never_passed_scanner_and_20_session_volume_gate,0,0,0,0.0,,,,,
DICIND,1,False,never_passed_scanner_and_20_session_volume_gate,0,0,0,0.0,,,,,
DICIND,5,False,never_passed_scanner_and_20_session_volume_gate,0,0,0,0.0,,,,,
DIGISPICE,1,False,never_passed_scanner_and_20_session_volume_gate,0,0,0,0.0,,,,,
DIGISPICE,5,False,never_passed_scanner_and_20_session_volume_gate,0,0,0,0.0,,,,,
DIGJAMLMTD,1,True,evaluated,2,1,1,-2810.425410000021,99994.0,0.01,12863.0,36.0,
DIGJAMLMTD,5,True,no_qualifying_entry,0,0,0,0.0,0.0,0.01,12863.0,36.0,
DISHTV,1,False,never_passed_scanner_and_20_session_volume_gate,0,0,0,0.0,,,,,
DISHTV,5,False,never_passed_scanner_and_20_session_volume_gate,0,0,0,0.0,,,,,
DIXON,1,False,never_passed_scanner_and_20_session_volume_gate,0,0,0,0.0,,,,,
DIXON,5,False,never_passed_scanner_and_20_session_volume_gate,0,0,0,0.0,,,,,
DLF,1,False,never_passed_scanner_and_20_session_volume_gate,0,0,0,0.0,,,,,
DLF,5,False,never_passed_scanner_and_20_session_volume_gate,0,0,0,0.0,,,,,
DOLPHIN,1,False,never_passed_scanner_and_20_session_volume_gate,0,0,0,0.0,,,,,
DOLPHIN,5,False,never_passed_scanner_and_20_session_volume_gate,0,0,0,0.0,,,,,
DSSL,1,False,never_passed_scanner_and_20_session_volume_gate,0,0,0,0.0,,,,,
DSSL,5,False,never_passed_scanner_and_20_session_volume_gate,0,0,0,0.0,,,,,
DYNAMATECH,1,True,evaluated,1,1,0,-801.272,97624.0,1.0,13507.0,36.0,
DYNAMATECH,5,True,no_qualifying_entry,0,0,0,0.0,0.0,1.0,13507.0,36.0,
EBANK10,1,True,not_selected_in_reconstructed_lists,0,0,0,0.0,,,,,
EBANK10,5,True,not_selected_in_reconstructed_lists,0,0,0,0.0,,,,,
EDELWEISS,1,False,never_passed_scanner_and_20_session_volume_gate,0,0,0,0.0,,,,,
EDELWEISS,5,False,never_passed_scanner_and_20_session_volume_gate,0,0,0,0.0,,,,,
EIEL,1,False,never_passed_scanner_and_20_session_volume_gate,0,0,0,0.0,,,,,
EIEL,5,False,never_passed_scanner_and_20_session_volume_gate,0,0,0,0.0,,,,,
ELANTAS,1,True,no_qualifying_entry,0,0,0,0.0,0.0,1.0,13368.0,36.0,
ELANTAS,5,True,no_qualifying_entry,0,0,0,0.0,0.0,1.0,13368.0,36.0,
ELECTCAST,1,False,never_passed_scanner_and_20_session_volume_gate,0,0,0,0.0,,,,,
ELECTCAST,5,False,never_passed_scanner_and_20_session_volume_gate,0,0,0,0.0,,,,,
ELECTHERM,1,True,evaluated,1,0,1,233.54099999999283,99918.0,0.05,13479.0,36.0,
ELECTHERM,5,True,no_qualifying_entry,0,0,0,0.0,0.0,0.05,13479.0,36.0,
ELITECON,1,False,never_passed_scanner_and_20_session_volume_gate,0,0,0,0.0,,,,,
ELITECON,5,False,never_passed_scanner_and_20_session_volume_gate,0,0,0,0.0,,,,,
EMBDL,1,False,never_passed_scanner_and_20_session_volume_gate,0,0,0,0.0,,,,,
EMBDL,5,False,never_passed_scanner_and_20_session_volume_gate,0,0,0,0.0,,,,,
EMETAL,1,True,no_qualifying_entry,0,0,0,0.0,0.0,0.01,12135.0,33.0,
EMETAL,5,True,no_qualifying_entry,0,0,0,0.0,0.0,0.01,12135.0,33.0,
EMPOWER,1,False,never_passed_scanner_and_20_session_volume_gate,0,0,0,0.0,,,,,
EMPOWER,5,False,never_passed_scanner_and_20_session_volume_gate,0,0,0,0.0,,,,,
ENTERO,1,False,never_passed_scanner_and_20_session_volume_gate,0,0,0,0.0,,,,,
ENTERO,5,False,never_passed_scanner_and_20_session_volume_gate,0,0,0,0.0,,,,,
EPACKPEB,1,False,never_passed_scanner_and_20_session_volume_gate,0,0,0,0.0,,,,,
EPACKPEB,5,False,never_passed_scanner_and_20_session_volume_gate,0,0,0,0.0,,,,,
ESDS,1,True,never_passed_scanner_and_20_session_volume_gate,0,0,0,0.0,,,,,
ESDS,5,True,never_passed_scanner_and_20_session_volume_gate,0,0,0,0.0,,,,,
ESILVER,1,False,never_passed_scanner_and_20_session_volume_gate,0,0,0,0.0,,,,,
ESILVER,5,False,never_passed_scanner_and_20_session_volume_gate,0,0,0,0.0,,,,,
EUROPRATIK,1,False,never_passed_scanner_and_20_session_volume_gate,0,0,0,0.0,,,,,
EUROPRATIK,5,False,never_passed_scanner_and_20_session_volume_gate,0,0,0,0.0,,,,,
FILATEX,1,True,evaluated,3,2,1,738.0507499999876,99996.36000000002,0.01,13507.0,36.0,
FILATEX,5,True,no_qualifying_entry,0,0,0,0.0,0.0,0.01,13507.0,36.0,
FILATFASH,1,False,never_passed_scanner_and_20_session_volume_gate,0,0,0,0.0,,,,,
FILATFASH,5,False,never_passed_scanner_and_20_session_volume_gate,0,0,0,0.0,,,,,
FINCABLES,1,False,never_passed_scanner_and_20_session_volume_gate,0,0,0,0.0,,,,,
FINCABLES,5,False,never_passed_scanner_and_20_session_volume_gate,0,0,0,0.0,,,,,
FIVESTAR,1,False,no_qualifying_entry,0,0,0,0.0,0.0,0.05,13507.0,36.0,
FIVESTAR,5,False,no_qualifying_entry,0,0,0,0.0,0.0,0.05,13507.0,36.0,
FOSECOIND,1,False,never_passed_scanner_and_20_session_volume_gate,0,0,0,0.0,,,,,
FOSECOIND,5,False,never_passed_scanner_and_20_session_volume_gate,0,0,0,0.0,,,,,
GAYAPROJ,1,False,never_passed_scanner_and_20_session_volume_gate,0,0,0,0.0,,,,,
GAYAPROJ,5,False,never_passed_scanner_and_20_session_volume_gate,0,0,0,0.0,,,,,
GEEKAYWIRE,1,False,never_passed_scanner_and_20_session_volume_gate,0,0,0,0.0,,,,,
GEEKAYWIRE,5,False,never_passed_scanner_and_20_session_volume_gate,0,0,0,0.0,,,,,
GENESYS,1,False,never_passed_scanner_and_20_session_volume_gate,0,0,0,0.0,,,,,
GENESYS,5,False,never_passed_scanner_and_20_session_volume_gate,0,0,0,0.0,,,,,
GFSTEELS,1,False,never_passed_scanner_and_20_session_volume_gate,0,0,0,0.0,,,,,
GFSTEELS,5,False,never_passed_scanner_and_20_session_volume_gate,0,0,0,0.0,,,,,
GIPCL,1,False,never_passed_scanner_and_20_session_volume_gate,0,0,0,0.0,,,,,
GIPCL,5,False,never_passed_scanner_and_20_session_volume_gate,0,0,0,0.0,,,,,
GLOBAL,1,False,never_passed_scanner_and_20_session_volume_gate,0,0,0,0.0,,,,,
GLOBAL,5,False,never_passed_scanner_and_20_session_volume_gate,0,0,0,0.0,,,,,
GLOBALVECT,1,False,no_qualifying_entry,0,0,0,0.0,0.0,0.01,13405.0,36.0,
GLOBALVECT,5,False,no_qualifying_entry,0,0,0,0.0,0.0,0.01,13405.0,36.0,
GOACARBON,1,False,never_passed_scanner_and_20_session_volume_gate,0,0,0,0.0,,,,,
GOACARBON,5,False,never_passed_scanner_and_20_session_volume_gate,0,0,0,0.0,,,,,
GODREJPROP,1,True,no_qualifying_entry,0,0,0,0.0,0.0,0.1,13507.0,36.0,
GODREJPROP,5,True,no_qualifying_entry,0,0,0,0.0,0.0,0.1,13507.0,36.0,
GOKUL,1,False,never_passed_scanner_and_20_session_volume_gate,0,0,0,0.0,,,,,
GOKUL,5,False,never_passed_scanner_and_20_session_volume_gate,0,0,0,0.0,,,,,
GOLDADD,1,False,never_passed_scanner_and_20_session_volume_gate,0,0,0,0.0,,,,,
GOLDADD,5,False,never_passed_scanner_and_20_session_volume_gate,0,0,0,0.0,,,,,
GPIL,1,False,never_passed_scanner_and_20_session_volume_gate,0,0,0,0.0,,,,,
GPIL,5,False,never_passed_scanner_and_20_session_volume_gate,0,0,0,0.0,,,,,
GRANULES,1,False,evaluated,1,1,0,-551.8242,99598.20000000001,0.05,13507.0,36.0,
GRANULES,5,False,no_qualifying_entry,0,0,0,0.0,0.0,0.05,13507.0,36.0,
GRAPHITE,1,False,never_passed_scanner_and_20_session_volume_gate,0,0,0,0.0,,,,,
GRAPHITE,5,False,never_passed_scanner_and_20_session_volume_gate,0,0,0,0.0,,,,,
GRAVISSHO,1,True,no_qualifying_entry,0,0,0,0.0,0.0,0.01,10986.0,36.0,
GRAVISSHO,5,True,no_qualifying_entry,0,0,0,0.0,0.0,0.01,10986.0,36.0,
GREENPANEL,1,False,never_passed_scanner_and_20_session_volume_gate,0,0,0,0.0,,,,,
GREENPANEL,5,False,never_passed_scanner_and_20_session_volume_gate,0,0,0,0.0,,,,,
GROWWCHEM,1,True,not_selected_in_reconstructed_lists,0,0,0,0.0,,,,,
GROWWCHEM,5,True,not_selected_in_reconstructed_lists,0,0,0,0.0,,,,,
GROWWLOVOL,1,False,never_passed_scanner_and_20_session_volume_gate,0,0,0,0.0,,,,,
GROWWLOVOL,5,False,never_passed_scanner_and_20_session_volume_gate,0,0,0,0.0,,,,,
GROWWMETAL,1,False,never_passed_scanner_and_20_session_volume_gate,0,0,0,0.0,,,,,
GROWWMETAL,5,False,never_passed_scanner_and_20_session_volume_gate,0,0,0,0.0,,,,,
GROWWPOWER,1,False,no_qualifying_entry,0,0,0,0.0,0.0,0.01,13500.0,36.0,
GROWWPOWER,5,False,no_qualifying_entry,0,0,0,0.0,0.0,0.01,13500.0,36.0,
GROWWRAIL,1,False,no_qualifying_entry,0,0,0,0.0,0.0,0.01,13500.0,36.0,
GROWWRAIL,5,False,no_qualifying_entry,0,0,0,0.0,0.0,0.01,13500.0,36.0,
GROWWRLTY,1,True,no_qualifying_entry,0,0,0,0.0,0.0,0.01,13500.0,36.0,
GROWWRLTY,5,True,no_qualifying_entry,0,0,0,0.0,0.0,0.01,13500.0,36.0,
GROWWSLVR,1,False,never_passed_scanner_and_20_session_volume_gate,0,0,0,0.0,,,,,
GROWWSLVR,5,False,never_passed_scanner_and_20_session_volume_gate,0,0,0,0.0,,,,,
GSEC10IETF,1,True,not_selected_in_reconstructed_lists,0,0,0,0.0,,,,,
GSEC10IETF,5,True,not_selected_in_reconstructed_lists,0,0,0,0.0,,,,,
GSFC,1,False,never_passed_scanner_and_20_session_volume_gate,0,0,0,0.0,,,,,
GSFC,5,False,never_passed_scanner_and_20_session_volume_gate,0,0,0,0.0,,,,,
GSPCROP,1,False,never_passed_scanner_and_20_session_volume_gate,0,0,0,0.0,,,,,
GSPCROP,5,False,never_passed_scanner_and_20_session_volume_gate,0,0,0,0.0,,,,,
GUJENERGY,1,True,never_passed_scanner_and_20_session_volume_gate,0,0,0,0.0,,,,,
GUJENERGY,5,True,never_passed_scanner_and_20_session_volume_gate,0,0,0,0.0,,,,,
HAVISHA,1,False,never_passed_scanner_and_20_session_volume_gate,0,0,0,0.0,,,,,
HAVISHA,5,False,never_passed_scanner_and_20_session_volume_gate,0,0,0,0.0,,,,,
HDFCSILVER,1,False,never_passed_scanner_and_20_session_volume_gate,0,0,0,0.0,,,,,
HDFCSILVER,5,False,never_passed_scanner_and_20_session_volume_gate,0,0,0,0.0,,,,,
HEALTHADD,1,False,never_passed_scanner_and_20_session_volume_gate,0,0,0,0.0,,,,,
HEALTHADD,5,False,never_passed_scanner_and_20_session_volume_gate,0,0,0,0.0,,,,,
HEALTHCARE,1,False,no_qualifying_entry,0,0,0,0.0,0.0,0.01,13472.0,36.0,
HEALTHCARE,5,False,evaluated,1,0,1,-279.84237500000324,99984.75,0.01,13472.0,36.0,
HEIDELBERG,1,True,never_passed_scanner_and_20_session_volume_gate,0,0,0,0.0,,,,,
HEIDELBERG,5,True,never_passed_scanner_and_20_session_volume_gate,0,0,0,0.0,,,,,
HERITGFOOD,1,True,no_qualifying_entry,0,0,0,0.0,0.0,0.05,13507.0,36.0,
HERITGFOOD,5,True,no_qualifying_entry,0,0,0,0.0,0.0,0.05,13507.0,36.0,
HIKAL,1,False,never_passed_scanner_and_20_session_volume_gate,0,0,0,0.0,,,,,
HIKAL,5,False,never_passed_scanner_and_20_session_volume_gate,0,0,0,0.0,,,,,
HINDALCO,1,False,never_passed_scanner_and_20_session_volume_gate,0,0,0,0.0,,,,,
HINDALCO,5,False,never_passed_scanner_and_20_session_volume_gate,0,0,0,0.0,,,,,
HINDCOPPER,1,False,never_passed_scanner_and_20_session_volume_gate,0,0,0,0.0,,,,,
HINDCOPPER,5,False,never_passed_scanner_and_20_session_volume_gate,0,0,0,0.0,,,,,
HINDOILEXP,1,False,never_passed_scanner_and_20_session_volume_gate,0,0,0,0.0,,,,,
HINDOILEXP,5,False,never_passed_scanner_and_20_session_volume_gate,0,0,0,0.0,,,,,
HINDZINC,1,False,never_passed_scanner_and_20_session_volume_gate,0,0,0,0.0,,,,,
HINDZINC,5,False,never_passed_scanner_and_20_session_volume_gate,0,0,0,0.0,,,,,
HPAL,1,True,evaluated,5,5,0,-6071.943989999988,99997.6,0.01,13481.0,36.0,
HPAL,5,True,no_qualifying_entry,0,0,0,0.0,0.0,0.01,13481.0,36.0,
HUHTAMAKI,1,False,never_passed_scanner_and_20_session_volume_gate,0,0,0,0.0,,,,,
HUHTAMAKI,5,False,never_passed_scanner_and_20_session_volume_gate,0,0,0,0.0,,,,,
HYBRIDETF,1,True,no_qualifying_entry,0,0,0,0.0,0.0,0.01,10969.0,30.0,
HYBRIDETF,5,True,no_qualifying_entry,0,0,0,0.0,0.0,0.01,10969.0,30.0,
IBULLSLTD,1,False,no_qualifying_entry,0,0,0,0.0,0.0,0.01,13507.0,36.0,
IBULLSLTD,5,False,no_qualifying_entry,0,0,0,0.0,0.0,0.01,13507.0,36.0,
IDBI,1,False,never_passed_scanner_and_20_session_volume_gate,0,0,0,0.0,,,,,
IDBI,5,False,never_passed_scanner_and_20_session_volume_gate,0,0,0,0.0,,,,,
IDFNIFTYET,1,False,never_passed_scanner_and_20_session_volume_gate,0,0,0,0.0,,,,,
IDFNIFTYET,5,False,never_passed_scanner_and_20_session_volume_gate,0,0,0,0.0,,,,,
IFCI,1,False,never_passed_scanner_and_20_session_volume_gate,0,0,0,0.0,,,,,
IFCI,5,False,never_passed_scanner_and_20_session_volume_gate,0,0,0,0.0,,,,,
IFGLEXPOR,1,False,never_passed_scanner_and_20_session_volume_gate,0,0,0,0.0,,,,,
IFGLEXPOR,5,False,never_passed_scanner_and_20_session_volume_gate,0,0,0,0.0,,,,,
IKIO,1,False,never_passed_scanner_and_20_session_volume_gate,0,0,0,0.0,,,,,
IKIO,5,False,never_passed_scanner_and_20_session_volume_gate,0,0,0,0.0,,,,,
INCREDIBLE,1,True,not_selected_in_reconstructed_lists,0,0,0,0.0,,,,,
INCREDIBLE,5,True,not_selected_in_reconstructed_lists,0,0,0,0.0,,,,,
INDNIPPON,1,False,never_passed_scanner_and_20_session_volume_gate,0,0,0,0.0,,,,,
INDNIPPON,5,False,never_passed_scanner_and_20_session_volume_gate,0,0,0,0.0,,,,,
INDOCO,1,False,no_qualifying_entry,0,0,0,0.0,0.0,0.01,13507.0,36.0,
INDOCO,5,False,no_qualifying_entry,0,0,0,0.0,0.0,0.01,13507.0,36.0,
INDORAMA,1,False,never_passed_scanner_and_20_session_volume_gate,0,0,0,0.0,,,,,
INDORAMA,5,False,never_passed_scanner_and_20_session_volume_gate,0,0,0,0.0,,,,,
INDOTHAI,1,True,evaluated,1,0,1,-989.5867199999966,99973.44,0.01,13507.0,36.0,
INDOTHAI,5,True,no_qualifying_entry,0,0,0,0.0,0.0,0.01,13507.0,36.0,
INDSWFTLAB,1,False,never_passed_scanner_and_20_session_volume_gate,0,0,0,0.0,,,,,
INDSWFTLAB,5,False,never_passed_scanner_and_20_session_volume_gate,0,0,0,0.0,,,,,
INDUSTOWER,1,True,evaluated,1,0,1,-178.4865,99973.0,0.05,13507.0,36.0,
INDUSTOWER,5,True,no_qualifying_entry,0,0,0,0.0,0.0,0.05,13507.0,36.0,
INFRA,1,False,excluded,0,0,0,,,,,,insufficient_warmup_history
INFRA,5,False,excluded,0,0,0,,,,,,insufficient_warmup_history
IOLCP,1,False,never_passed_scanner_and_20_session_volume_gate,0,0,0,0.0,,,,,
IOLCP,5,False,never_passed_scanner_and_20_session_volume_gate,0,0,0,0.0,,,,,
ISHANCH,1,False,never_passed_scanner_and_20_session_volume_gate,0,0,0,0.0,,,,,
ISHANCH,5,False,never_passed_scanner_and_20_session_volume_gate,0,0,0,0.0,,,,,
ITBETA,1,False,never_passed_scanner_and_20_session_volume_gate,0,0,0,0.0,,,,,
ITBETA,5,False,never_passed_scanner_and_20_session_volume_gate,0,0,0,0.0,,,,,
ITDC,1,False,evaluated,1,1,0,-906.4584000000033,99655.20000000001,0.05,13507.0,36.0,
ITDC,5,False,no_qualifying_entry,0,0,0,0.0,0.0,0.05,13507.0,36.0,
IVC,1,True,never_passed_scanner_and_20_session_volume_gate,0,0,0,0.0,,,,,
IVC,5,True,never_passed_scanner_and_20_session_volume_gate,0,0,0,0.0,,,,,
JAIBALAJI,1,True,never_passed_scanner_and_20_session_volume_gate,0,0,0,0.0,,,,,
JAIBALAJI,5,True,never_passed_scanner_and_20_session_volume_gate,0,0,0,0.0,,,,,
JAYAGROGN,1,True,never_passed_scanner_and_20_session_volume_gate,0,0,0,0.0,,,,,
JAYAGROGN,5,True,never_passed_scanner_and_20_session_volume_gate,0,0,0,0.0,,,,,
JHS,1,True,evaluated,1,0,1,412.96032000001065,99999.36,0.01,13400.0,36.0,
JHS,5,True,no_qualifying_entry,0,0,0,0.0,0.0,0.01,13400.0,36.0,
JINDALPOLY,1,False,never_passed_scanner_and_20_session_volume_gate,0,0,0,0.0,,,,,
JINDALPOLY,5,False,never_passed_scanner_and_20_session_volume_gate,0,0,0,0.0,,,,,
JINDRILL,1,False,never_passed_scanner_and_20_session_volume_gate,0,0,0,0.0,,,,,
JINDRILL,5,False,never_passed_scanner_and_20_session_volume_gate,0,0,0,0.0,,,,,
JINDWORLD,1,True,never_passed_scanner_and_20_session_volume_gate,0,0,0,0.0,,,,,
JINDWORLD,5,True,never_passed_scanner_and_20_session_volume_gate,0,0,0,0.0,,,,,
JSFB,1,False,never_passed_scanner_and_20_session_volume_gate,0,0,0,0.0,,,,,
JSFB,5,False,never_passed_scanner_and_20_session_volume_gate,0,0,0,0.0,,,,,
KALYANKJIL,1,False,never_passed_scanner_and_20_session_volume_gate,0,0,0,0.0,,,,,
KALYANKJIL,5,False,never_passed_scanner_and_20_session_volume_gate,0,0,0,0.0,,,,,
KAMOPAINTS,1,False,never_passed_scanner_and_20_session_volume_gate,0,0,0,0.0,,,,,
KAMOPAINTS,5,False,never_passed_scanner_and_20_session_volume_gate,0,0,0,0.0,,,,,
KANANIIND,1,False,never_passed_scanner_and_20_session_volume_gate,0,0,0,0.0,,,,,
KANANIIND,5,False,never_passed_scanner_and_20_session_volume_gate,0,0,0,0.0,,,,,
KARMAENG,1,False,never_passed_scanner_and_20_session_volume_gate,0,0,0,0.0,,,,,
KARMAENG,5,False,never_passed_scanner_and_20_session_volume_gate,0,0,0,0.0,,,,,
KAVDEFENCE,1,True,evaluated,1,1,0,-661.4723250000009,99981.72,0.01,13511.0,36.0,
KAVDEFENCE,5,True,evaluated,1,0,1,-264.3292749999878,99958.55,0.01,13511.0,36.0,
KEI,1,False,never_passed_scanner_and_20_session_volume_gate,0,0,0,0.0,,,,,
KEI,5,False,never_passed_scanner_and_20_session_volume_gate,0,0,0,0.0,,,,,
KELLTONTEC,1,True,never_passed_scanner_and_20_session_volume_gate,0,0,0,0.0,,,,,
KELLTONTEC,5,True,never_passed_scanner_and_20_session_volume_gate,0,0,0,0.0,,,,,
KENNAMET,1,True,never_passed_scanner_and_20_session_volume_gate,0,0,0,0.0,,,,,
KENNAMET,5,True,never_passed_scanner_and_20_session_volume_gate,0,0,0,0.0,,,,,
KIRIINDUS,1,False,never_passed_scanner_and_20_session_volume_gate,0,0,0,0.0,,,,,
KIRIINDUS,5,False,never_passed_scanner_and_20_session_volume_gate,0,0,0,0.0,,,,,
KIRLOSIND,1,True,not_selected_in_reconstructed_lists,0,0,0,0.0,,,,,
KIRLOSIND,5,True,not_selected_in_reconstructed_lists,0,0,0,0.0,,,,,
KOPRAN,1,False,never_passed_scanner_and_20_session_volume_gate,0,0,0,0.0,,,,,
KOPRAN,5,False,never_passed_scanner_and_20_session_volume_gate,0,0,0,0.0,,,,,
KOTIC,1,True,never_passed_scanner_and_20_session_volume_gate,0,0,0,0.0,,,,,
KOTIC,5,True,never_passed_scanner_and_20_session_volume_gate,0,0,0,0.0,,,,,
KREBSBIO,1,False,never_passed_scanner_and_20_session_volume_gate,0,0,0,0.0,,,,,
KREBSBIO,5,False,never_passed_scanner_and_20_session_volume_gate,0,0,0,0.0,,,,,
KSHINTL,1,False,never_passed_scanner_and_20_session_volume_gate,0,0,0,0.0,,,,,
KSHINTL,5,False,never_passed_scanner_and_20_session_volume_gate,0,0,0,0.0,,,,,
KSHITIJPOL,1,False,never_passed_scanner_and_20_session_volume_gate,0,0,0,0.0,,,,,
KSHITIJPOL,5,False,never_passed_scanner_and_20_session_volume_gate,0,0,0,0.0,,,,,
KSR,1,False,never_passed_scanner_and_20_session_volume_gate,0,0,0,0.0,,,,,
KSR,5,False,never_passed_scanner_and_20_session_volume_gate,0,0,0,0.0,,,,,
KUANTUM,1,False,never_passed_scanner_and_20_session_volume_gate,0,0,0,0.0,,,,,
KUANTUM,5,False,never_passed_scanner_and_20_session_volume_gate,0,0,0,0.0,,,,,
KWIL,1,True,never_passed_scanner_and_20_session_volume_gate,0,0,0,0.0,,,,,
KWIL,5,True,never_passed_scanner_and_20_session_volume_gate,0,0,0,0.0,,,,,
LADDERUP,1,True,never_passed_scanner_and_20_session_volume_gate,0,0,0,0.0,,,,,
LADDERUP,5,True,never_passed_scanner_and_20_session_volume_gate,0,0,0,0.0,,,,,
LAL,1,False,never_passed_scanner_and_20_session_volume_gate,0,0,0,0.0,,,,,
LAL,5,False,never_passed_scanner_and_20_session_volume_gate,0,0,0,0.0,,,,,
LANDSMILL,1,False,never_passed_scanner_and_20_session_volume_gate,0,0,0,0.0,,,,,
LANDSMILL,5,False,never_passed_scanner_and_20_session_volume_gate,0,0,0,0.0,,,,,
LATTEYS,1,False,never_passed_scanner_and_20_session_volume_gate,0,0,0,0.0,,,,,
LATTEYS,5,False,never_passed_scanner_and_20_session_volume_gate,0,0,0,0.0,,,,,
LCCINFOTEC,1,False,never_passed_scanner_and_20_session_volume_gate,0,0,0,0.0,,,,,
LCCINFOTEC,5,False,never_passed_scanner_and_20_session_volume_gate,0,0,0,0.0,,,,,
LEAPIND,1,False,never_passed_scanner_and_20_session_volume_gate,0,0,0,0.0,,,,,
LEAPIND,5,False,never_passed_scanner_and_20_session_volume_gate,0,0,0,0.0,,,,,
LFIC,1,True,not_selected_in_reconstructed_lists,0,0,0,0.0,,,,,
LFIC,5,True,not_selected_in_reconstructed_lists,0,0,0,0.0,,,,,
LGHL,1,False,never_passed_scanner_and_20_session_volume_gate,0,0,0,0.0,,,,,
LGHL,5,False,never_passed_scanner_and_20_session_volume_gate,0,0,0,0.0,,,,,
LIBAS,1,True,no_qualifying_entry,0,0,0,0.0,0.0,0.01,13290.0,36.0,
LIBAS,5,True,no_qualifying_entry,0,0,0,0.0,0.0,0.01,13290.0,36.0,
LICNETFN50,1,False,no_qualifying_entry,0,0,0,0.0,0.0,0.01,13231.0,36.0,
LICNETFN50,5,False,no_qualifying_entry,0,0,0,0.0,0.0,0.01,13231.0,36.0,
LICNMID100,1,True,no_qualifying_entry,0,0,0,0.0,0.0,0.01,13239.0,36.0,
LICNMID100,5,True,no_qualifying_entry,0,0,0,0.0,0.0,0.01,13239.0,36.0,
LIKHITHA,1,False,never_passed_scanner_and_20_session_volume_gate,0,0,0,0.0,,,,,
LIKHITHA,5,False,never_passed_scanner_and_20_session_volume_gate,0,0,0,0.0,,,,,
LODHA,1,True,no_qualifying_entry,0,0,0,0.0,0.0,0.1,13507.0,36.0,
LODHA,5,True,no_qualifying_entry,0,0,0,0.0,0.0,0.1,13507.0,36.0,
LOYALTEX,1,True,not_selected_in_reconstructed_lists,0,0,0,0.0,,,,,
LOYALTEX,5,True,not_selected_in_reconstructed_lists,0,0,0,0.0,,,,,
LPDC,1,False,never_passed_scanner_and_20_session_volume_gate,0,0,0,0.0,,,,,
LPDC,5,False,never_passed_scanner_and_20_session_volume_gate,0,0,0,0.0,,,,,
LUMINO,1,False,never_passed_scanner_and_20_session_volume_gate,0,0,0,0.0,,,,,
LUMINO,5,False,never_passed_scanner_and_20_session_volume_gate,0,0,0,0.0,,,,,
MACPOWER,1,False,never_passed_scanner_and_20_session_volume_gate,0,0,0,0.0,,,,,
MACPOWER,5,False,never_passed_scanner_and_20_session_volume_gate,0,0,0,0.0,,,,,
MAFANG,1,True,never_passed_scanner_and_20_session_volume_gate,0,0,0,0.0,,,,,
MAFANG,5,True,never_passed_scanner_and_20_session_volume_gate,0,0,0,0.0,,,,,
MAGADSUGAR,1,False,never_passed_scanner_and_20_session_volume_gate,0,0,0,0.0,,,,,
MAGADSUGAR,5,False,never_passed_scanner_and_20_session_volume_gate,0,0,0,0.0,,,,,
MAGNUM,1,False,never_passed_scanner_and_20_session_volume_gate,0,0,0,0.0,,,,,
MAGNUM,5,False,never_passed_scanner_and_20_session_volume_gate,0,0,0,0.0,,,,,
MANAKSIA,1,False,never_passed_scanner_and_20_session_volume_gate,0,0,0,0.0,,,,,
MANAKSIA,5,False,never_passed_scanner_and_20_session_volume_gate,0,0,0,0.0,,,,,
MANGALAM,1,True,no_qualifying_entry,0,0,0,0.0,0.0,0.01,13453.0,36.0,
MANGALAM,5,True,no_qualifying_entry,0,0,0,0.0,0.0,0.01,13453.0,36.0,
MANINDS,1,False,never_passed_scanner_and_20_session_volume_gate,0,0,0,0.0,,,,,
MANINDS,5,False,never_passed_scanner_and_20_session_volume_gate,0,0,0,0.0,,,,,
MARINE,1,False,never_passed_scanner_and_20_session_volume_gate,0,0,0,0.0,,,,,
MARINE,5,False,never_passed_scanner_and_20_session_volume_gate,0,0,0,0.0,,,,,
MASPTOP50,1,True,no_qualifying_entry,0,0,0,0.0,0.0,0.01,13499.0,36.0,
MASPTOP50,5,True,no_qualifying_entry,0,0,0,0.0,0.0,0.01,13499.0,36.0,
MASTERTR,1,False,never_passed_scanner_and_20_session_volume_gate,0,0,0,0.0,,,,,
MASTERTR,5,False,never_passed_scanner_and_20_session_volume_gate,0,0,0,0.0,,,,,
MCCHRLS-B,1,False,never_passed_scanner_and_20_session_volume_gate,0,0,0,0.0,,,,,
MCCHRLS-B,5,False,never_passed_scanner_and_20_session_volume_gate,0,0,0,0.0,,,,,
MCL,1,False,never_passed_scanner_and_20_session_volume_gate,0,0,0,0.0,,,,,
MCL,5,False,never_passed_scanner_and_20_session_volume_gate,0,0,0,0.0,,,,,
MEDICAMEQ,1,False,never_passed_scanner_and_20_session_volume_gate,0,0,0,0.0,,,,,
MEDICAMEQ,5,False,never_passed_scanner_and_20_session_volume_gate,0,0,0,0.0,,,,,
MEDICAPQ,1,True,never_passed_scanner_and_20_session_volume_gate,0,0,0,0.0,,,,,
MEDICAPQ,5,True,never_passed_scanner_and_20_session_volume_gate,0,0,0,0.0,,,,,
MERCANTILE,1,False,never_passed_scanner_and_20_session_volume_gate,0,0,0,0.0,,,,,
MERCANTILE,5,False,never_passed_scanner_and_20_session_volume_gate,0,0,0,0.0,,,,,
MERCURYEV,1,False,never_passed_scanner_and_20_session_volume_gate,0,0,0,0.0,,,,,
MERCURYEV,5,False,never_passed_scanner_and_20_session_volume_gate,0,0,0,0.0,,,,,
METALIETF,1,True,no_qualifying_entry,0,0,0,0.0,0.0,0.01,13500.0,36.0,
METALIETF,5,True,no_qualifying_entry,0,0,0,0.0,0.0,0.01,13500.0,36.0,
METROBRAND,1,True,no_qualifying_entry,0,0,0,0.0,0.0,0.05,13505.0,36.0,
METROBRAND,5,True,no_qualifying_entry,0,0,0,0.0,0.0,0.05,13505.0,36.0,
METROGLOBL,1,True,not_selected_in_reconstructed_lists,0,0,0,0.0,,,,,
METROGLOBL,5,True,not_selected_in_reconstructed_lists,0,0,0,0.0,,,,,
MIDHANI,1,False,never_passed_scanner_and_20_session_volume_gate,0,0,0,0.0,,,,,
MIDHANI,5,False,never_passed_scanner_and_20_session_volume_gate,0,0,0,0.0,,,,,
MIDWESTLTD,1,True,never_passed_scanner_and_20_session_volume_gate,0,0,0,0.0,,,,,
MIDWESTLTD,5,True,never_passed_scanner_and_20_session_volume_gate,0,0,0,0.0,,,,,
MILKYMIST,1,False,never_passed_scanner_and_20_session_volume_gate,0,0,0,0.0,,,,,
MILKYMIST,5,False,never_passed_scanner_and_20_session_volume_gate,0,0,0,0.0,,,,,
MITTAL,1,False,never_passed_scanner_and_20_session_volume_gate,0,0,0,0.0,,,,,
MITTAL,5,False,never_passed_scanner_and_20_session_volume_gate,0,0,0,0.0,,,,,
MKEXIM,1,True,never_passed_scanner_and_20_session_volume_gate,0,0,0,0.0,,,,,
MKEXIM,5,True,never_passed_scanner_and_20_session_volume_gate,0,0,0,0.0,,,,,
MLKFOOD,1,False,never_passed_scanner_and_20_session_volume_gate,0,0,0,0.0,,,,,
MLKFOOD,5,False,never_passed_scanner_and_20_session_volume_gate,0,0,0,0.0,,,,,
MOBIKWIK,1,False,evaluated,2,2,0,-1438.839240000005,99812.04000000001,0.01,13507.0,36.0,
MOBIKWIK,5,False,no_qualifying_entry,0,0,0,0.0,0.0,0.01,13507.0,36.0,
MOLBIO,1,False,never_passed_scanner_and_20_session_volume_gate,0,0,0,0.0,,,,,
MOLBIO,5,False,never_passed_scanner_and_20_session_volume_gate,0,0,0,0.0,,,,,
MOMETAL,1,True,not_selected_in_reconstructed_lists,0,0,0,0.0,,,,,
MOMETAL,5,True,not_selected_in_reconstructed_lists,0,0,0,0.0,,,,,
MONEXT50,1,False,never_passed_scanner_and_20_session_volume_gate,0,0,0,0.0,,,,,
MONEXT50,5,False,never_passed_scanner_and_20_session_volume_gate,0,0,0,0.0,,,,,
MONEYBOXX,1,True,never_passed_scanner_and_20_session_volume_gate,0,0,0,0.0,,,,,
MONEYBOXX,5,True,never_passed_scanner_and_20_session_volume_gate,0,0,0,0.0,,,,,
MONQ50,1,True,never_passed_scanner_and_20_session_volume_gate,0,0,0,0.0,,,,,
MONQ50,5,True,never_passed_scanner_and_20_session_volume_gate,0,0,0,0.0,,,,,
MOREALTY,1,False,evaluated,1,1,0,-396.092175,99990.29999999999,0.01,13500.0,36.0,
MOREALTY,5,False,no_qualifying_entry,0,0,0,0.0,0.0,0.01,13500.0,36.0,
MOSILVER,1,False,never_passed_scanner_and_20_session_volume_gate,0,0,0,0.0,,,,,
MOSILVER,5,False,never_passed_scanner_and_20_session_volume_gate,0,0,0,0.0,,,,,
MRPL,1,False,never_passed_scanner_and_20_session_volume_gate,0,0,0,0.0,,,,,
MRPL,5,False,never_passed_scanner_and_20_session_volume_gate,0,0,0,0.0,,,,,
MSL,1,True,not_selected_in_reconstructed_lists,0,0,0,0.0,,,,,
MSL,5,True,not_selected_in_reconstructed_lists,0,0,0,0.0,,,,,
MSTCLTD,1,False,never_passed_scanner_and_20_session_volume_gate,0,0,0,0.0,,,,,
MSTCLTD,5,False,never_passed_scanner_and_20_session_volume_gate,0,0,0,0.0,,,,,
MUTHOOTFIN,1,False,never_passed_scanner_and_20_session_volume_gate,0,0,0,0.0,,,,,
MUTHOOTFIN,5,False,never_passed_scanner_and_20_session_volume_gate,0,0,0,0.0,,,,,
MVELECTRO,1,False,never_passed_scanner_and_20_session_volume_gate,0,0,0,0.0,,,,,
MVELECTRO,5,False,never_passed_scanner_and_20_session_volume_gate,0,0,0,0.0,,,,,
NATHBIOGEN,1,False,no_qualifying_entry,0,0,0,0.0,0.0,0.01,13337.0,36.0,
NATHBIOGEN,5,False,no_qualifying_entry,0,0,0,0.0,0.0,0.01,13337.0,36.0,
NATIONALUM,1,True,never_passed_scanner_and_20_session_volume_gate,0,0,0,0.0,,,,,
NATIONALUM,5,True,never_passed_scanner_and_20_session_volume_gate,0,0,0,0.0,,,,,
NEOGEN,1,False,never_passed_scanner_and_20_session_volume_gate,0,0,0,0.0,,,,,
NEOGEN,5,False,never_passed_scanner_and_20_session_volume_gate,0,0,0,0.0,,,,,
NETF,1,False,no_qualifying_entry,0,0,0,0.0,0.0,0.01,13434.0,36.0,
NETF,5,False,no_qualifying_entry,0,0,0,0.0,0.0,0.01,13434.0,36.0,
NEXT50ADD,1,False,never_passed_scanner_and_20_session_volume_gate,0,0,0,0.0,,,,,
NEXT50ADD,5,False,never_passed_scanner_and_20_session_volume_gate,0,0,0,0.0,,,,,
NEXT50BETA,1,True,evaluated,1,0,1,-165.9716400000044,99923.28,0.01,13499.0,36.0,
NEXT50BETA,5,True,no_qualifying_entry,0,0,0,0.0,0.0,0.01,13499.0,36.0,
NIBL,1,True,not_selected_in_reconstructed_lists,0,0,0,0.0,,,,,
NIBL,5,True,not_selected_in_reconstructed_lists,0,0,0,0.0,,,,,
NIMBSPROJ,1,False,never_passed_scanner_and_20_session_volume_gate,0,0,0,0.0,,,,,
NIMBSPROJ,5,False,never_passed_scanner_and_20_session_volume_gate,0,0,0,0.0,,,,,
NOIDATOLL,1,False,never_passed_scanner_and_20_session_volume_gate,0,0,0,0.0,,,,,
NOIDATOLL,5,False,never_passed_scanner_and_20_session_volume_gate,0,0,0,0.0,,,,,
NOVARTIND,1,False,never_passed_scanner_and_20_session_volume_gate,0,0,0,0.0,,,,,
NOVARTIND,5,False,never_passed_scanner_and_20_session_volume_gate,0,0,0,0.0,,,,,
NRAIL,1,False,never_passed_scanner_and_20_session_volume_gate,0,0,0,0.0,,,,,
NRAIL,5,False,never_passed_scanner_and_20_session_volume_gate,0,0,0,0.0,,,,,
OAL,1,False,never_passed_scanner_and_20_session_volume_gate,0,0,0,0.0,,,,,
OAL,5,False,never_passed_scanner_and_20_session_volume_gate,0,0,0,0.0,,,,,
OBEROIRLTY,1,False,never_passed_scanner_and_20_session_volume_gate,0,0,0,0.0,,,,,
OBEROIRLTY,5,False,never_passed_scanner_and_20_session_volume_gate,0,0,0,0.0,,,,,
OMAXAUTO,1,False,never_passed_scanner_and_20_session_volume_gate,0,0,0,0.0,,,,,
OMAXAUTO,5,False,never_passed_scanner_and_20_session_volume_gate,0,0,0,0.0,,,,,
OMAXE,1,False,never_passed_scanner_and_20_session_volume_gate,0,0,0,0.0,,,,,
OMAXE,5,False,never_passed_scanner_and_20_session_volume_gate,0,0,0,0.0,,,,,
OMNI,1,False,never_passed_scanner_and_20_session_volume_gate,0,0,0,0.0,,,,,
OMNI,5,False,never_passed_scanner_and_20_session_volume_gate,0,0,0,0.0,,,,,
ONESOURCE,1,False,no_qualifying_entry,0,0,0,0.0,0.0,0.1,13507.0,36.0,
ONESOURCE,5,False,no_qualifying_entry,0,0,0,0.0,0.0,0.1,13507.0,36.0,
ONGC,1,False,never_passed_scanner_and_20_session_volume_gate,0,0,0,0.0,,,,,
ONGC,5,False,never_passed_scanner_and_20_session_volume_gate,0,0,0,0.0,,,,,
ONIXSOLAR,1,False,never_passed_scanner_and_20_session_volume_gate,0,0,0,0.0,,,,,
ONIXSOLAR,5,False,never_passed_scanner_and_20_session_volume_gate,0,0,0,0.0,,,,,
ORCHASP,1,False,never_passed_scanner_and_20_session_volume_gate,0,0,0,0.0,,,,,
ORCHASP,5,False,never_passed_scanner_and_20_session_volume_gate,0,0,0,0.0,,,,,
ORCHPHARMA,1,False,never_passed_scanner_and_20_session_volume_gate,0,0,0,0.0,,,,,
ORCHPHARMA,5,False,never_passed_scanner_and_20_session_volume_gate,0,0,0,0.0,,,,,
ORICONENT,1,False,never_passed_scanner_and_20_session_volume_gate,0,0,0,0.0,,,,,
ORICONENT,5,False,never_passed_scanner_and_20_session_volume_gate,0,0,0,0.0,,,,,
ORIENTTECH,1,True,no_qualifying_entry,0,0,0,0.0,0.0,0.01,13507.0,36.0,
ORIENTTECH,5,True,no_qualifying_entry,0,0,0,0.0,0.0,0.01,13507.0,36.0,
OSWALSEEDS,1,True,no_qualifying_entry,0,0,0,0.0,0.0,0.01,13460.0,36.0,
OSWALSEEDS,5,True,no_qualifying_entry,0,0,0,0.0,0.0,0.01,13460.0,36.0,
PALASHSECU,1,False,never_passed_scanner_and_20_session_volume_gate,0,0,0,0.0,,,,,
PALASHSECU,5,False,never_passed_scanner_and_20_session_volume_gate,0,0,0,0.0,,,,,
PARASPETRO,1,False,never_passed_scanner_and_20_session_volume_gate,0,0,0,0.0,,,,,
PARASPETRO,5,False,never_passed_scanner_and_20_session_volume_gate,0,0,0,0.0,,,,,
PASHUPATI,1,False,never_passed_scanner_and_20_session_volume_gate,0,0,0,0.0,,,,,
PASHUPATI,5,False,never_passed_scanner_and_20_session_volume_gate,0,0,0,0.0,,,,,
PAVNAIND,1,False,never_passed_scanner_and_20_session_volume_gate,0,0,0,0.0,,,,,
PAVNAIND,5,False,never_passed_scanner_and_20_session_volume_gate,0,0,0,0.0,,,,,
PAYTM,1,False,never_passed_scanner_and_20_session_volume_gate,0,0,0,0.0,,,,,
PAYTM,5,False,never_passed_scanner_and_20_session_volume_gate,0,0,0,0.0,,,,,
PCJEWELLER,1,False,never_passed_scanner_and_20_session_volume_gate,0,0,0,0.0,,,,,
PCJEWELLER,5,False,never_passed_scanner_and_20_session_volume_gate,0,0,0,0.0,,,,,
PERNIASPOP,1,True,never_passed_scanner_and_20_session_volume_gate,0,0,0,0.0,,,,,
PERNIASPOP,5,True,never_passed_scanner_and_20_session_volume_gate,0,0,0,0.0,,,,,
PGIL,1,False,never_passed_scanner_and_20_session_volume_gate,0,0,0,0.0,,,,,
PGIL,5,False,never_passed_scanner_and_20_session_volume_gate,0,0,0,0.0,,,,,
PIIND,1,True,no_qualifying_entry,0,0,0,0.0,0.0,0.1,13507.0,36.0,
PIIND,5,True,no_qualifying_entry,0,0,0,0.0,0.0,0.1,13507.0,36.0,
PINELABS,1,True,evaluated,1,1,0,-972.399864999988,99986.29,0.01,13507.0,36.0,
PINELABS,5,True,no_qualifying_entry,0,0,0,0.0,0.0,0.01,13507.0,36.0,
PKTEA,1,True,not_selected_in_reconstructed_lists,0,0,0,0.0,,,,,
PKTEA,5,True,not_selected_in_reconstructed_lists,0,0,0,0.0,,,,,
PNC,1,False,never_passed_scanner_and_20_session_volume_gate,0,0,0,0.0,,,,,
PNC,5,False,never_passed_scanner_and_20_session_volume_gate,0,0,0,0.0,,,,,
PODDARMENT,1,True,not_selected_in_reconstructed_lists,0,0,0,0.0,,,,,
PODDARMENT,5,True,not_selected_in_reconstructed_lists,0,0,0,0.0,,,,,
POLYSPIN,1,True,not_selected_in_reconstructed_lists,0,0,0,0.0,,,,,
POLYSPIN,5,True,not_selected_in_reconstructed_lists,0,0,0,0.0,,,,,
PRABHA,1,False,never_passed_scanner_and_20_session_volume_gate,0,0,0,0.0,,,,,
PRABHA,5,False,never_passed_scanner_and_20_session_volume_gate,0,0,0,0.0,,,,,
PRESTIGE,1,False,never_passed_scanner_and_20_session_volume_gate,0,0,0,0.0,,,,,
PRESTIGE,5,False,never_passed_scanner_and_20_session_volume_gate,0,0,0,0.0,,,,,
PRIMO,1,True,no_qualifying_entry,0,0,0,0.0,0.0,0.01,13459.0,36.0,
PRIMO,5,True,evaluated,1,0,1,1351.4801399999994,99999.72,0.01,13459.0,36.0,
PRISMX,1,False,never_passed_scanner_and_20_session_volume_gate,0,0,0,0.0,,,,,
PRISMX,5,False,never_passed_scanner_and_20_session_volume_gate,0,0,0,0.0,,,,,
PVP,1,False,never_passed_scanner_and_20_session_volume_gate,0,0,0,0.0,,,,,
PVP,5,False,never_passed_scanner_and_20_session_volume_gate,0,0,0,0.0,,,,,
PWL,1,True,never_passed_scanner_and_20_session_volume_gate,0,0,0,0.0,,,,,
PWL,5,True,never_passed_scanner_and_20_session_volume_gate,0,0,0,0.0,,,,,
QUADFUTURE,1,True,no_qualifying_entry,0,0,0,0.0,0.0,0.05,13507.0,36.0,
QUADFUTURE,5,True,no_qualifying_entry,0,0,0,0.0,0.0,0.05,13507.0,36.0,
QUINT,1,True,not_selected_in_reconstructed_lists,0,0,0,0.0,,,,,
QUINT,5,True,not_selected_in_reconstructed_lists,0,0,0,0.0,,,,,
RACLGEAR,1,True,no_qualifying_entry,0,0,0,0.0,0.0,0.1,13505.0,36.0,
RACLGEAR,5,True,no_qualifying_entry,0,0,0,0.0,0.0,0.1,13505.0,36.0,
RADAAN,1,False,never_passed_scanner_and_20_session_volume_gate,0,0,0,0.0,,,,,
RADAAN,5,False,never_passed_scanner_and_20_session_volume_gate,0,0,0,0.0,,,,,
RADIANTCMS,1,True,never_passed_scanner_and_20_session_volume_gate,0,0,0,0.0,,,,,
RADIANTCMS,5,True,never_passed_scanner_and_20_session_volume_gate,0,0,0,0.0,,,,,
RADIOCITY,1,False,never_passed_scanner_and_20_session_volume_gate,0,0,0,0.0,,,,,
RADIOCITY,5,False,never_passed_scanner_and_20_session_volume_gate,0,0,0,0.0,,,,,
RAMANEWS,1,True,never_passed_scanner_and_20_session_volume_gate,0,0,0,0.0,,,,,
RAMANEWS,5,True,never_passed_scanner_and_20_session_volume_gate,0,0,0,0.0,,,,,
RATNAVEER,1,False,never_passed_scanner_and_20_session_volume_gate,0,0,0,0.0,,,,,
RATNAVEER,5,False,never_passed_scanner_and_20_session_volume_gate,0,0,0,0.0,,,,,
RAYMOND,1,True,evaluated,1,0,1,76.5984,99303.20000000001,0.05,13507.0,36.0,
RAYMOND,5,True,no_qualifying_entry,0,0,0,0.0,0.0,0.05,13507.0,36.0,
REGAAL,1,False,never_passed_scanner_and_20_session_volume_gate,0,0,0,0.0,,,,,
REGAAL,5,False,never_passed_scanner_and_20_session_volume_gate,0,0,0,0.0,,,,,
REGENCERAM,1,True,not_selected_in_reconstructed_lists,0,0,0,0.0,,,,,
REGENCERAM,5,True,not_selected_in_reconstructed_lists,0,0,0,0.0,,,,,
RHETAN,1,True,never_passed_scanner_and_20_session_volume_gate,0,0,0,0.0,,,,,
RHETAN,5,True,never_passed_scanner_and_20_session_volume_gate,0,0,0,0.0,,,,,
RISHABH,1,False,never_passed_scanner_and_20_session_volume_gate,0,0,0,0.0,,,,,
RISHABH,5,False,never_passed_scanner_and_20_session_volume_gate,0,0,0,0.0,,,,,
RKFORGE,1,False,never_passed_scanner_and_20_session_volume_gate,0,0,0,0.0,,,,,
RKFORGE,5,False,never_passed_scanner_and_20_session_volume_gate,0,0,0,0.0,,,,,
RML,1,True,never_passed_scanner_and_20_session_volume_gate,0,0,0,0.0,,,,,
RML,5,True,never_passed_scanner_and_20_session_volume_gate,0,0,0,0.0,,,,,
RPEL,1,False,never_passed_scanner_and_20_session_volume_gate,0,0,0,0.0,,,,,
RPEL,5,False,never_passed_scanner_and_20_session_volume_gate,0,0,0,0.0,,,,,
RPPINFRA,1,False,never_passed_scanner_and_20_session_volume_gate,0,0,0,0.0,,,,,
RPPINFRA,5,False,never_passed_scanner_and_20_session_volume_gate,0,0,0,0.0,,,,,
RRECL,1,True,not_selected_in_reconstructed_lists,0,0,0,0.0,,,,,
RRECL,5,True,not_selected_in_reconstructed_lists,0,0,0,0.0,,,,,
RVHL,1,False,never_passed_scanner_and_20_session_volume_gate,0,0,0,0.0,,,,,
RVHL,5,False,never_passed_scanner_and_20_session_volume_gate,0,0,0,0.0,,,,,
SAICAPI,1,True,not_selected_in_reconstructed_lists,0,0,0,0.0,,,,,
SAICAPI,5,True,not_selected_in_reconstructed_lists,0,0,0,0.0,,,,,
SAKAR,1,False,never_passed_scanner_and_20_session_volume_gate,0,0,0,0.0,,,,,
SAKAR,5,False,never_passed_scanner_and_20_session_volume_gate,0,0,0,0.0,,,,,
SARVESHWAR,1,False,never_passed_scanner_and_20_session_volume_gate,0,0,0,0.0,,,,,
SARVESHWAR,5,False,never_passed_scanner_and_20_session_volume_gate,0,0,0,0.0,,,,,
SATIA,1,False,never_passed_scanner_and_20_session_volume_gate,0,0,0,0.0,,,,,
SATIA,5,False,never_passed_scanner_and_20_session_volume_gate,0,0,0,0.0,,,,,
SBIETFPB,1,False,never_passed_scanner_and_20_session_volume_gate,0,0,0,0.0,,,,,
SBIETFPB,5,False,never_passed_scanner_and_20_session_volume_gate,0,0,0,0.0,,,,,
SBISILVER,1,False,never_passed_scanner_and_20_session_volume_gate,0,0,0,0.0,,,,,
SBISILVER,5,False,never_passed_scanner_and_20_session_volume_gate,0,0,0,0.0,,,,,
SEAMECLTD,1,False,never_passed_scanner_and_20_session_volume_gate,0,0,0,0.0,,,,,
SEAMECLTD,5,False,never_passed_scanner_and_20_session_volume_gate,0,0,0,0.0,,,,,
SECMARK,1,True,not_selected_in_reconstructed_lists,0,0,0,0.0,,,,,
SECMARK,5,True,not_selected_in_reconstructed_lists,0,0,0,0.0,,,,,
SEDEMAC,1,False,never_passed_scanner_and_20_session_volume_gate,0,0,0,0.0,,,,,
SEDEMAC,5,False,never_passed_scanner_and_20_session_volume_gate,0,0,0,0.0,,,,,
SEKURITIND,1,False,never_passed_scanner_and_20_session_volume_gate,0,0,0,0.0,,,,,
SEKURITIND,5,False,never_passed_scanner_and_20_session_volume_gate,0,0,0,0.0,,,,,
SETL,1,False,never_passed_scanner_and_20_session_volume_gate,0,0,0,0.0,,,,,
SETL,5,False,never_passed_scanner_and_20_session_volume_gate,0,0,0,0.0,,,,,
SHAILY,1,False,never_passed_scanner_and_20_session_volume_gate,0,0,0,0.0,,,,,
SHAILY,5,False,never_passed_scanner_and_20_session_volume_gate,0,0,0,0.0,,,,,
SHANKESH,1,True,never_passed_scanner_and_20_session_volume_gate,0,0,0,0.0,,,,,
SHANKESH,5,True,never_passed_scanner_and_20_session_volume_gate,0,0,0,0.0,,,,,
SHAREINDIA,1,False,never_passed_scanner_and_20_session_volume_gate,0,0,0,0.0,,,,,
SHAREINDIA,5,False,never_passed_scanner_and_20_session_volume_gate,0,0,0,0.0,,,,,
SHERVANI,1,True,not_selected_in_reconstructed_lists,0,0,0,0.0,,,,,
SHERVANI,5,True,not_selected_in_reconstructed_lists,0,0,0,0.0,,,,,
SHIVALIK,1,False,never_passed_scanner_and_20_session_volume_gate,0,0,0,0.0,,,,,
SHIVALIK,5,False,never_passed_scanner_and_20_session_volume_gate,0,0,0,0.0,,,,,
SHIVAUM,1,False,never_passed_scanner_and_20_session_volume_gate,0,0,0,0.0,,,,,
SHIVAUM,5,False,never_passed_scanner_and_20_session_volume_gate,0,0,0,0.0,,,,,
SHUKRAPHAR,1,False,never_passed_scanner_and_20_session_volume_gate,0,0,0,0.0,,,,,
SHUKRAPHAR,5,False,never_passed_scanner_and_20_session_volume_gate,0,0,0,0.0,,,,,
SIEL,1,True,not_selected_in_reconstructed_lists,0,0,0,0.0,,,,,
SIEL,5,True,not_selected_in_reconstructed_lists,0,0,0,0.0,,,,,
SIKA,1,True,evaluated,2,1,1,184.29905000000826,99175.20000000001,0.05,13506.0,36.0,
SIKA,5,True,no_qualifying_entry,0,0,0,0.0,0.0,0.05,13506.0,36.0,
SIL,1,False,never_passed_scanner_and_20_session_volume_gate,0,0,0,0.0,,,,,
SIL,5,False,never_passed_scanner_and_20_session_volume_gate,0,0,0,0.0,,,,,
SILVER,1,False,never_passed_scanner_and_20_session_volume_gate,0,0,0,0.0,,,,,
SILVER,5,False,never_passed_scanner_and_20_session_volume_gate,0,0,0,0.0,,,,,
SILVER001,1,False,never_passed_scanner_and_20_session_volume_gate,0,0,0,0.0,,,,,
SILVER001,5,False,never_passed_scanner_and_20_session_volume_gate,0,0,0,0.0,,,,,
SILVER1,1,False,never_passed_scanner_and_20_session_volume_gate,0,0,0,0.0,,,,,
SILVER1,5,False,never_passed_scanner_and_20_session_volume_gate,0,0,0,0.0,,,,,
SILVER360,1,False,never_passed_scanner_and_20_session_volume_gate,0,0,0,0.0,,,,,
SILVER360,5,False,never_passed_scanner_and_20_session_volume_gate,0,0,0,0.0,,,,,
SILVERADD,1,False,never_passed_scanner_and_20_session_volume_gate,0,0,0,0.0,,,,,
SILVERADD,5,False,never_passed_scanner_and_20_session_volume_gate,0,0,0,0.0,,,,,
SILVERAG,1,False,never_passed_scanner_and_20_session_volume_gate,0,0,0,0.0,,,,,
SILVERAG,5,False,never_passed_scanner_and_20_session_volume_gate,0,0,0,0.0,,,,,
SILVERAXIS,1,False,never_passed_scanner_and_20_session_volume_gate,0,0,0,0.0,,,,,
SILVERAXIS,5,False,never_passed_scanner_and_20_session_volume_gate,0,0,0,0.0,,,,,
SILVERBEES,1,False,never_passed_scanner_and_20_session_volume_gate,0,0,0,0.0,,,,,
SILVERBEES,5,False,never_passed_scanner_and_20_session_volume_gate,0,0,0,0.0,,,,,
SILVERBETA,1,False,never_passed_scanner_and_20_session_volume_gate,0,0,0,0.0,,,,,
SILVERBETA,5,False,never_passed_scanner_and_20_session_volume_gate,0,0,0,0.0,,,,,
SILVERCASE,1,False,never_passed_scanner_and_20_session_volume_gate,0,0,0,0.0,,,,,
SILVERCASE,5,False,never_passed_scanner_and_20_session_volume_gate,0,0,0,0.0,,,,,
SILVERIETF,1,False,never_passed_scanner_and_20_session_volume_gate,0,0,0,0.0,,,,,
SILVERIETF,5,False,never_passed_scanner_and_20_session_volume_gate,0,0,0,0.0,,,,,
SILVERTUC,1,False,never_passed_scanner_and_20_session_volume_gate,0,0,0,0.0,,,,,
SILVERTUC,5,False,never_passed_scanner_and_20_session_volume_gate,0,0,0,0.0,,,,,
SKIPPER,1,True,never_passed_scanner_and_20_session_volume_gate,0,0,0,0.0,,,,,
SKIPPER,5,True,never_passed_scanner_and_20_session_volume_gate,0,0,0,0.0,,,,,
SKYWAYS,1,False,never_passed_scanner_and_20_session_volume_gate,0,0,0,0.0,,,,,
SKYWAYS,5,False,never_passed_scanner_and_20_session_volume_gate,0,0,0,0.0,,,,,
SML100CASE,1,False,never_passed_scanner_and_20_session_volume_gate,0,0,0,0.0,,,,,
SML100CASE,5,False,never_passed_scanner_and_20_session_volume_gate,0,0,0,0.0,,,,,
SMSPHARMA,1,True,evaluated,2,2,0,-3613.056874999987,99954.0,0.05,13507.0,36.0,
SMSPHARMA,5,True,no_qualifying_entry,0,0,0,0.0,0.0,0.05,13507.0,36.0,
SONAL,1,True,not_selected_in_reconstructed_lists,0,0,0,0.0,,,,,
SONAL,5,True,not_selected_in_reconstructed_lists,0,0,0,0.0,,,,,
SONATSOFTW,1,False,never_passed_scanner_and_20_session_volume_gate,0,0,0,0.0,,,,,
SONATSOFTW,5,False,never_passed_scanner_and_20_session_volume_gate,0,0,0,0.0,,,,,
SOTL,1,False,never_passed_scanner_and_20_session_volume_gate,0,0,0,0.0,,,,,
SOTL,5,False,never_passed_scanner_and_20_session_volume_gate,0,0,0,0.0,,,,,
SPENCERS,1,False,never_passed_scanner_and_20_session_volume_gate,0,0,0,0.0,,,,,
SPENCERS,5,False,never_passed_scanner_and_20_session_volume_gate,0,0,0,0.0,,,,,
SREEL,1,True,never_passed_scanner_and_20_session_volume_gate,0,0,0,0.0,,,,,
SREEL,5,True,never_passed_scanner_and_20_session_volume_gate,0,0,0,0.0,,,,,
SRGHFL,1,True,never_passed_scanner_and_20_session_volume_gate,0,0,0,0.0,,,,,
SRGHFL,5,True,never_passed_scanner_and_20_session_volume_gate,0,0,0,0.0,,,,,
SSDL,1,True,evaluated,1,0,1,-1290.7809749999956,99961.95000000001,0.01,13400.0,36.0,
SSDL,5,True,no_qualifying_entry,0,0,0,0.0,0.0,0.01,13400.0,36.0,
STEELXIND,1,False,never_passed_scanner_and_20_session_volume_gate,0,0,0,0.0,,,,,
STEELXIND,5,False,never_passed_scanner_and_20_session_volume_gate,0,0,0,0.0,,,,,
STLNETWORK,1,False,no_qualifying_entry,0,0,0,0.0,0.0,0.01,13509.0,36.0,
STLNETWORK,5,False,no_qualifying_entry,0,0,0,0.0,0.0,0.01,13509.0,36.0,
STLSTRINF,1,True,not_selected_in_reconstructed_lists,0,0,0,0.0,,,,,
STLSTRINF,5,True,not_selected_in_reconstructed_lists,0,0,0,0.0,,,,,
SUBEXLTD,1,False,no_qualifying_entry,0,0,0,0.0,0.0,0.01,13506.0,36.0,
SUBEXLTD,5,False,no_qualifying_entry,0,0,0,0.0,0.0,0.01,13506.0,36.0,
SUDARCOLOR,1,False,never_passed_scanner_and_20_session_volume_gate,0,0,0,0.0,,,,,
SUDARCOLOR,5,False,never_passed_scanner_and_20_session_volume_gate,0,0,0,0.0,,,,,
SUDEEPPHRM,1,False,never_passed_scanner_and_20_session_volume_gate,0,0,0,0.0,,,,,
SUDEEPPHRM,5,False,never_passed_scanner_and_20_session_volume_gate,0,0,0,0.0,,,,,
SUMIT,1,False,never_passed_scanner_and_20_session_volume_gate,0,0,0,0.0,,,,,
SUMIT,5,False,never_passed_scanner_and_20_session_volume_gate,0,0,0,0.0,,,,,
SUNSHINE,1,True,never_passed_scanner_and_20_session_volume_gate,0,0,0,0.0,,,,,
SUNSHINE,5,True,never_passed_scanner_and_20_session_volume_gate,0,0,0,0.0,,,,,
SUNTV,1,True,evaluated,1,1,0,-676.0302000000024,99518.6,0.05,13507.0,36.0,
SUNTV,5,True,evaluated,1,0,1,821.5094999999952,99981.0,0.05,13507.0,36.0,
SUPRAJIT,1,False,never_passed_scanner_and_20_session_volume_gate,0,0,0,0.0,,,,,
SUPRAJIT,5,False,never_passed_scanner_and_20_session_volume_gate,0,0,0,0.0,,,,,
SVGLOBAL,1,True,not_selected_in_reconstructed_lists,0,0,0,0.0,,,,,
SVGLOBAL,5,True,not_selected_in_reconstructed_lists,0,0,0,0.0,,,,,
SWANCORP,1,False,never_passed_scanner_and_20_session_volume_gate,0,0,0,0.0,,,,,
SWANCORP,5,False,never_passed_scanner_and_20_session_volume_gate,0,0,0,0.0,,,,,
SYNCOMF,1,False,never_passed_scanner_and_20_session_volume_gate,0,0,0,0.0,,,,,
SYNCOMF,5,False,never_passed_scanner_and_20_session_volume_gate,0,0,0,0.0,,,,,
TAALTECH,1,True,evaluated,2,2,0,-1710.6066,99914.40000000001,0.1,13462.0,36.0,
TAALTECH,5,True,no_qualifying_entry,0,0,0,0.0,0.0,0.1,13462.0,36.0,
TAKE,1,False,never_passed_scanner_and_20_session_volume_gate,0,0,0,0.0,,,,,
TAKE,5,False,never_passed_scanner_and_20_session_volume_gate,0,0,0,0.0,,,,,
TANAA,1,False,never_passed_scanner_and_20_session_volume_gate,0,0,0,0.0,,,,,
TANAA,5,False,never_passed_scanner_and_20_session_volume_gate,0,0,0,0.0,,,,,
TARC,1,False,never_passed_scanner_and_20_session_volume_gate,0,0,0,0.0,,,,,
TARC,5,False,never_passed_scanner_and_20_session_volume_gate,0,0,0,0.0,,,,,
TARSONS,1,False,never_passed_scanner_and_20_session_volume_gate,0,0,0,0.0,,,,,
TARSONS,5,False,never_passed_scanner_and_20_session_volume_gate,0,0,0,0.0,,,,,
TATSILV,1,False,never_passed_scanner_and_20_session_volume_gate,0,0,0,0.0,,,,,
TATSILV,5,False,never_passed_scanner_and_20_session_volume_gate,0,0,0,0.0,,,,,
TBZ,1,False,never_passed_scanner_and_20_session_volume_gate,0,0,0,0.0,,,,,
TBZ,5,False,never_passed_scanner_and_20_session_volume_gate,0,0,0,0.0,,,,,
TCC,1,False,never_passed_scanner_and_20_session_volume_gate,0,0,0,0.0,,,,,
TCC,5,False,never_passed_scanner_and_20_session_volume_gate,0,0,0,0.0,,,,,
TEXMOPIPES,1,True,no_qualifying_entry,0,0,0,0.0,0.0,0.01,13417.0,36.0,
TEXMOPIPES,5,True,no_qualifying_entry,0,0,0,0.0,0.0,0.01,13417.0,36.0,
TGBHOTELS,1,True,not_selected_in_reconstructed_lists,0,0,0,0.0,,,,,
TGBHOTELS,5,True,not_selected_in_reconstructed_lists,0,0,0,0.0,,,,,
THEMISMED,1,False,never_passed_scanner_and_20_session_volume_gate,0,0,0,0.0,,,,,
THEMISMED,5,False,never_passed_scanner_and_20_session_volume_gate,0,0,0,0.0,,,,,
TNPETRO,1,False,never_passed_scanner_and_20_session_volume_gate,0,0,0,0.0,,,,,
TNPETRO,5,False,never_passed_scanner_and_20_session_volume_gate,0,0,0,0.0,,,,,
TOYAMSL,1,False,never_passed_scanner_and_20_session_volume_gate,0,0,0,0.0,,,,,
TOYAMSL,5,False,never_passed_scanner_and_20_session_volume_gate,0,0,0,0.0,,,,,
TRACXN,1,True,never_passed_scanner_and_20_session_volume_gate,0,0,0,0.0,,,,,
TRACXN,5,True,never_passed_scanner_and_20_session_volume_gate,0,0,0,0.0,,,,,
TREEHOUSE,1,False,never_passed_scanner_and_20_session_volume_gate,0,0,0,0.0,,,,,
TREEHOUSE,5,False,never_passed_scanner_and_20_session_volume_gate,0,0,0,0.0,,,,,
UEL,1,False,no_qualifying_entry,0,0,0,0.0,0.0,0.01,13489.0,36.0,
UEL,5,False,no_qualifying_entry,0,0,0,0.0,0.0,0.01,13489.0,36.0,
UNIONGOLD,1,False,never_passed_scanner_and_20_session_volume_gate,0,0,0,0.0,,,,,
UNIONGOLD,5,False,never_passed_scanner_and_20_session_volume_gate,0,0,0,0.0,,,,,
UNITECH,1,False,never_passed_scanner_and_20_session_volume_gate,0,0,0,0.0,,,,,
UNITECH,5,False,never_passed_scanner_and_20_session_volume_gate,0,0,0,0.0,,,,,
UNITEDPOLY,1,False,never_passed_scanner_and_20_session_volume_gate,0,0,0,0.0,,,,,
UNITEDPOLY,5,False,never_passed_scanner_and_20_session_volume_gate,0,0,0,0.0,,,,,
UNIVCABLES,1,False,never_passed_scanner_and_20_session_volume_gate,0,0,0,0.0,,,,,
UNIVCABLES,5,False,never_passed_scanner_and_20_session_volume_gate,0,0,0,0.0,,,,,
VADILALIND,1,False,never_passed_scanner_and_20_session_volume_gate,0,0,0,0.0,,,,,
VADILALIND,5,False,never_passed_scanner_and_20_session_volume_gate,0,0,0,0.0,,,,,
VAML,1,True,never_passed_scanner_and_20_session_volume_gate,0,0,0,0.0,,,,,
VAML,5,True,never_passed_scanner_and_20_session_volume_gate,0,0,0,0.0,,,,,
VEDAVAAG,1,True,never_passed_scanner_and_20_session_volume_gate,0,0,0,0.0,,,,,
VEDAVAAG,5,True,never_passed_scanner_and_20_session_volume_gate,0,0,0,0.0,,,,,
VEDL,1,False,never_passed_scanner_and_20_session_volume_gate,0,0,0,0.0,,,,,
VEDL,5,False,never_passed_scanner_and_20_session_volume_gate,0,0,0,0.0,,,,,
VGL,1,True,evaluated,1,1,0,5597.497379999988,99972.46,0.01,13407.0,36.0,
VGL,5,True,no_qualifying_entry,0,0,0,0.0,0.0,0.01,13407.0,36.0,
VINEETLAB,1,False,never_passed_scanner_and_20_session_volume_gate,0,0,0,0.0,,,,,
VINEETLAB,5,False,never_passed_scanner_and_20_session_volume_gate,0,0,0,0.0,,,,,
VISACHROME,1,False,never_passed_scanner_and_20_session_volume_gate,0,0,0,0.0,,,,,
VISACHROME,5,False,never_passed_scanner_and_20_session_volume_gate,0,0,0,0.0,,,,,
VISHWARAJ,1,True,never_passed_scanner_and_20_session_volume_gate,0,0,0,0.0,,,,,
VISHWARAJ,5,True,never_passed_scanner_and_20_session_volume_gate,0,0,0,0.0,,,,,
VIVIDHA,1,False,never_passed_scanner_and_20_session_volume_gate,0,0,0,0.0,,,,,
VIVIDHA,5,False,never_passed_scanner_and_20_session_volume_gate,0,0,0,0.0,,,,,
VOEPL,1,False,never_passed_scanner_and_20_session_volume_gate,0,0,0,0.0,,,,,
VOEPL,5,False,never_passed_scanner_and_20_session_volume_gate,0,0,0,0.0,,,,,
VOGL,1,False,never_passed_scanner_and_20_session_volume_gate,0,0,0,0.0,,,,,
VOGL,5,False,never_passed_scanner_and_20_session_volume_gate,0,0,0,0.0,,,,,
VTMLTD,1,True,not_selected_in_reconstructed_lists,0,0,0,0.0,,,,,
VTMLTD,5,True,not_selected_in_reconstructed_lists,0,0,0,0.0,,,,,
WCIL,1,True,evaluated,2,1,1,-1231.7511200000195,99976.41,0.01,13497.0,36.0,
WCIL,5,True,evaluated,1,1,0,-1563.0456400000128,99977.54000000001,0.01,13497.0,36.0,
WHEELS,1,False,never_passed_scanner_and_20_session_volume_gate,0,0,0,0.0,,,,,
WHEELS,5,False,never_passed_scanner_and_20_session_volume_gate,0,0,0,0.0,,,,,
WILLAMAGOR,1,False,never_passed_scanner_and_20_session_volume_gate,0,0,0,0.0,,,,,
WILLAMAGOR,5,False,never_passed_scanner_and_20_session_volume_gate,0,0,0,0.0,,,,,
WSI,1,True,never_passed_scanner_and_20_session_volume_gate,0,0,0,0.0,,,,,
WSI,5,True,never_passed_scanner_and_20_session_volume_gate,0,0,0,0.0,,,,,
XTRANET,1,False,never_passed_scanner_and_20_session_volume_gate,0,0,0,0.0,,,,,
XTRANET,5,False,never_passed_scanner_and_20_session_volume_gate,0,0,0,0.0,,,,,
YASHO,1,False,never_passed_scanner_and_20_session_volume_gate,0,0,0,0.0,,,,,
YASHO,5,False,never_passed_scanner_and_20_session_volume_gate,0,0,0,0.0,,,,,
YOGI,1,False,never_passed_scanner_and_20_session_volume_gate,0,0,0,0.0,,,,,
YOGI,5,False,never_passed_scanner_and_20_session_volume_gate,0,0,0,0.0,,,,,
ZENITHSTL,1,False,never_passed_scanner_and_20_session_volume_gate,0,0,0,0.0,,,,,
ZENITHSTL,5,False,never_passed_scanner_and_20_session_volume_gate,0,0,0,0.0,,,,,
