date_utc,pnl,cumulative_pnl,reference_equity
2024-04-08,0.0,0.0,100000.0
2024-04-09,-1591.7887359498864,-1591.7887359498864,98408.21126405011
2024-04-10,-3606.3375060040844,-5198.126241953971,94801.87375804603
2024-04-11,-11.40922162960942,-5209.53546358358,94790.46453641642
2024-04-12,8488.360161056542,3278.8246974729627,103278.82469747297
2024-04-13,8801.814400000003,12080.639097472966,112080.63909747297
2024-04-14,-7495.511040000001,4585.128057472964,104585.12805747296
2024-04-15,7947.217919999999,12532.345977472964,112532.34597747296
2024-04-16,914.000640000002,13446.346617472966,113446.34661747297
2024-04-17,2647.3081600000005,16093.654777472966,116093.65477747297
2024-04-18,-5847.486720000001,10246.168057472965,110246.16805747297
2024-04-19,-581.6902400000035,9664.477817472962,109664.47781747296
2024-04-20,-4432.961920000003,5231.515897472958,105231.51589747296
2024-04-21,1374.52992000001,6606.045817472968,106606.04581747297
2024-04-22,-5268.149120000014,1337.8966974729547,101337.89669747296
2024-04-23,1386.2931200000012,2724.189817472956,102724.18981747296
2024-04-24,4058.304000000002,6782.493817472958,106782.49381747296
2024-04-25,1798.5932799999955,8581.087097472953,108581.08709747295
2024-04-26,3335.4553600000127,11916.542457472966,111916.54245747297
2024-04-27,-1247.4873600000064,10669.05509747296,110669.05509747296
2024-04-28,2064.4415999999947,12733.496697472954,112733.49669747296
2024-04-29,-128.21887999999308,12605.277817472961,112605.27781747296
2024-04-30,6378.007039999997,18983.284857472958,118983.28485747296
2024-05-01,-4502.364800000003,14480.920057472955,114480.92005747295
2024-05-02,-1970.924159999995,12509.99589747296,112509.99589747295
2024-05-03,-3265.4643199999973,9244.531577472962,109244.53157747297
2024-05-04,-1593.9136000000053,7650.617977472957,107650.61797747295
2024-05-05,217.61920000000282,7868.23717747296,107868.23717747295
2024-05-06,-3863.623039999993,4004.614137472967,104004.61413747296
2024-05-07,2656.130559999996,6660.744697472963,106660.74469747297
2024-05-08,3448.3820799999976,10109.12677747296,110109.12677747296
2024-05-09,-6205.676159999992,3903.4506174729686,103903.45061747296
2024-05-10,4088.300159999997,7991.750777472966,107991.75077747296
2024-05-11,319.9590399999888,8311.709817472954,108311.70981747296
2024-05-12,1068.0985600000004,9379.808377472955,109379.80837747296
2024-05-13,-2225.597439999994,7154.210937472961,107154.21093747296
2024-05-14,3079.605759999993,10233.816697472954,110233.81669747295
2024-05-15,-9483.491839999995,750.3248574729587,100750.32485747297
2024-05-16,-496.4070399999973,253.91781747296136,100253.91781747296
2024-05-17,-6075.692800000007,-5821.774982527046,94178.22501747296
2024-05-18,-3871.783524723007,-9693.558507250053,90306.44149274995
2024-05-19,-408.04406291227497,-10101.602570162328,89898.39742983767
2024-05-20,-3069.98038705585,-13171.582957218177,86828.41704278182
2024-05-21,392.3212011765918,-12779.261756041586,87220.73824395842
2024-05-22,1020.8973799999949,-11758.36437604159,88241.63562395841
2024-05-23,359.73959999999715,-11398.624776041594,88601.3752239584
2024-05-24,4344.673260000003,-7053.95151604159,92946.04848395841
2024-05-25,-258.3584399999945,-7312.309956041585,92687.69004395841
2024-05-26,2698.5920599999954,-4613.7178960415895,95386.28210395841
2024-05-27,-3139.545599999993,-7753.263496041583,92246.73650395841
2024-05-28,334.6668400000017,-7418.596656041581,92581.40334395842
2024-05-29,53.96093999999357,-7364.635716041587,92635.3642839584
2024-05-30,801.6742480000003,-6562.961468041587,93437.03853195842
2024-05-31,710.3221920000015,-5852.639276041586,94147.36072395841
2024-06-01,-71.94792000000234,-5924.587196041588,94075.41280395842
2024-06-02,1291.2471399999977,-4633.34005604159,95366.65994395841
2024-06-03,-588.1197399999874,-5221.459796041578,94778.54020395843
2024-06-04,-3999.6502800000126,-9221.11007604159,90778.88992395841
2024-06-05,-929.3272999999899,-10150.43737604158,89849.56262395842
2024-06-06,1896.8087999999934,-8253.628576041587,91746.37142395841
2024-06-07,9492.99871811076,1239.370142069174,101239.37014206918
2024-06-08,791.5563599704444,2030.9265020396185,102030.92650203961
2024-06-09,-2478.891732134324,-447.96523009470525,99552.0347699053
2024-06-10,-2035.9150474375049,-2483.88027753221,97516.11972246779
2024-06-11,5986.514760000004,3502.6344824677935,103502.6344824678
2024-06-12,-7505.97855021251,-4003.344067744716,95996.65593225528
2024-06-13,4971.28464000001,967.9405722552938,100967.94057225529
2024-06-14,2860.6258800000014,3828.566452255295,103828.5664522553
2024-06-15,-1611.9759600000025,2216.5904922552927,102216.59049225529
2024-06-16,-3769.9124399999987,-1553.321947744706,98446.67805225529
2024-06-17,4933.0738799999945,3379.751932255288,103379.75193225528
2024-06-18,4266.652319999996,7646.404252255284,107646.40425225528
2024-06-19,1327.6620000000084,8974.066252255292,108974.06625225529
2024-06-20,931.3063199999924,9905.372572255284,109905.37257225529
2024-06-21,-706.5752399999874,9198.797332255297,109198.7973322553
2024-06-22,661.2404399999905,9860.037772255288,109860.03777225528
2024-06-23,3449.3306399999965,13309.368412255284,113309.36841225528
2024-06-24,-2573.7213599999923,10735.647052255292,110735.64705225528
2024-06-25,-2705.1922799999966,8030.454772255295,108030.4547722553
2024-06-26,-101.03184000000329,7929.422932255292,107929.42293225529
2024-06-27,-8521.647119999992,-592.2241877447004,99407.7758122553
2024-06-28,6368.244119999999,5776.019932255299,105776.0199322553
2024-06-29,-20.076840000003358,5755.943092255296,105755.9430922553
2024-06-30,-4400.066160000008,1355.876932255288,101355.87693225528
2024-07-01,18.13391999999476,1374.0108522552828,101374.01085225528
2024-07-02,-4597.596359999994,-3223.5855077447113,96776.4144922553
2024-07-03,8566.334280000003,5342.748772255291,105342.74877225529
2024-07-04,8405.719560000001,13748.468332255292,113748.46833225529
2024-07-05,-4292.557920000003,9455.910412255289,109455.9104122553
2024-07-06,-5832.645839999998,3623.2645722552907,103623.26457225528
2024-07-07,7769.737080000011,11393.001652255301,111393.0016522553
2024-07-08,-5361.1639200000145,6031.837732255287,106031.83773225528
2024-07-09,-1481.8003199999894,4550.037412255298,104550.0374122553
2024-07-10,-106.8606000000118,4443.176812255286,104443.17681225529
2024-07-11,3996.5864400000137,8439.7632522553,108439.7632522553
2024-07-12,-2345.75208000001,6094.011172255289,106094.01117225528
2024-07-13,-1585.422720000005,4508.588452255284,104508.58845225528
2024-07-14,-3707.091359999993,801.4970922552911,100801.49709225529
2024-07-15,-5723.4065049100755,-4921.909412654784,95078.09058734521
2024-07-16,-2099.3779993313074,-7021.287411986092,92978.7125880139
2024-07-17,-705.0308127087919,-7726.318224694884,92273.68177530511
2024-07-18,-4089.7977567415164,-11816.1159814364,88183.8840185636
2024-07-19,-1962.4161808544504,-13778.53216229085,86221.46783770915
2024-07-20,-2605.236340929003,-16383.768503219853,83616.23149678015
2024-07-21,-1984.4038137559473,-18368.1723169758,81631.8276830242
2024-07-22,2030.2790001299381,-16337.893316845863,83662.10668315414
2024-07-23,3297.927600000001,-13039.965716845862,86960.03428315413
2024-07-24,-2889.925279999996,-15929.890996845857,84070.10900315414
2024-07-25,3390.903999999995,-12538.986996845862,87461.01300315413
2024-07-26,-6705.30593463148,-19244.292931477343,80755.70706852266
2024-07-27,-2218.250864890164,-21462.543796367507,78537.4562036325
2024-07-28,-2507.8106720778705,-23970.354468445377,76029.64553155462
2024-07-29,3208.3361658557005,-20762.018302589677,79237.98169741032
2024-07-30,1966.495839999996,-18795.52246258968,81204.47753741032
2024-07-31,3724.360240000009,-15071.162222589672,84928.83777741033
2024-08-01,2358.0082399999974,-12713.153982589674,87286.84601741032
2024-08-02,7638.275543999991,-5074.878438589683,94925.12156141031
2024-08-03,5895.640115313427,820.7616767237437,100820.76167672375
2024-08-04,2826.921619999998,3647.6832967237415,103647.68329672374
2024-08-05,5840.988989999999,9488.67228672374,109488.67228672374
2024-08-06,-13136.27143453772,-3647.59914781398,96352.40085218602
2024-08-07,2302.5542500885667,-1345.0448977254132,98654.95510227459
2024-08-08,-7623.544911738503,-8968.589809463916,91031.41019053609
2024-08-09,2689.823627978012,-6278.766181485904,93721.2338185141
2024-08-10,1442.1629099999927,-4836.603271485911,95163.39672851408
2024-08-11,7759.943420000006,2923.340148514095,102923.3401485141
2024-08-12,-3264.9225000000006,-341.58235148590575,99658.41764851409
2024-08-13,41.66663000000517,-299.9157214859006,99700.0842785141
2024-08-14,1815.9187999999904,1516.0030785140898,101516.00307851408
2024-08-15,741.9147700000103,2257.9178485141,102257.9178485141
2024-08-16,2189.6746899999907,4447.592538514091,104447.59253851409
2024-08-17,-1630.5955799999902,2816.9969585141007,102816.9969585141
2024-08-18,-553.4821000000102,2263.5148585140905,102263.51485851409
2024-08-19,-1086.4418299999907,1177.0730285140999,101177.0730285141
2024-08-20,1134.9492499999924,2312.0222785140922,102312.0222785141
2024-08-21,-197.13913000000503,2114.883148514087,102114.88314851408
2024-08-22,-311.5668900000019,1803.3162585140853,101803.31625851408
2024-08-23,-6065.915059999995,-4262.5988014859095,95737.4011985141
2024-08-24,-5855.321701323558,-10117.920502809468,89882.07949719053
2024-08-25,-1256.547023483572,-11374.46752629304,88625.53247370696
2024-08-26,-1936.3310881663601,-13310.7986144594,86689.2013855406
2024-08-27,6586.460859999999,-6724.3377544594005,93275.6622455406
2024-08-28,1786.688259999999,-4937.6494944594015,95062.3505055406
2024-08-29,2587.9251999999997,-2349.724294459402,97650.2757055406
2024-08-30,1301.611640000001,-1048.1126544594008,98951.8873455406
2024-08-31,1651.5552200000075,603.4425655406067,100603.44256554061
2024-09-01,4393.098639999998,4996.541205540605,104996.5412055406
2024-09-02,-4105.940929999995,890.6002755406098,100890.60027554061
2024-09-03,4705.753149999995,5596.353425540605,105596.35342554061
2024-09-04,-3891.4490999999925,1704.9043255406123,101704.90432554061
2024-09-05,2704.573059999997,4409.477385540609,104409.47738554061
2024-09-06,2933.4068399999924,7342.884225540602,107342.8842255406
2024-09-07,-1880.3890000000029,5462.495225540599,105462.4952255406
2024-09-08,-1490.925379999997,3971.569845540602,103971.5698455406
2024-09-09,-3111.8844400000035,859.6854055405984,100859.6854055406
2024-09-10,-377.41638199999215,482.2690235406062,100482.2690235406
2024-09-11,1995.8257620000022,2478.0947855406084,102478.09478554061
2024-09-12,-2253.279699999999,224.8150855406093,100224.81508554061
2024-09-13,-1896.961919999998,-1672.1468344593886,98327.85316554061
2024-09-14,1221.9341400000012,-450.2126944593874,99549.78730554061
2024-09-15,3640.943039999993,3190.7303455406054,103190.7303455406
2024-09-16,-35.6955200000084,3155.034825540597,103155.0348255406
2024-09-17,-57.36779999998362,3097.6670255406134,103097.6670255406
2024-09-18,-1685.3384800000022,1412.3285455406112,101412.32854554061
2024-09-19,-5469.06360000001,-4056.735054459399,95943.2649455406
2024-09-20,-2528.6451399999887,-6585.380194459388,93414.61980554061
2024-09-21,-1739.5191800000093,-8324.899374459397,91675.1006255406
2024-09-22,2916.1964999999927,-5408.7028744594045,94591.2971255406
2024-09-23,109.6362400000171,-5299.066634459387,94700.93336554061
2024-09-24,-5122.307120000002,-10421.37375445939,89578.62624554061
2024-09-25,3016.2714399999995,-7405.10231445939,92594.8976855406
2024-09-26,-4802.322280000012,-12207.424594459402,87792.5754055406
2024-09-27,-4121.64416792767,-16329.068762387073,83670.93123761292
2024-09-28,661.0956359759839,-15667.973126411089,84332.02687358891
2024-09-29,-2545.0061547579426,-18212.97928116903,81787.02071883097
2024-09-30,-1359.2240948450053,-19572.203376014037,80427.79662398597
2024-10-01,3860.7292309298937,-15711.474145084143,84288.52585491586
2024-10-02,3165.554770000008,-12545.919375084135,87454.08062491586
2024-10-03,2283.6893999999957,-10262.22997508414,89737.77002491587
2024-10-04,-4044.1945900000046,-14306.424565084144,85693.57543491585
2024-10-05,287.0739500000145,-14019.35061508413,85980.64938491587
2024-10-06,-2469.481080000003,-16488.831695084133,83511.16830491586
2024-10-07,1672.7702299999946,-14816.061465084138,85183.93853491585
2024-10-08,217.40206999999282,-14598.659395084145,85401.34060491585
2024-10-09,2755.909920000013,-11842.749475084132,88157.25052491587
2024-10-10,174.37323299999298,-11668.37624208414,88331.62375791586
2024-10-11,-4081.804503000005,-15750.180745084144,84249.81925491586
2024-10-12,-603.17785,-16353.358595084144,83646.64140491586
2024-10-13,-882.5104799999972,-17235.86907508414,82764.13092491587
2024-10-14,-5347.221283561084,-22583.090358645226,77416.90964135478
2024-10-15,-1477.0815505624305,-24060.171909207656,75939.82809079235
2024-10-16,-4215.224689387942,-28275.3965985956,71724.6034014044
2024-10-17,1110.9779501951743,-27164.418648400424,72835.58135159957
2024-10-18,-3078.173519298587,-30242.59216769901,69757.40783230099
2024-10-19,-1025.2402974348151,-31267.832465133826,68732.16753486617
2024-10-20,-3106.172738239373,-34374.0052033732,65625.9947966268
2024-10-21,1213.1387994750985,-33160.8664038981,66839.13359610189
2024-10-22,-2905.2817053388353,-36066.148109236936,63933.851890763064
2024-10-23,-4657.607859780648,-40723.755969017584,59276.244030982416
2024-10-24,-816.9126167140421,-41540.668585731626,58459.331414268374
2024-10-25,4185.578275985819,-37355.09030974581,62644.90969025419
2024-10-26,-3388.2555399999983,-40743.345849745805,59256.654150254195
2024-10-27,-2701.40048614033,-43444.746335886135,56555.253664113865
2024-10-28,-1898.1964481656905,-45342.942784051826,54657.057215948174
2024-10-29,-1540.0275538931019,-46882.97033794493,53117.02966205507
2024-10-30,914.306604009209,-45968.66373393572,54031.33626606428
2024-10-31,3435.650539999995,-42533.01319393572,57466.98680606428
2024-11-01,1526.520730000011,-41006.49246393571,58993.50753606429
2024-11-02,123.06139999999868,-40883.43106393571,59116.56893606429
2024-11-03,1924.232799999998,-38959.198263935716,61040.801736064284
2024-11-04,2632.954589999994,-36326.24367393572,63673.75632606428
2024-11-05,-5113.201169999993,-41439.444843935715,58560.555156064285
2024-11-06,-8521.682259670779,-49961.12710360649,50038.87289639351
2024-11-07,-2162.7569640644724,-52123.884067670966,47876.115932329034
2024-11-08,-4914.784305479938,-57038.668373150904,42961.331626849096
2024-11-09,-1589.1304787868794,-58627.79885193778,41372.20114806222
2024-11-10,-3164.3303994034577,-61792.12925134124,38207.87074865876
2024-11-11,-1016.8981216205939,-62809.027372961835,37190.972627038165
2024-11-12,-10189.720238328271,-72998.7476112901,27001.252388709894
2024-11-13,-4191.912219853912,-77190.65983114402,22809.340168855982
2024-11-14,2661.413467242295,-74529.24636390172,25470.753636098278
2024-11-15,-4728.080941973807,-79257.32730587553,20742.67269412447
2024-11-16,-1158.6884928156069,-80416.01579869114,19583.984201308864
2024-11-17,-5190.569386204763,-85606.5851848959,14393.4148151041
2024-11-18,-5465.828331405108,-91072.413516301,8927.586483698993
2024-11-19,535.4645420295565,-90536.94897427145,9463.05102572855
2024-11-20,996.6796000000031,-89540.26937427145,10459.730625728553
2024-11-21,-3409.2650103942724,-92949.53438466572,7050.46561533428
2024-11-22,-552.4344387782476,-93501.96882344397,6498.031176556033
2024-11-23,-2416.3500881393556,-95918.31891158332,4081.681088416677
2024-11-24,978.5495999999985,-94939.76931158332,5060.230688416676
2024-11-25,7331.720550000013,-87608.04876158331,12391.951238416688
2024-11-26,1370.8264499999932,-86237.22231158332,13762.777688416681
2024-11-27,-4429.183499999999,-90666.40581158332,9333.594188416682
2024-11-28,1718.3050499999954,-88948.10076158332,11051.899238416678
2024-11-29,-2275.361549999987,-91223.46231158331,8776.53768841669
2024-11-30,2216.149949999992,-89007.31236158332,10992.687638416683
2024-12-01,225.9389999999985,-88781.37336158332,11218.626638416681
2024-12-02,4343.872050000005,-84437.50131158331,15562.498688416686
2024-12-03,-3096.9225000000006,-87534.42381158331,12465.576188416686
2024-12-04,1784.1389999999956,-85750.28481158332,14249.715188416681
2024-12-05,-2613.4909500000067,-88363.77576158333,11636.224238416675
2024-12-06,-347.08904999999504,-88710.86481158332,11289.13518841668
2024-12-07,-460.83764999998675,-89171.7024615833,10828.297538416693
2024-12-08,294.8893499999831,-88876.81311158332,11123.186888416676
2024-12-09,7937.47080000001,-80939.34231158331,19060.657688416686
2024-12-10,1320.5745000000024,-79618.76781158331,20381.23218841669
2024-12-11,-5321.252999999997,-84940.02081158331,15059.979188416692
2024-12-12,116.86499999999069,-84823.15581158332,15176.844188416682
2024-12-13,876.0979499999958,-83947.05786158332,16052.942138416678
2024-12-14,1881.5265000000072,-82065.53136158331,17934.468638416685
2024-12-15,-1691.0365500000044,-83756.56791158332,16243.432088416681
2024-12-16,3158.860950000002,-80597.70696158332,19402.293038416683
2024-12-17,-2737.367849999995,-83335.07481158331,16664.925188416688
2024-12-18,6404.202000000005,-76930.87281158331,23069.127188416693
2024-12-19,5071.940999999992,-71858.93181158332,28141.068188416684
2024-12-20,-230.84733000000415,-72089.77914158332,27910.22085841668
2024-12-21,5205.400830000013,-66884.3783115833,33115.62168841669
2024-12-22,210.35699999998906,-66674.02131158332,33325.97868841668
2024-12-23,-3751.3665000000037,-70425.38781158332,29574.61218841668
2024-12-24,-2648.9400000000023,-73074.32781158332,26925.672188416676
2024-12-25,-268.3999499999918,-73342.72776158332,26657.272238416685
2024-12-26,3583.080900000001,-69759.64686158331,30240.353138416685
2024-12-27,1641.057284999988,-68118.58957658333,31881.410423416673
2024-12-28,-4390.890734999994,-72509.48031158332,27490.51968841668
2024-12-29,2146.4205000000075,-70363.05981158331,29636.940188416687
2024-12-30,-576.1444499999925,-70939.2042615833,29060.795738416695
2024-12-31,813.7699499999871,-70125.43431158332,29874.565688416682
2025-01-01,-1936.0634999999893,-72061.49781158331,27938.502188416693
2025-01-02,-5418.640500000009,-77480.13831158332,22519.861688416684
2025-01-03,-3809.798999999999,-81289.93731158332,18710.062688416685
2025-01-04,514.2060000000056,-80775.73131158331,19224.26868841669
2025-01-05,1293.3059999999969,-79482.42531158331,20517.574688416687
2025-01-06,-1885.422000000006,-81367.84731158332,18632.15268841668
2025-01-07,6228.514950000012,-75139.3323615833,24860.667638416693
2025-01-08,1767.6999899999937,-73371.63237158331,26628.367628416687
2025-01-09,4929.054059999995,-68442.57831158332,31557.42168841668
2025-01-10,-1047.8894999999902,-69490.46781158331,30509.53218841669
2025-01-11,-139.45890000001236,-69629.92671158332,30370.07328841668
2025-01-12,-183.47804999999062,-69813.40476158331,30186.59523841669
2025-01-13,2237.964749999999,-67575.44001158331,32424.559988416688
2025-01-14,-1845.2983499999973,-69420.73836158331,30579.26163841669
2025-01-15,-7116.688949999996,-76537.4273115833,23462.572688416694
2025-01-16,-2064.61500000002,-78602.04231158333,21397.957688416675
2025-01-17,-3285.8542499999894,-81887.89656158331,18112.103438416685
2025-01-18,-15985.287500227496,-97873.18406181081,2126.815938189189
2025-01-19,-8220.711155846438,-106093.89521765725,-6093.895217657249
2025-01-20,-1933.7229378972552,-108027.6181555545,-8027.6181555545045
2025-01-21,-7193.196192303862,-115220.81434785837,-15220.814347858366
2025-01-22,-2155.7514773186413,-117376.56582517701,-17376.565825177007
2025-01-23,1703.107999999993,-115673.45782517701,-15673.457825177014
2025-01-24,-1836.7575122313574,-117510.21533740837,-17510.215337408372
2025-01-25,-1237.3323000000091,-118747.54763740838,-18747.54763740838
2025-01-26,6021.735000000001,-112725.81263740838,-12725.81263740838
2025-01-27,2208.864450000008,-110516.94818740837,-10516.948187408372
2025-01-28,3052.674450000006,-107464.27373740837,-7464.273737408366
2025-01-29,-352.09889999999723,-107816.37263740836,-7816.3726374083635
2025-01-30,-3942.894000000015,-111759.26663740838,-11759.266637408378
2025-01-31,2496.910499999998,-109262.35613740838,-9262.35613740838
2025-02-01,7195.398000000001,-102066.95813740838,-2066.958137408379
2025-02-02,-181.9109867109364,-102248.86912411932,-2248.8691241193155
2025-02-03,-3881.8253809544985,-106130.69450507381,-6130.694505073814
2025-02-04,922.9336900382041,-105207.76081503561,-5207.76081503561
2025-02-05,4931.5380000000005,-100276.22281503561,-276.22281503560953
2025-02-06,3122.8322999999946,-97153.39051503561,2846.609484964385
2025-02-07,-1174.922299999991,-98328.3128150356,1671.687184964394
2025-02-08,-3444.475000000006,-101772.78781503561,-1772.7878150356119
2025-02-09,-560.6180000000022,-102333.40581503561,-2333.405815035614
2025-02-10,22.32970000000205,-102311.07611503561,-2311.076115035612
2025-02-11,1122.6612999999925,-101188.41481503562,-1188.4148150356195
2025-02-12,631.8830000000162,-100556.5318150356,-556.5318150356034
2025-02-13,1178.2479999999923,-99378.28381503561,621.716184964389
2025-02-14,-2484.773000000001,-101863.05681503561,-1863.056815035612
2025-02-15,2389.7530000000115,-99473.3038150356,526.6961849643994
2025-02-16,2889.558199999985,-96583.74561503562,3416.2543849643844
2025-02-17,5158.635800000004,-91425.10981503561,8574.890184964388
2025-02-18,3867.3139999999985,-87557.79581503561,12442.204184964387
2025-02-19,204.29300000000512,-87353.50281503561,12646.497184964392
2025-02-20,-3392.2139999999927,-90745.7168150356,9254.283184964399
2025-02-21,3420.7199999999866,-87324.99681503561,12675.003184964386
2025-02-22,-1515.5689999999886,-88840.5658150356,11159.434184964397
2025-02-23,1971.6649999999936,-86868.90081503561,13131.09918496439
2025-02-24,12366.853000000003,-74502.0478150356,25497.952184964393
2025-02-25,-1154.4930000000022,-75656.54081503561,24343.45918496439
2025-02-26,4285.402000000002,-71371.1388150356,28628.861184964393
2025-02-27,-1140.2399999999907,-72511.3788150356,27488.621184964402
2025-02-28,-5055.064000000013,-77566.44281503561,22433.55718496439
2025-03-01,2247.222999999998,-75319.21981503561,24680.780184964387
2025-03-02,-16680.285899999988,-91999.5057150356,8000.494284964399
2025-03-03,17379.157999999996,-74620.3477150356,25379.652284964395
2025-03-04,-1271.8427000000083,-75892.19041503561,24107.809584964387
2025-03-05,-676.0672999999952,-76568.25771503561,23431.74228496439
2025-03-06,1396.318900000013,-75171.9388150356,24828.061184964405
2025-03-07,1852.8899999999849,-73319.04881503561,26680.95118496439
2025-03-08,1125.9869999999937,-72193.06181503562,27806.938184964383
2025-03-09,5002.803000000014,-67190.2588150356,32809.7411849644
2025-03-10,3872.064999999988,-63318.193815035615,36681.806184964385
2025-03-11,-3339.952999999994,-66658.14681503561,33341.85318496439
2025-03-12,-603.3770000000077,-67261.52381503562,32738.476184964384
2025-03-13,1544.0750000000116,-65717.4488150356,34282.551184964395
2025-03-14,-4831.767000000007,-70549.21581503561,29450.78418496439
2025-03-15,-1097.4809999999998,-71646.69681503561,28353.30318496439
2025-03-16,4645.432780000003,-67001.26403503561,32998.73596496439
2025-03-17,-915.8977799999993,-67917.16181503561,32082.838184964392
2025-03-18,1249.5129999999917,-66667.64881503562,33332.351184964384
2025-03-19,-4751.0,-71418.64881503562,28581.351184964384
2025-03-20,3693.9024999999965,-67724.74631503562,32275.25368496438
2025-03-21,-429.01529999998456,-68153.7616150356,31846.238384964396
2025-03-22,-19.954200000007404,-68173.71581503561,31826.28418496439
2025-03-23,-2047.6809999999969,-70221.39681503561,29778.60318496439
2025-03-24,-3881.5669999999955,-74102.9638150356,25897.036184964396
2025-03-25,-1267.5668000000005,-75370.5306150356,24629.469384964395
2025-03-26,3021.635999999984,-72348.89461503562,27651.10538496438
2025-03-27,-507.8818999999785,-72856.7765150356,27143.2234849644
2025-03-28,4234.091199999995,-68622.6853150356,31377.314684964396
2025-03-29,2347.944199999998,-66274.7411150356,33725.258884964394
2025-03-30,-114.97419999999693,-66389.7153150356,33610.2846849644
2025-03-31,95.01999999998952,-66294.69531503561,33705.30468496439
2025-04-01,-1012.4380999999994,-67307.13341503561,32692.866584964388
2025-04-02,4409.878199999999,-62897.25521503561,37102.74478496439
2025-04-03,128.75210000000516,-62768.50311503561,37231.49688496439
2025-04-04,-2690.016199999998,-65458.519315035606,34541.480684964394
2025-04-05,1159.2439999999988,-64299.27531503561,35700.72468496439
2025-04-06,6852.367300000005,-57446.9080150356,42553.0919849644
2025-04-07,-473.1996000000072,-57920.10761503561,42079.89238496439
2025-04-08,744.9568000000072,-57175.1508150356,42824.8491849644
2025-04-09,-6515.046300000002,-63690.197115035604,36309.802884964396
2025-04-10,2969.850099999996,-60720.34701503561,39279.65298496439
2025-04-11,-4073.032300000006,-64793.379315035614,35206.620684964386
2025-04-12,-5184.291199999985,-69977.6705150356,30022.3294849644
2025-04-13,1887.0971999999892,-68090.57331503561,31909.42668496439
2025-04-14,-508.3570000000036,-68598.93031503561,31401.069684964386
2025-04-15,1553.5770000000048,-67045.35331503561,32954.64668496439
2025-04-16,-2480.021999999997,-69525.3753150356,30474.624684964394
2025-04-17,-1644.321100000001,-71169.6964150356,28830.303584964393
2025-04-18,370.57799999999406,-70799.11841503561,29200.881584964387
2025-04-19,-2747.028199999986,-73546.1466150356,26453.8533849644
2025-04-20,940.6979999999894,-72605.44861503561,27394.55138496439
2025-04-21,627.1319999999978,-71978.31661503561,28021.683384964388
2025-04-22,-5816.174199999994,-77794.4908150356,22205.509184964394
2025-04-23,-1135.9640999999974,-78930.4549150356,21069.545084964397
2025-04-24,-669.8910000000033,-79600.3459150356,20399.654084964393
2025-04-25,793.4170000000013,-78806.9289150356,21193.071084964395
2025-04-26,817.647100000002,-77989.2818150356,22010.718184964397
2025-04-27,575.3460999999952,-77413.93571503561,22586.064284964392
2025-04-28,80.29189999999653,-77333.64381503561,22666.35618496439
2025-04-29,717.876099999994,-76615.76771503562,23384.232284964382
2025-04-30,-584.3729999999923,-77200.14071503561,22799.85928496439
2025-05-01,-1573.0561000000016,-78773.19681503561,21226.80318496439
2025-05-02,1339.306899999996,-77433.88991503562,22566.110084964384
2025-05-03,627.6071000000084,-76806.2828150356,23193.717184964393
2025-05-04,1283.2451,-75523.0377150356,24476.962284964393
2025-05-05,-1278.0190000000002,-76801.05671503561,23198.943284964393
2025-05-06,-95.4951000000001,-76896.55181503561,23103.448184964393
2025-05-07,-223.29700000000594,-77119.84881503561,22880.151184964387
2025-05-08,-8148.915200000003,-85268.76401503562,14731.235984964384
2025-05-09,-3953.782199999987,-89222.5462150356,10777.453784964397
2025-05-10,-2452.46620000001,-91675.01241503561,8324.987584964387
2025-05-11,2291.407300000006,-89383.6051150356,10616.394884964393
2025-05-12,-494.57910000000265,-89878.18421503561,10121.81578496439
2025-05-13,-4576.163199999995,-94454.3474150356,5545.652584964395
2025-05-14,3434.9729999999836,-91019.37441503562,8980.625584964379
2025-05-15,3555.1733000000095,-87464.20111503561,12535.798884964388
2025-05-16,812.4210000000021,-86651.78011503561,13348.21988496439
2025-05-17,703.148000000001,-85948.63211503561,14051.367884964391
2025-05-18,-3516.6901999999973,-89465.3223150356,10534.677684964394
2025-05-19,3088.6251000000047,-86376.6972150356,13623.302784964399
2025-05-20,-835.7009000000107,-87212.39811503561,12787.601884964388
2025-05-21,-2376.450199999992,-89588.8483150356,10411.151684964396
2025-05-22,-2893.8341000000073,-92482.68241503561,7517.3175849643885
2025-05-23,2751.7792000000045,-89730.9032150356,10269.096784964393
2025-05-24,-951.1502000000037,-90682.05341503561,9317.94658496439
2025-05-25,85.51799999999639,-90596.53541503561,9403.464584964386
2025-05-26,390.05710000000545,-90206.47831503561,9793.521684964391
2025-05-27,-845.6779999999999,-91052.15631503561,8947.843684964391
2025-05-28,2128.9231,-88923.23321503561,11076.766784964391
2025-05-29,2604.0230999999912,-86319.21011503562,13680.789884964383
2025-05-30,4998.527100000007,-81320.68301503561,18679.31698496439
2025-05-31,-104.04689999998664,-81424.7299150356,18575.270084964402
2025-06-01,-603.3770000000077,-82028.1069150356,17971.893084964395
2025-06-02,408.58600000001024,-81619.5209150356,18380.479084964405
2025-06-03,783.914999999979,-80835.60591503562,19164.394084964384
2025-06-04,916.9429999999993,-79918.66291503562,20081.337084964383
2025-06-05,4253.570300000007,-75665.09261503561,24334.90738496439
2025-06-06,-1682.8041999999987,-77347.89681503561,22652.10318496439
2025-06-07,-1054.2468999999983,-78402.1437150356,21597.856284964393
2025-06-08,-1150.6921999999904,-79552.8359150356,20447.164084964403
2025-06-09,-4140.021400000012,-83692.85731503561,16307.14268496439
2025-06-10,-1850.5145000000048,-85543.37181503561,14456.628184964386
2025-06-11,1956.4618000000046,-83586.91001503561,16413.08998496439
2025-06-12,4105.339099999997,-79481.57091503561,20518.429084964388
2025-06-13,1768.322199999995,-77713.24871503562,22286.751284964383
2025-06-14,1896.1241000000155,-75817.1246150356,24182.875384964398
2025-06-15,-3973.2612999999983,-79790.3859150356,20209.6140849644
2025-06-16,1054.7219999999943,-78735.6639150356,21264.336084964394
2025-06-17,1506.5420999999915,-77229.12181503561,22770.878184964386
2025-06-18,574.8710000000137,-76654.2508150356,23345.7491849644
2025-06-19,-317.841900000014,-76972.09271503561,23027.907284964385
2025-06-20,3297.194000000003,-73674.89871503561,26325.10128496439
2025-06-21,2229.169200000004,-71445.72951503561,28554.270484964392
2025-06-22,1734.5901000000013,-69711.1394150356,30288.860584964394
2025-06-23,-6067.977200000008,-75779.11661503561,24220.883384964385
2025-06-24,-646.6110999999946,-76425.72771503561,23574.27228496439
2025-06-25,1102.231999999989,-75323.49571503562,24676.50428496438
2025-06-26,2147.9271000000153,-73175.5686150356,26824.431384964395
2025-06-27,-1454.2811000000074,-74629.84971503561,25370.150284964388
2025-06-28,-4095.8371000000043,-78725.68681503562,21274.313184964383
2025-06-29,-1216.255999999994,-79941.94281503561,20058.05718496439
2025-06-30,-727.3781000000017,-80669.32091503561,19330.679084964388
2025-07-01,3763.267100000012,-76906.0538150356,23093.9461849644
2025-07-02,-2566.4902000000147,-79472.54401503562,20527.455984964385
2025-07-03,-28.030899999997928,-79500.57491503561,20499.425084964387
2025-07-04,2230.594499999992,-77269.98041503562,22730.01958496438
2025-07-05,50.8357000000251,-77219.1447150356,22780.855284964404
2025-07-06,-2057.658100000015,-79276.80281503561,20723.19718496439
2025-07-07,1420.5490000000136,-77856.2538150356,22143.746184964402
2025-07-08,-1326.0041000000056,-79182.2579150356,20817.742084964397
2025-07-09,-2556.0380000000005,-81738.2959150356,18261.704084964396
2025-07-10,-3463.954100000017,-85202.25001503562,14797.74998496438
2025-07-11,685.0942000000068,-84517.15581503561,15482.844184964386
2025-07-12,1053.2967000000062,-83463.85911503561,16536.140884964392
2025-07-13,-204.29300000000512,-83668.15211503561,16331.847884964387
2025-07-14,-522.6100000000006,-84190.76211503561,15809.237884964386
2025-07-15,-878.4599000000017,-85069.22201503562,14930.777984964385
2025-07-16,-4628.424199999994,-89697.64621503561,10302.35378496439
2025-07-17,-992.483899999992,-90690.1301150356,9309.869884964399
2025-07-18,-652.312300000005,-91342.4424150356,8657.557584964394
2025-07-19,104.99710000000778,-91237.4453150356,8762.554684964402
2025-07-20,-2100.8922000000166,-93338.33751503562,6661.662484964385
2025-07-21,-6819.110299999986,-100157.4478150356,-157.4478150356008
2025-07-22,-4760.977100000018,-104918.42491503562,-4918.424915035619
2025-07-23,7796.866100000014,-97121.5588150356,2878.441184964395
2025-07-24,3141.8362999999954,-93979.72251503561,6020.27748496439
2025-07-25,-1867.143000000011,-95846.86551503562,4153.134484964379
2025-07-26,897.939000000013,-94948.92651503561,5051.073484964392
2025-07-27,-1776.8740000000107,-96725.80051503562,3274.1994849643816
2025-07-28,2607.348800000007,-94118.45171503561,5881.548284964389
2025-07-29,784.8652000000147,-93333.5865150356,6666.413484964403
2025-07-30,1791.6020999999892,-91541.98441503561,8458.015584964392
2025-07-31,2580.268100000001,-88961.7163150356,11038.283684964394
2025-08-01,4552.408199999991,-84409.30811503562,15590.691884964384
2025-08-02,2006.347300000023,-82402.96081503559,17597.039184964407
2025-08-03,-1621.041200000007,-84024.0020150356,15975.9979849644
2025-08-04,-3644.9672000000137,-87668.96921503561,12331.030784964387
2025-08-05,2610.9120500000136,-85058.0571650356,14941.9428349644
2025-08-06,-1931.5190500000172,-86989.57621503562,13010.423784964383
2025-08-07,-3440.674199999994,-90430.25041503561,9569.74958496439
2025-08-08,-674.6419999999925,-91104.8924150356,8895.107584964397
2025-08-09,-1496.0899000000063,-92600.98231503561,7399.01768496439
2025-08-10,-1297.4981000000116,-93898.48041503562,6101.519584964379
2025-08-11,3720.5081000000064,-90177.97231503561,9822.027684964385
2025-08-12,-8045.343399999983,-98223.3157150356,1776.6842849644017
2025-08-13,-4671.1831999999995,-102894.4989150356,-2894.4989150355977
2025-08-14,4329.111199999985,-98565.38771503561,1434.612284964387
2025-08-15,3226.8792000000103,-95338.5085150356,4661.491484964397
2025-08-16,-1862.8671000000177,-97201.37561503562,2798.6243849643797
2025-08-17,-656.1130999999878,-97857.48871503561,2142.511284964392
2025-08-18,3844.5092000000004,-94012.97951503561,5987.020484964392
2025-08-19,3178.894100000005,-90834.0854150356,9165.914584964397
2025-08-20,-5587.651100000003,-96421.7365150356,3578.2634849643946
2025-08-21,3634.9900999999954,-92786.74641503561,7213.25358496439
2025-08-22,-9713.419500000004,-102500.16591503561,-2500.1659150356136
2025-08-23,-1681.853999999992,-104182.0199150356,-4182.019915035606
2025-08-24,-831.9000999999989,-105013.9200150356,-5013.920015035605
2025-08-25,8977.014500000005,-96036.9055150356,3963.0944849644
2025-08-26,-4134.7953000000125,-100171.70081503561,-171.70081503561232
2025-08-27,-3392.214000000007,-103563.91481503562,-3563.9148150356195
2025-08-28,-7151.0335513924365,-110714.94836642806,-10714.948366428056
2025-08-29,2345.028043971106,-108369.92032245695,-8369.92032245695
2025-08-30,1122.2639999999956,-107247.65632245695,-7247.6563224569545
2025-08-31,944.1045900000026,-106303.55173245695,-6303.551732456952
2025-09-01,1609.0460100000055,-104694.50572245695,-4694.505722456946
2025-09-02,-5794.155510000011,-110488.66123245696,-10488.661232456958
2025-09-03,-529.334520000004,-111017.99575245696,-11017.995752456962
2025-09-04,3938.2114200000215,-107079.78433245694,-7079.78433245694
2025-09-05,-500.34270000000834,-107580.12703245695,-7580.127032456949
2025-09-06,1515.0564000000013,-106065.07063245695,-6065.070632456947
2025-09-07,-2929.6701719999983,-108994.74080445695,-8994.740804456946
2025-09-08,-4350.319790051231,-113345.06059450818,-13345.060594508177
2025-09-09,-2681.559448548578,-116026.62004305676,-16026.620043056755
2025-09-10,-1868.0566482556314,-117894.67669131239,-17894.676691312387
2025-09-11,-1000.0666538279911,-118894.74334514038,-18894.743345140378
2025-09-12,0.0,-118894.74334514038,-18894.743345140378
2025-09-13,-1215.2464867304516,-120109.98983187083,-20109.98983187083
2025-09-14,591.191805189228,-119518.7980266816,-19518.7980266816
2025-09-15,2211.503150000004,-117307.2948766816,-17307.294876681597
2025-09-16,-1087.2171500000113,-118394.51202668161,-18394.51202668161
2025-09-17,-4025.438825871868,-122419.95085255348,-22419.950852553477
2025-09-18,-701.5024308269058,-123121.45328338038,-23121.453283380382
2025-09-19,2067.9814714215754,-121053.4718119588,-21053.471811958807
2025-09-20,-397.6502199999959,-121451.1220319588,-21451.122031958803
2025-09-21,1348.1114199999865,-120103.01061195882,-20103.010611958816
2025-09-22,6411.145120000001,-113691.86549195882,-13691.865491958815
2025-09-23,2880.2223800000065,-110811.64311195881,-10811.643111958809
2025-09-24,2477.5409174214,-108334.10219453741,-8334.102194537409
2025-09-25,8890.64753999999,-99443.45465453742,556.5453454625822
2025-09-26,-5856.211359999987,-105299.6660145374,-5299.666014537404
2025-09-27,799.1327799999999,-104500.5332345374,-4500.5332345374045
2025-09-28,-3483.859759999992,-107984.3929945374,-7984.392994537397
2025-09-29,-1886.0099750956288,-109870.40296963303,-9870.402969633025
2025-09-30,61.894009204697795,-109808.50896042833,-9808.508960428328
2025-10-01,-1676.7171701584448,-111485.22613058677,-11485.226130586772
2025-10-02,-1587.5729528976226,-113072.7990834844,-13072.799083484395
2025-10-03,-1354.3370245788828,-114427.13610806328,-14427.136108063278
2025-10-04,1871.6421949087526,-112555.49391315453,-12555.493913154525
2025-10-05,-910.7402940047177,-113466.23420715924,-13466.234207159243
2025-10-06,-3663.3884557861893,-117129.62266294543,-17129.622662945432
2025-10-07,4461.423247327184,-112668.19941561825,-12668.199415618248
2025-10-08,-3923.489360000007,-116591.68877561826,-16591.688775618255
2025-10-09,3501.502400000012,-113090.18637561824,-13090.186375618243
2025-10-10,14022.234847739383,-99067.95152787886,932.0484721211396
2025-10-11,5137.733340000006,-93930.21818787885,6069.781812121146
2025-10-12,-9708.156803999998,-103638.37499187885,-3638.3749918788526
2025-10-13,-5244.812260764811,-108883.18725264366,-8883.187252643664
2025-10-14,2326.643444451387,-106556.54380819228,-6556.543808192277
2025-10-15,1662.651745111929,-104893.89206308035,-4893.892063080348
2025-10-16,4393.863809999995,-100500.02825308035,-500.02825308035244
2025-10-17,1400.1668100000097,-99099.86144308034,900.1385569196573
2025-10-18,-2750.2750800000067,-101850.13652308035,-1850.1365230803494
2025-10-19,-141.83252999999968,-101991.96905308035,-1991.969053080349
2025-10-20,-918.7214400000084,-102910.69049308036,-2910.6904930803576
2025-10-21,2013.6293100000184,-100897.06118308034,-897.0611830803391
2025-10-22,2730.1535100000037,-98166.90767308034,1833.0923269196646
2025-10-23,-5504.476320000002,-103671.38399308034,-3671.383993080337
2025-10-24,-1134.169470000008,-104805.55346308034,-4805.553463080345
2025-10-25,-103.06170000000566,-104908.61516308035,-4908.615163080351
2025-10-26,-3058.9694099999906,-107967.58457308034,-7967.584573080341
2025-10-27,-511.02137105290603,-108478.60594413325,-8478.605944133247
2025-10-28,2248.0524000000005,-106230.55354413325,-6230.553544133247
2025-10-29,126.36689999999362,-106104.18664413325,-6104.186644133253
2025-10-30,4561.500899999999,-101542.68574413325,-1542.685744133254
2025-10-31,-1288.7456999999995,-102831.43144413325,-2831.4314441332535
2025-11-01,413.0280000000057,-102418.40344413325,-2418.403444133248
2025-11-02,-663.3032999999996,-103081.70674413325,-3081.7067441332474
2025-11-03,7697.624941761154,-95384.0818023721,4615.918197627907
2025-11-04,6582.300159999984,-88801.78164237211,11198.218357627891
2025-11-05,-4402.091839999994,-93203.8734823721,6796.126517627898
2025-11-06,4228.842080000002,-88975.0314023721,11024.9685976279
2025-11-07,-3871.0307200000098,-92846.06212237211,7153.93787762789
2025-11-08,2251.651520000014,-90594.4106023721,9405.589397627904
2025-11-09,-3878.1750400000165,-94472.58564237211,5527.4143576278875
2025-11-10,-8355.354481940303,-102827.94012431242,-2827.9401243124157
2025-11-11,7649.191725865574,-95178.74839844684,4821.251601553158
2025-11-12,705.3724999999977,-94473.37589844684,5526.624101553156
2025-11-13,5183.005999999994,-89290.36989844685,10709.63010155315
2025-11-14,3398.8285000000033,-85891.54139844685,14108.458601553153
2025-11-15,-408.9974999999977,-86300.53889844684,13699.461101553155
2025-11-16,1422.6000000000058,-84877.93889844684,15122.061101553161
2025-11-17,0.0,-84877.93889844684,15122.061101553161
2025-11-18,0.0,-84877.93889844684,15122.061101553161
2025-11-19,1209.0051200303424,-83668.9337784165,16331.066221583504
2025-11-20,1880.649399096379,-81788.28437932012,18211.715620679883
2025-11-21,3627.6548299999995,-78160.62954932012,21839.370450679882
2025-11-22,807.4248599999992,-77353.20468932012,22646.79531067988
2025-11-23,-2175.441490000012,-79528.64617932013,20471.35382067987
2025-11-24,-5701.628489999974,-85230.2746693201,14769.725330679896
2025-11-25,-1144.927724653724,-86375.20239397383,13624.797606026172
2025-11-26,-2331.2432040772255,-88706.44559805105,11293.554401948946
2025-11-27,-499.2075695535459,-89205.6531676046,10794.3468323954
2025-11-28,2450.5924800000066,-86755.0606876046,13244.939312395407
2025-11-29,993.1054000000004,-85761.9552876046,14238.044712395407
2025-11-30,1707.162169999996,-84054.7931176046,15945.206882395403
2025-12-01,4751.519780000002,-79303.2733376046,20696.726662395406
2025-12-02,-8404.329289999994,-87707.60262760459,12292.397372395411
2025-12-03,-4250.799557237711,-91958.4021848423,8041.5978151577
2025-12-04,898.799439530907,-91059.6027453114,8940.397254688607
2025-12-05,4035.1560400000017,-87024.44670531139,12975.553294688609
2025-12-06,767.3273000000045,-86257.11940531139,13742.880594688613
2025-12-07,-18.303220000001602,-86275.42262531139,13724.577374688612
2025-12-08,-3826.076949999988,-90101.49957531138,9898.500424688624
2025-12-09,-4137.023463194841,-94238.52303850622,5761.476961493783
2025-12-10,-2740.783144676272,-96979.30618318249,3020.693816817511
2025-12-11,-882.0456508875213,-97861.35183407001,2138.64816592999
2025-12-12,2873.432964341453,-94987.91886972856,5012.081130271443
2025-12-13,-647.5253399999929,-95635.44420972855,4364.55579027145
2025-12-14,2741.263279999999,-92894.18092972855,7105.819070271449
2025-12-15,1127.1737399999984,-91767.00718972855,8232.992810271448
2025-12-16,-967.2909400000062,-92734.29812972856,7265.701870271441
2025-12-17,4284.1322999999975,-88450.16582972856,11549.834170271439
2025-12-18,2638.7929399999994,-85811.37288972856,14188.627110271438
2025-12-19,-4843.7220999999845,-90655.09498972855,9344.905010271454
2025-12-20,328.4864799999923,-90326.60850972855,9673.391490271446
2025-12-21,-152.61540000000969,-90479.22390972856,9520.776090271436
2025-12-22,122.8190600000089,-90356.40484972855,9643.595150271445
2025-12-23,1345.9224799999938,-89010.48236972856,10989.517630271439
2025-12-24,1082.8426000000036,-87927.63976972856,12072.360230271443
2025-12-25,807.4081399999995,-87120.23162972856,12879.768370271442
2025-12-26,-632.9905399999989,-87753.22216972856,12246.777830271443
2025-12-27,-1781.9664799999882,-89535.18864972854,10464.811350271455
2025-12-28,-391.7128600000142,-89926.90150972856,10073.09849027144
2025-12-29,1432.4045400000032,-88494.49696972856,11505.503030271444
2025-12-30,-1236.184739999997,-89730.68170972855,10269.318290271447
2025-12-31,254.35899999999674,-89476.32270972856,10523.677290271444
2026-01-01,-1643.885879999987,-91120.20858972854,8879.791410271457
2026-01-02,-3926.5762200000026,-95046.78480972855,4953.215190271454
2026-01-03,-784.8792000000103,-95831.66400972856,4168.335990271444
2026-01-04,-538.5143399999943,-96370.17834972855,3629.8216502714495
2026-01-05,-3445.3033253600443,-99815.4816750886,184.51832491140522
2026-01-06,-3367.5983523851464,-103183.08002747374,-3183.080027473741
2026-01-07,2743.9262118970364,-100439.1538155767,-439.1538155767048
2026-01-08,-1426.2248000000109,-101865.37861557672,-1865.3786155767157
2026-01-09,-1142.2645523740503,-103007.64316795077,-3007.643167950766
2026-01-10,72.44899999999325,-102935.19416795077,-2935.1941679507727
2026-01-11,-3972.1972921384586,-106907.39146008923,-6907.391460089231
2026-01-12,-2222.294839010574,-109129.6862990998,-9129.686299099805
2026-01-13,-2448.877662067709,-111578.56396116751,-11578.563961167514
2026-01-14,-3380.3597201148077,-114958.92368128232,-14958.923681282322
2026-01-15,-2140.08746348157,-117099.01114476389,-17099.011144763892
2026-01-16,-2048.1687088069884,-119147.17985357088,-19147.17985357088
2026-01-17,529.2004348411865,-118617.9794187297,-18617.979418729694
2026-01-18,4045.3813999999984,-114572.5980187297,-14572.598018729695
2026-01-19,2222.2814319611352,-112350.31658676856,-12350.31658676856
2026-01-20,5735.957760000005,-106614.35882676856,-6614.358826768555
2026-01-21,-2786.2848000000085,-109400.64362676856,-9400.643626768564
2026-01-22,792.9792000000016,-108607.66442676856,-8607.664426768562
2026-01-23,772.0128000000113,-107835.65162676855,-7835.651626768551
2026-01-24,172.22400000000198,-107663.42762676855,-7663.427626768549
2026-01-25,6263.711999999985,-101399.71562676856,-1399.715626768564
2026-01-26,-4039.027199999997,-105438.74282676856,-5438.742826768561
2026-01-27,-2210.457600000009,-107649.20042676857,-7649.20042676857
2026-01-28,1409.2416000000085,-106239.95882676856,-6239.958826768561
2026-01-29,5618.246400000004,-100621.71242676856,-621.7124267685576
2026-01-30,209.6640000000043,-100412.04842676855,-412.0484267685533
2026-01-31,9020.79359999999,-91391.25482676856,8608.745173231437
2026-02-01,3693.081600000005,-87698.17322676856,12301.826773231442
2026-02-02,-2989.209600000002,-90687.38282676856,9312.61717323144
2026-02-03,4997.491200000004,-85689.89162676856,14310.108373231444
2026-02-04,4292.121599999999,-81397.77002676856,18602.229973231442
2026-02-05,10331.193599999999,-71066.57642676856,28933.42357323144
2026-02-06,-6821.493119999999,-77888.06954676856,22111.93045323144
2026-02-07,-92.92608000000473,-77980.99562676856,22019.004373231437
2026-02-08,449.27999999999884,-77531.71562676856,22468.284373231436
2026-02-09,156.87360000000626,-77374.84202676856,22625.157973231442
2026-02-10,2811.369599999991,-74563.47242676857,25436.527573231433
2026-02-11,2764.1203200000164,-71799.35210676855,28200.64789323145
2026-02-12,695.3356799999892,-71104.01642676856,28895.98357323144
2026-02-13,-4449.369600000005,-75553.38602676857,24446.613973231433
2026-02-14,-2802.7583999999915,-78356.14442676856,21643.85557323144
2026-02-15,1438.4447999999975,-76917.69962676856,23082.30037323144
2026-02-16,-217.15200000000186,-77134.85162676856,22865.148373231437
2026-02-17,1034.8415999999852,-76100.01002676858,23899.989973231422
2026-02-18,2576.620800000019,-73523.38922676856,26476.61077323144
2026-02-19,-659.6928000000044,-74183.08202676856,25816.917973231437
2026-02-20,-1625.6447999999946,-75808.72682676856,24191.273173231442
2026-02-21,-391.322880000007,-76200.04970676856,23799.950293231435
2026-02-22,1823.0284800000081,-74377.02122676856,25622.978773231443
2026-02-23,3625.6895999999833,-70751.33162676857,29248.668373231427
2026-02-24,-772.0127999999822,-71523.34442676856,28476.655573231445
2026-02-25,-6824.563200000004,-78347.90762676856,21652.09237323144
2026-02-26,1610.6687999999995,-76737.23882676856,23262.76117323144
2026-02-27,3049.113599999997,-73688.12522676856,26311.874773231437
2026-02-28,-1886.227199999994,-75574.35242676856,24425.647573231443
2026-03-01,575.0783999999985,-74999.27402676856,25000.72597323144
2026-03-02,-2267.366399999999,-77266.64042676856,22733.359573231442
2026-03-03,-265.0752000000066,-77531.71562676856,22468.284373231436
2026-03-04,-2924.6630399999995,-80456.37866676856,19543.621333231436
2026-03-05,1576.823040000003,-78879.55562676856,21120.44437323144
2026-03-06,3056.6015999999945,-75822.95402676857,24177.045973231434
2026-03-07,1103.4316800000088,-74719.52234676856,25280.477653231443
2026-03-08,1203.6211199999962,-73515.90122676856,26484.09877323144
2026-03-09,-2524.9535999999935,-76040.85482676855,23959.145173231445
2026-03-10,-673.9199999999983,-76714.77482676855,23285.225173231447
2026-03-11,-509.1840000000084,-77223.95882676856,22776.04117323144
2026-03-12,-180.46080000000075,-77404.41962676856,22595.580373231438
2026-03-13,-1025.8559999999998,-78430.27562676856,21569.72437323144
2026-03-14,89.85599999999977,-78340.41962676856,21659.580373231438
2026-03-15,-3228.8255999999965,-81569.24522676856,18430.75477323144
2026-03-16,-2877.638399999996,-84446.88362676855,15553.116373231445
2026-03-17,1183.8527999999933,-83263.03082676856,16736.96917323144
2026-03-18,3401.7983999999997,-79861.23242676856,20138.76757323144
2026-03-19,899.3088000000134,-78961.92362676855,21038.07637323145
2026-03-20,0.0,-78961.92362676855,21038.07637323145
2026-03-21,981.6767999999865,-77980.24682676856,22019.75317323144
2026-03-22,1010.1312000000034,-76970.11562676856,23029.88437323144
2026-03-23,-3909.4848000000056,-80879.60042676856,19120.399573231436
2026-03-24,479.2320000000036,-80400.36842676856,19599.63157323144
2026-03-25,-673.9199999999983,-81074.28842676856,18925.71157323144
2026-03-26,3864.556799999991,-77209.73162676857,22790.268373231433
2026-03-27,2569.881600000008,-74639.85002676856,25360.14997323144
2026-03-28,801.9648000000016,-73837.88522676856,26162.114773231442
2026-03-29,488.2176000000036,-73349.66762676855,26650.332373231446
2026-03-30,-870.8544000000111,-74220.52202676857,25779.477973231435
2026-03-31,-470.99520000000484,-74691.51722676857,25308.48277323143
2026-04-01,1490.8608000000095,-73200.65642676856,26799.34357323144
2026-04-02,1684.800000000003,-71515.85642676856,28484.143573231442
2026-04-03,-1093.996800000008,-72609.85322676857,27390.146773231434
2026-04-04,-336.2112000000052,-72946.06442676857,27053.93557323143
2026-04-05,-793.7280000000028,-73739.79242676857,26260.207573231426
2026-04-06,1407.7440000000206,-72332.04842676855,27667.951573231447
2026-04-07,-4165.574399999998,-76497.62282676855,23502.37717323145
2026-04-08,2232.1727999999857,-74265.45002676857,25734.549973231435
2026-04-09,-539.1359999999986,-74804.58602676856,25195.413973231436
2026-04-10,-1123.199999999997,-75927.78602676856,24072.21397323144
2026-04-11,-74.88000000000466,-76002.66602676857,23997.333973231434
2026-04-12,2539.180800000002,-73463.48522676856,26536.514773231436
2026-04-13,-3753.7343999999866,-77217.21962676855,22782.78037323145
2026-04-14,2121.3503999999957,-75095.86922676855,24904.130773231445
2026-04-15,-884.3328000000038,-75980.20202676856,24019.79797323144
2026-04-16,-3147.2063999999955,-79127.40842676855,20872.591573231446
2026-04-17,255.34079999999085,-78872.06762676856,21127.932373231437
2026-04-18,1968.595199999996,-76903.47242676857,23096.527573231433
2026-04-19,2016.5184000000008,-74886.95402676857,25113.045973231434
2026-04-20,-1385.2799999999988,-76272.23402676856,23727.765973231435
2026-04-21,-561.5999999999913,-76833.83402676856,23166.165973231444
2026-04-22,-630.4896000000008,-77464.32362676856,22535.676373231443
2026-04-23,561.5999999999913,-76902.72362676857,23097.276373231434
2026-04-24,-44.92799999998533,-76947.65162676855,23052.34837323145
2026-04-25,27.480959999986226,-76920.17066676856,23079.829333231435
2026-04-26,-558.3801600000006,-77478.55082676857,22521.449173231435
2026-04-27,1550.0160000000033,-75928.53482676856,24071.465173231438
2026-04-28,577.3248000000021,-75351.21002676856,24648.78997323144
2026-04-29,749.5487999999896,-74601.66122676857,25398.33877323143
2026-04-30,-23.212799999979325,-74624.87402676855,25375.12597323145
2026-05-01,-493.45920000001206,-75118.33322676856,24881.666773231438
2026-05-02,-390.1247999999905,-75508.45802676855,24491.541973231448
2026-05-03,262.0799999999872,-75246.37802676857,24753.621973231435
2026-05-04,-143.02079999999842,-75389.39882676856,24610.601173231436
2026-05-05,-1655.5967999999993,-77044.99562676856,22955.004373231437
2026-05-06,-2119.103999999992,-79164.09962676856,20835.900373231445
2026-05-07,523.4112000000023,-78640.68842676855,21359.311573231447
2026-05-08,-2681.452799999999,-81322.14122676855,18677.858773231448
2026-05-09,-816.9408000000112,-82139.08202676856,17860.917973231437
2026-05-10,-2473.2863999999972,-84612.36842676856,15387.63157323144
2026-05-11,0.0,-84612.36842676856,15387.63157323144
2026-05-12,1589.7023999999947,-83022.66602676857,16977.333973231434
2026-05-13,2367.705600000001,-80654.96042676856,19345.039573231435
2026-05-14,-757.0367999999871,-81411.99722676855,18588.00277323145
2026-05-15,2149.8047999999835,-79262.19242676857,20737.807573231432
2026-05-16,2060.697600000014,-77201.49482676855,22798.505173231446
2026-05-17,973.4400000000023,-76228.05482676855,23771.94517323145
2026-05-18,-119.80800000000454,-76347.86282676856,23652.137173231444
2026-05-19,816.1919999999955,-75531.67082676856,24468.32917323144
2026-05-20,-1390.5216000000073,-76922.19242676857,23077.807573231432
2026-05-21,-879.0911999999953,-77801.28362676856,22198.716373231437
2026-05-22,2210.4575999999943,-75590.82602676857,24409.17397323143
2026-05-23,-1026.6047999999864,-76617.43082676856,23382.569173231444
2026-05-24,375.8975999999966,-76241.53322676856,23758.46677323144
2026-05-25,143.02079999999842,-76098.51242676856,23901.48757323144
2026-05-26,1009.3824000000022,-75089.13002676856,24910.86997323144
2026-05-27,966.700800000006,-74122.42922676855,25877.570773231448
2026-05-28,208.91519999998854,-73913.51402676856,26086.485973231436
2026-05-29,98.09279999999853,-73815.42122676857,26184.578773231435
2026-05-30,-539.1359999999986,-74354.55722676856,25645.442773231436
2026-05-31,208.9152000000031,-74145.64202676856,25854.35797323144
2026-06-01,862.6175999999978,-73283.02442676856,26716.975573231437
2026-06-02,5318.7264,-67964.29802676856,32035.701973231437
2026-06-03,1940.1408000000083,-66024.15722676856,33975.842773231445
2026-06-04,2037.484799999991,-63986.672426768564,36013.327573231436
2026-06-05,3940.9344000000056,-60045.73802676856,39954.26197323144
2026-06-06,1055.8079999999973,-58989.93002676856,41010.06997323144
2026-06-07,-3221.337599999999,-62211.26762676856,37788.73237323144
2026-06-08,-223.8911999999982,-62435.15882676856,37564.84117323144
2026-06-09,1386.0288,-61049.13002676856,38950.86997323144
2026-06-10,1280.448000000004,-59768.682026768554,40231.317973231446
2026-06-11,-2728.7020800000028,-62497.38410676856,37502.61589323144
2026-06-12,68.96447999999509,-62428.41962676856,37571.58037323144
2026-06-13,-1573.2287999999971,-64001.64842676856,35998.35157323144
2026-06-14,-1782.892799999987,-65784.54122676855,34215.458773231454
2026-06-15,-2022.5088000000105,-67807.05002676856,32192.949973231443
2026-06-16,329.4719999999943,-67477.57802676856,32522.421973231438
2026-06-17,1123.9487999999983,-66353.62922676856,33646.370773231436
2026-06-18,1738.7136000000028,-64614.91562676856,35385.08437323144
2026-06-19,-37.43999999999505,-64652.355626768556,35347.644373231444
2026-06-20,-2593.094400000009,-67245.45002676857,32754.549973231435
2026-06-21,577.3248000000167,-66668.12522676855,33331.87477323145
2026-06-22,390.1247999999905,-66278.00042676856,33721.99957323144
2026-06-23,1700.5247999999992,-64577.47562676856,35422.52437323144
2026-06-24,0.0,-64577.47562676856,35422.52437323144
2026-06-25,1483.3727999999974,-63094.10282676856,36905.89717323144
2026-06-26,-3161.4335999999894,-66255.53642676855,33744.46357323145
2026-06-27,1047.5711999999912,-65207.96522676856,34792.03477323144
2026-06-28,-658.1952000000019,-65866.16042676856,34133.83957323144
2026-06-29,-2832.710400000011,-68698.87082676857,31301.129173231428
2026-06-30,1101.4848000000056,-67597.38602676857,32402.613973231433
2026-07-01,-2808.748800000001,-70406.13482676857,29593.865173231432
2026-07-02,-2443.3343999999925,-72849.46922676856,27150.53077323144
2026-07-03,-1251.2448000000004,-74100.71402676856,25899.28597323144
2026-07-04,450.77760000000126,-73649.93642676856,26350.06357323144
2026-07-05,157.24800000000687,-73492.68842676855,26507.311573231447
2026-07-06,-277.0560000000114,-73769.74442676856,26230.255573231436
2026-07-07,1017.619200000001,-72752.12522676856,27247.874773231437
2026-07-08,2053.209600000002,-70698.91562676856,29301.08437323144
2026-07-09,-172.9728000000032,-70871.88842676856,29128.111573231436
2026-07-10,-37.44000000000233,-70909.32842676857,29090.671573231433
2026-07-11,996.6528000000108,-69912.67562676856,30087.324373231444
2026-07-12,-89.85599999999977,-70002.53162676856,29997.468373231444
2026-07-13,1429.459199999983,-68573.07242676857,31426.927573231427
2026-07-14,-2148.307199999981,-70721.37962676855,29278.620373231446
2026-07-15,444.78719999999157,-70276.59242676856,29723.407573231438
2026-07-16,1473.6383999999962,-68802.95402676857,31197.045973231434
2026-07-17,201.42720000000554,-68601.52682676856,31398.47317323144
2026-07-18,-343.69920000000275,-68945.22602676856,31054.773973231437
2026-07-19,-681.4079999999958,-69626.63402676856,30373.36597323144
2026-07-20,-1079.0207999999984,-70705.65482676856,29294.345173231442
2026-07-21,-211.16159999999218,-70916.81642676855,29083.18357323145
2026-07-22,121.30559999999241,-70795.51082676856,29204.489173231443
2026-07-23,1565.7407999999996,-69229.77002676856,30770.229973231442
2026-07-24,1445.1840000000084,-67784.58602676855,32215.41397323145
2026-07-25,-435.05280000000494,-68219.63882676855,31780.361173231446
2026-07-26,-1740.0570922800107,-69959.69591904856,30040.304080951435
