timestamp,equity,drawdown_pct
2026-06-29 09:15:00+05:30,10000.0,0.0
2026-06-29 09:20:00+05:30,10000.0,0.0
2026-06-29 09:25:00+05:30,10000.0,0.0
2026-06-29 09:30:00+05:30,10000.0,0.0
2026-06-29 09:35:00+05:30,10000.0,0.0
2026-06-29 09:40:00+05:30,10000.0,0.0
2026-06-29 09:45:00+05:30,10000.0,0.0
2026-06-29 09:50:00+05:30,10000.0,0.0
2026-06-29 09:55:00+05:30,10000.0,0.0
2026-06-29 10:00:00+05:30,10000.0,0.0
2026-06-29 10:05:00+05:30,10000.0,0.0
2026-06-29 10:10:00+05:30,10000.0,0.0
2026-06-29 10:15:00+05:30,10000.0,0.0
2026-06-29 10:20:00+05:30,10000.0,0.0
2026-06-29 10:25:00+05:30,10000.0,0.0
2026-06-29 10:30:00+05:30,10000.0,0.0
2026-06-29 10:35:00+05:30,10000.0,0.0
2026-06-29 10:40:00+05:30,10000.0,0.0
2026-06-29 10:45:00+05:30,10000.0,0.0
2026-06-29 10:50:00+05:30,10000.0,0.0
2026-06-29 10:55:00+05:30,10000.0,0.0
2026-06-29 11:00:00+05:30,10000.0,0.0
2026-06-29 11:05:00+05:30,9985.60806,-0.14391939999999215
2026-06-29 11:10:00+05:30,9985.20826,-0.1479174000000083
2026-06-29 11:15:00+05:30,9991.605060000002,-0.08394939999998297
2026-06-29 11:20:00+05:30,10012.994359999999,0.0
2026-06-29 11:25:00+05:30,10007.197259999999,-0.05789576815461439
2026-06-29 11:30:00+05:30,10003.39916,-0.09582747832485028
2026-06-29 11:35:00+05:30,10009.995859999999,-0.029946086976517794
2026-06-29 11:40:00+05:30,10044.37866,0.0
2026-06-29 11:45:00+05:30,10046.977359999999,0.0
2026-06-29 11:50:00+05:30,10052.974359999998,0.0
2026-06-29 11:55:00+05:30,10048.776460000001,-0.04175779077584263
2026-06-29 12:00:00+05:30,10052.974359999998,0.0
2026-06-29 12:05:00+05:30,10051.974859999998,-0.009942331137113847
2026-06-29 12:10:00+05:30,10053.17426,0.0
2026-06-29 12:15:00+05:30,10054.17376,0.0
2026-06-29 12:20:00+05:30,10072.76446,0.0
2026-06-29 12:25:00+05:30,10065.36816,-0.07342870002938762
2026-06-29 12:30:00+05:30,10054.77346,-0.17861035142282544
2026-06-29 12:35:00+05:30,10058.77146,-0.13891916221776546
2026-06-29 12:40:00+05:30,10065.568060000001,-0.0714441405691213
2026-06-29 12:45:00+05:30,10053.77396,-0.18853314872410154
2026-06-29 12:50:00+05:30,10052.77446,-0.19845594602536654
2026-06-29 12:55:00+05:30,10057.77196,-0.14884195951903045
2026-06-29 13:00:00+05:30,10058.77146,-0.13891916221776546
2026-06-29 13:05:00+05:30,10066.967359999999,-0.057552224347368064
2026-06-29 13:10:00+05:30,10073.96386,0.0
2026-06-29 13:15:00+05:30,10081.04032,0.0
2026-06-29 13:20:00+05:30,10081.04032,0.0
2026-06-29 13:25:00+05:30,10081.04032,0.0
2026-06-29 13:30:00+05:30,10081.04032,0.0
2026-06-29 13:35:00+05:30,10081.04032,0.0
2026-06-29 13:40:00+05:30,10081.04032,0.0
2026-06-29 13:45:00+05:30,10081.04032,0.0
2026-06-29 13:50:00+05:30,10081.04032,0.0
2026-06-29 13:55:00+05:30,10081.04032,0.0
2026-06-29 14:00:00+05:30,10081.04032,0.0
2026-06-29 14:05:00+05:30,10081.04032,0.0
2026-06-29 14:10:00+05:30,10081.04032,0.0
2026-06-29 14:15:00+05:30,10081.04032,0.0
2026-06-29 14:20:00+05:30,10081.04032,0.0
2026-06-29 14:25:00+05:30,10081.04032,0.0
2026-06-29 14:30:00+05:30,10081.04032,0.0
2026-06-29 14:35:00+05:30,10081.04032,0.0
2026-06-29 14:40:00+05:30,10081.04032,0.0
2026-06-29 14:45:00+05:30,10081.04032,0.0
2026-06-29 14:50:00+05:30,10081.04032,0.0
2026-06-29 14:55:00+05:30,10081.04032,0.0
2026-06-29 15:00:00+05:30,10081.04032,0.0
2026-06-29 15:05:00+05:30,10081.04032,0.0
2026-06-29 15:10:00+05:30,10081.04032,0.0
2026-06-29 15:15:00+05:30,10081.04032,0.0
2026-06-29 15:20:00+05:30,10081.04032,0.0
2026-06-29 15:25:00+05:30,10081.04032,0.0
