cycle,closed_legs,complete,closed_leg_net_pnl,first_entry,last_exit
1,4,True,-21081.65999999999,2026-07-08T09:30:00+05:30,2026-07-08T13:54:12.904637+05:30
2,4,True,7844.240000000001,2026-07-09T09:30:00+05:30,2026-07-09T15:20:00+05:30
3,4,True,8661.349999999991,2026-07-10T09:30:00+05:30,2026-07-10T15:20:00+05:30
4,4,True,-20942.96,2026-07-13T09:30:00+05:30,2026-07-13T10:28:14.446795+05:30
5,4,True,12820.759999999987,2026-07-14T09:30:00+05:30,2026-07-14T15:20:00+05:30
6,4,True,-1060.6199999999953,2026-07-15T09:30:00+05:30,2026-07-15T15:20:00+05:30
7,4,True,2541.7800000000034,2026-07-16T09:30:00+05:30,2026-07-16T15:20:00+05:30
8,4,True,-20936.089999999997,2026-07-17T09:30:00+05:30,2026-07-17T14:15:17.648277+05:30
9,4,True,7180.499999999996,2026-07-20T09:30:00+05:30,2026-07-20T15:20:00+05:30
10,4,True,7587.779999999988,2026-07-21T09:30:00+05:30,2026-07-21T15:20:00+05:30
11,4,True,-178.22000000002845,2026-07-22T09:30:00+05:30,2026-07-22T15:20:00+05:30
12,4,True,2404.530000000008,2026-07-23T09:30:00+05:30,2026-07-23T15:20:00+05:30
13,4,True,6103.699999999993,2026-07-24T09:30:00+05:30,2026-07-24T15:20:00+05:30
14,4,True,12470.120000000003,2026-07-27T09:30:00+05:30,2026-07-27T15:20:00+05:30
15,4,True,2948.2099999999937,2026-07-28T09:30:00+05:30,2026-07-28T15:20:00+05:30
16,4,True,-859.4199999999946,2026-07-29T09:30:00+05:30,2026-07-29T15:20:00+05:30
17,4,True,1599.6300000000047,2026-07-30T09:30:00+05:30,2026-07-30T15:20:00+05:30
18,4,True,3361.3699999999917,2026-07-31T09:30:00+05:30,2026-07-31T15:20:00+05:30
19,4,True,5544.620000000004,2026-08-03T09:30:00+05:30,2026-08-03T15:20:00+05:30
20,4,True,-20936.459999999995,2026-08-04T09:30:00+05:30,2026-08-04T12:00:14.045069+05:30
21,4,True,-21043.409999999996,2026-08-05T09:30:00+05:30,2026-08-05T12:50:15.588635+05:30
22,4,True,-3484.3699999999862,2026-08-06T09:30:00+05:30,2026-08-06T15:20:00+05:30
23,4,True,13447.780000000006,2026-08-07T09:30:00+05:30,2026-08-07T15:20:00+05:30
24,4,True,15781.550000000001,2026-08-10T09:30:00+05:30,2026-08-10T15:20:00+05:30
25,4,True,22631.050000000007,2026-08-11T09:30:00+05:30,2026-08-11T15:20:00+05:30
26,4,True,6586.1699999999855,2026-08-12T09:30:00+05:30,2026-08-12T15:20:00+05:30
27,4,True,8752.620000000006,2026-08-13T09:30:00+05:30,2026-08-13T15:20:00+05:30
28,4,True,5075.589999999975,2026-08-14T09:30:00+05:30,2026-08-14T15:20:00+05:30
29,4,True,4102.919999999995,2026-08-17T09:30:00+05:30,2026-08-17T15:20:00+05:30
30,4,True,4527.099999999997,2026-08-18T09:30:00+05:30,2026-08-18T15:20:00+05:30
31,4,True,4027.2299999999814,2026-08-19T09:30:00+05:30,2026-08-19T15:20:00+05:30
32,4,True,3409.080000000009,2026-08-20T09:30:00+05:30,2026-08-20T15:20:00+05:30
33,4,True,5465.180000000002,2026-08-21T09:30:00+05:30,2026-08-21T15:20:00+05:30
34,4,True,-21023.67,2026-08-24T09:30:00+05:30,2026-08-24T11:30:17.502374+05:30
35,4,True,-4034.9499999999753,2026-08-25T09:30:00+05:30,2026-08-25T15:20:00+05:30
36,4,True,1059.950000000019,2026-08-26T09:30:00+05:30,2026-08-26T15:20:00+05:30
37,4,True,-2413.889999999992,2026-08-27T09:30:00+05:30,2026-08-27T15:20:00+05:30
38,4,True,1730.2000000000035,2026-08-28T09:30:00+05:30,2026-08-28T15:20:00+05:30
39,4,True,-20960.019999999993,2026-08-31T09:30:00+05:30,2026-08-31T14:46:11.178985+05:30
40,4,True,-10998.039999999994,2026-09-01T09:30:00+05:30,2026-09-01T15:20:00+05:30
41,4,True,6820.119999999995,2026-09-02T09:30:00+05:30,2026-09-02T15:20:00+05:30
42,4,True,-2054.84,2026-09-03T09:30:00+05:30,2026-09-03T15:20:00+05:30
43,4,True,10348.69000000001,2026-09-04T09:30:00+05:30,2026-09-04T15:20:00+05:30
44,4,True,4065.8200000000033,2026-09-07T09:30:00+05:30,2026-09-07T15:20:00+05:30
45,4,True,12984.85000000001,2026-09-08T09:30:00+05:30,2026-09-08T15:20:00+05:30
46,4,True,5118.43,2026-09-09T09:30:00+05:30,2026-09-09T15:20:00+05:30
47,4,True,7594.030000000008,2026-09-10T09:30:00+05:30,2026-09-10T15:20:00+05:30
48,4,True,-21107.130000000012,2026-09-11T09:30:00+05:30,2026-09-11T14:00:16.523633+05:30
49,4,True,-21035.999999999985,2026-09-15T09:30:00+05:30,2026-09-15T13:41:09.284577+05:30
50,4,True,2488.6300000000183,2026-09-16T09:30:00+05:30,2026-09-16T15:20:00+05:30
51,4,True,7062.960000000017,2026-09-17T09:30:00+05:30,2026-09-17T15:20:00+05:30
52,4,True,18372.070000000007,2026-09-18T09:30:00+05:30,2026-09-18T15:20:00+05:30
53,4,True,9499.420000000002,2026-09-21T09:30:00+05:30,2026-09-21T15:20:00+05:30
54,4,True,-21015.790000000008,2026-09-22T09:30:00+05:30,2026-09-22T14:00:18.363125+05:30
55,4,True,5991.3999999999905,2026-09-23T09:30:00+05:30,2026-09-23T15:20:00+05:30
56,4,True,-21061.580000000016,2026-09-24T09:30:00+05:30,2026-09-24T13:27:04.793537+05:30
57,4,True,6834.110000000004,2026-09-25T09:30:00+05:30,2026-09-25T15:20:00+05:30
58,4,True,9425.790000000015,2026-09-28T09:30:00+05:30,2026-09-28T15:20:00+05:30
59,4,True,7790.569999999992,2026-09-29T09:30:00+05:30,2026-09-29T15:20:00+05:30
60,4,True,3275.080000000009,2026-09-30T09:30:00+05:30,2026-09-30T15:20:00+05:30
61,4,True,-21292.53,2026-10-01T09:30:00+05:30,2026-10-01T12:49:17.465564+05:30
62,4,True,275.8100000000268,2026-10-05T09:30:00+05:30,2026-10-05T15:20:00+05:30
63,4,True,6502.6600000000035,2026-10-06T09:30:00+05:30,2026-10-06T15:20:00+05:30
64,4,True,11945.899999999994,2026-10-07T09:30:00+05:30,2026-10-07T15:20:00+05:30
