key,family,path,net,realized,fees,return_pct,capital,drawdown,trades,trade_label,closed_legs,open,win_rate,profit_factor,coverage
nifty500_fixed,Stocks,OLHC,9909.030199999997,9909.030199999997,2020.6298000000002,1.6892148689936795,586605.6700000002,491.86271000000033,216,Closed trades,,0,53.7037037037037,2.9010675217498676,77/77 symbols
nifty500_fixed,Stocks,OHLC,9651.191745000004,9651.191745000004,2173.5982550000003,1.6153084456475664,597482.9,600.7298450000017,232,Closed trades,,0,51.293103448275865,2.6219326843179287,77/77 symbols
weekday_fixed,Stocks,OLHC,761.5033449999984,761.5033449999984,499.10665500000005,0.45775347423742807,166356.65,813.118674999998,52,Closed trades,,0,42.30769230769231,1.4360635594748248,23/23 symbols
weekday_fixed,Stocks,OHLC,585.1154099999981,585.1154099999981,556.48459,0.3350393550647947,174640.80000000002,856.9321999999987,58,Closed trades,,0,37.93103448275862,1.2964981633674153,23/23 symbols
nifty500_trailing,Stocks,OLHC,2607.881815000002,2607.881815000002,2008.808185,0.5900706286365209,441960.95999999985,848.2690899999964,217,Closed trades,,0,41.935483870967744,1.4236363218984387,77/77 symbols
nifty500_trailing,Stocks,OHLC,1635.768704999998,1635.768704999998,2227.341295,0.36102963547646816,453084.32999999996,1109.2260100000008,241,Closed trades,,0,38.17427385892116,1.2319211502286402,77/77 symbols
weekday_trailing,Stocks,OLHC,-260.27024500000493,-260.27024500000493,488.300245,-0.224701269841137,115829.45000000004,821.4792650000053,51,Closed trades,,0,31.372549019607842,0.8174620036826367,23/23 symbols
weekday_trailing,Stocks,OHLC,-644.9439950000045,-644.9439950000045,593.933995,-0.5565513901185896,115882.20000000006,1138.6751750000035,62,Closed trades,,0,25.806451612903224,0.6400118550762022,23/23 symbols
nifty500_fixed_5m,Stocks,OLHC,8721.434815,8721.434815,1010.3751850000001,1.4483494554994023,602163.71,453.6047500000002,107,Closed trades,,0,68.22429906542057,4.919934837040385,77/77 symbols
nifty500_fixed_5m,Stocks,OHLC,8622.325745000006,8622.325745000006,1010.424255,1.4555045822776111,592394.2700000001,569.2124999999983,107,Closed trades,,0,67.28971962616822,4.763995043946124,77/77 symbols
weekday_fixed_5m,Stocks,OLHC,1260.3150200000057,1260.3150200000057,261.06498,0.7184868868156951,175412.39,533.0001999999954,27,Closed trades,,0,51.851851851851855,3.0483779398355093,23/23 symbols
weekday_fixed_5m,Stocks,OHLC,1274.1816550000046,1274.1816550000046,261.068345,0.7264076617215304,175408.62,532.5998999999971,27,Closed trades,,0,51.851851851851855,3.066044163667546,23/23 symbols
nifty500_trailing_5m,Stocks,OLHC,3738.3371200000047,3738.3371200000047,743.40288,0.8991308536155291,415772.31000000006,869.866284999999,79,Closed trades,,0,58.22784810126582,2.5977589216392243,77/77 symbols
nifty500_trailing_5m,Stocks,OHLC,3602.0921849999945,3602.0921849999945,753.2178150000001,0.8663263512631587,415789.2900000001,983.0154250000015,80,Closed trades,,0,57.5,2.472106293015489,77/77 symbols
weekday_trailing_5m,Stocks,OLHC,-419.6047149999948,-419.6047149999948,233.47471500000003,-0.36181497579850164,115972.18000000002,813.2955749999984,24,Closed trades,,0,41.666666666666664,0.5080758852417064,23/23 symbols
weekday_trailing_5m,Stocks,OHLC,-412.4335799999979,-412.4335799999979,233.47358000000003,-0.35564871459496417,115966.56,810.6466999999977,24,Closed trades,,0,41.666666666666664,0.5142910003236246,23/23 symbols
iron_condor_intraday_current_week,Options,OLHC,-21024.409999999916,-21024.409999999996,744.4100000000001,-1.0512204999999941,2000000,24958.679999999935,1,Completed cycles,4,0,0.0,0.0,4 closed / 0 open legs
iron_condor_intraday_next_week,Options,OLHC,6706.020000000019,6706.0199999999895,739.73,0.33530100000001006,2000000,16776.5,1,Completed cycles,4,0,100.0,,4 closed / 0 open legs
iron_condor_positional_current_week,Options,OLHC,0.0,0.0,0.0,0.0,2000000,0.0,0,Completed cycles,0,0,,,0 closed / 0 open legs
iron_condor_positional_next_week,Options,OLHC,4383.520000000019,-150.23000000000002,150.23000000000002,0.2191760000000098,2000000,3727.75,0,Completed cycles,0,4,,,0 closed / 4 open legs
delta_intraday_current_week,Options,OLHC,2250.2399999999907,2250.2400000000002,206.76,0.11251199999999795,2000000,7024.679999999935,1,Completed cycles,4,0,100.0,,4 closed / 0 open legs
delta_intraday_next_week,Options,OLHC,5208.909999999916,5208.910000000001,160.08999999999997,0.260445499999995,2000000,3991.0,1,Completed cycles,2,0,100.0,,2 closed / 0 open legs
delta_positional_current_week,Options,OLHC,0.0,0.0,0.0,0.0,2000000,0.0,0,Completed cycles,0,0,,,0 closed / 0 open legs
delta_positional_next_week,Options,OLHC,2507.3899999998976,-53.61,53.61,0.12536949999999436,2000000,2366.0,0,Completed cycles,0,2,,,0 closed / 2 open legs
premium_intraday_current_week,Options,OLHC,5957.070000000065,5957.0700000000015,126.93,0.29785350000000044,2000000,1963.0,1,Completed cycles,2,0,100.0,,2 closed / 0 open legs
premium_intraday_next_week,Options,OLHC,2965.4899999999907,2965.4900000000016,128.51,0.14827449999998965,2000000,2936.4499999999534,1,Completed cycles,2,0,100.0,,2 closed / 0 open legs
premium_positional_current_week,Options,OLHC,0.0,0.0,0.0,0.0,2000000,0.0,0,Completed cycles,0,0,,,0 closed / 0 open legs
premium_positional_next_week,Options,OLHC,1867.5,-2149.500000000001,82.5,0.09337499999999554,2000000,1705.8899999998976,0,Completed cycles,1,1,,,1 closed / 1 open legs
iron_condor_intraday_current_week,Options,OHLC,-21024.419999999925,-21024.41999999999,744.4200000000001,-1.051220999999991,2000000,24958.689999999944,1,Completed cycles,4,0,0.0,0.0,4 closed / 0 open legs
iron_condor_intraday_next_week,Options,OHLC,6706.020000000019,6706.0199999999895,739.73,0.33530100000001006,2000000,16776.5,1,Completed cycles,4,0,100.0,,4 closed / 0 open legs
iron_condor_positional_current_week,Options,OHLC,0.0,0.0,0.0,0.0,2000000,0.0,0,Completed cycles,0,0,,,0 closed / 0 open legs
iron_condor_positional_next_week,Options,OHLC,4383.520000000019,-150.23000000000002,150.23000000000002,0.2191760000000098,2000000,3727.75,0,Completed cycles,0,4,,,0 closed / 4 open legs
delta_intraday_current_week,Options,OHLC,2250.2399999999907,2250.2400000000002,206.76,0.11251199999999795,2000000,7024.679999999935,1,Completed cycles,4,0,100.0,,4 closed / 0 open legs
delta_intraday_next_week,Options,OHLC,5208.909999999916,5208.910000000001,160.08999999999997,0.260445499999995,2000000,3991.0,1,Completed cycles,2,0,100.0,,2 closed / 0 open legs
delta_positional_current_week,Options,OHLC,0.0,0.0,0.0,0.0,2000000,0.0,0,Completed cycles,0,0,,,0 closed / 0 open legs
delta_positional_next_week,Options,OHLC,2507.3899999998976,-53.61,53.61,0.12536949999999436,2000000,2366.0,0,Completed cycles,0,2,,,0 closed / 2 open legs
premium_intraday_current_week,Options,OHLC,5957.070000000065,5957.0700000000015,126.93,0.29785350000000044,2000000,1963.0,1,Completed cycles,2,0,100.0,,2 closed / 0 open legs
premium_intraday_next_week,Options,OHLC,2965.4899999999907,2965.4900000000016,128.51,0.14827449999998965,2000000,2936.4499999999534,1,Completed cycles,2,0,100.0,,2 closed / 0 open legs
premium_positional_current_week,Options,OHLC,0.0,0.0,0.0,0.0,2000000,0.0,0,Completed cycles,0,0,,,0 closed / 0 open legs
premium_positional_next_week,Options,OHLC,1867.5,-2149.500000000001,82.5,0.09337499999999554,2000000,1705.8899999998976,0,Completed cycles,1,1,,,1 closed / 1 open legs
