timestamp,symbol,open,high,low,close,volume,ha_open,ha_close,ha_high,ha_low,bb_middle,bb_upper,bb_lower,vwap,rvol,signal,confirmation,signal_stop,signal_rvol,signal_time,fresh_bb_cross,rvol_available,price_candidate,price_confirmation,bullish,zero_lower_wick,signal_close_ist
2026-06-29 09:15:00+05:30,ATHERENERG,990.0,1003.6,989.9,1000.0,88627.0,995.0,995.875,1003.6,989.9,,,,997.8333333333335,,False,False,,,,False,False,False,False,True,False,2026-06-29 09:20:00+05:30
2026-06-29 09:20:00+05:30,ATHERENERG,1000.0,1003.7,998.0,1002.3,78091.0,995.4375,1001.0,1003.7,995.4375,,,,999.4727393962661,,False,False,989.9,,2026-06-29 09:15:00+05:30,False,False,False,False,True,True,2026-06-29 09:25:00+05:30
2026-06-29 09:25:00+05:30,ATHERENERG,1002.0,1007.1,1000.0,1005.25,65295.0,998.21875,1003.5875,1007.1,998.21875,,,,1000.7796714695586,,False,False,995.4375,,2026-06-29 09:20:00+05:30,False,False,False,False,True,True,2026-06-29 09:30:00+05:30
2026-06-29 09:30:00+05:30,ATHERENERG,1005.35,1013.9,1004.3,1012.2,93033.0,1000.903125,1008.9375,1013.9,1000.903125,,,,1003.4568286232308,,False,False,998.21875,,2026-06-29 09:25:00+05:30,False,False,False,False,True,True,2026-06-29 09:35:00+05:30
2026-06-29 09:35:00+05:30,ATHERENERG,1012.2,1021.8,1012.2,1019.35,165453.0,1004.9203125,1016.3874999999999,1021.8,1004.9203125,,,,1008.2893831927622,,False,False,1000.903125,,2026-06-29 09:30:00+05:30,False,False,False,False,True,True,2026-06-29 09:40:00+05:30
2026-06-29 09:40:00+05:30,ATHERENERG,1019.35,1026.0,1019.15,1021.0,173263.0,1010.65390625,1021.375,1026.0,1010.65390625,,,,1011.8813419820157,,False,False,1004.9203125,,2026-06-29 09:35:00+05:30,False,False,False,False,True,True,2026-06-29 09:45:00+05:30
2026-06-29 09:45:00+05:30,ATHERENERG,1021.8,1022.8,1016.0,1016.1,93925.0,1016.014453125,1019.175,1022.8,1016.0,,,,1012.6770167848554,,False,False,1010.65390625,,2026-06-29 09:40:00+05:30,False,False,False,False,True,False,2026-06-29 09:50:00+05:30
2026-06-29 09:50:00+05:30,ATHERENERG,1016.4,1016.95,1013.45,1014.8,55202.0,1017.5947265625,1015.4000000000001,1017.5947265625,1013.45,,,,1012.839294110266,,False,False,1016.0,,2026-06-29 09:45:00+05:30,False,False,False,False,False,False,2026-06-29 09:55:00+05:30
2026-06-29 09:55:00+05:30,ATHERENERG,1015.0,1016.85,1012.5,1014.55,36255.0,1016.49736328125,1014.7249999999999,1016.85,1012.5,,,,1012.9158922985972,,False,False,1013.45,,2026-06-29 09:50:00+05:30,False,False,False,False,False,False,2026-06-29 10:00:00+05:30
2026-06-29 10:00:00+05:30,ATHERENERG,1015.05,1016.9,1005.4,1007.45,74425.0,1015.611181640625,1011.2,1016.9,1005.4,,,,1012.6742023245331,,False,False,1012.5,,2026-06-29 09:55:00+05:30,False,False,False,False,False,False,2026-06-29 10:05:00+05:30
2026-06-29 10:05:00+05:30,ATHERENERG,1008.0,1012.7,1007.5,1011.9,38524.0,1013.4055908203125,1010.025,1013.4055908203125,1007.5,,,,1012.5951515775155,,False,False,1005.4,,2026-06-29 10:00:00+05:30,False,False,False,False,False,False,2026-06-29 10:10:00+05:30
2026-06-29 10:10:00+05:30,ATHERENERG,1011.55,1015.85,1011.4,1014.7,36216.0,1011.7152954101562,1013.375,1015.85,1011.4,,,,1012.6455111259808,,False,False,1007.5,,2026-06-29 10:05:00+05:30,False,False,False,False,True,False,2026-06-29 10:15:00+05:30
2026-06-29 10:15:00+05:30,ATHERENERG,1014.6,1016.75,1012.0,1013.05,50891.0,1012.5451477050781,1014.0999999999999,1016.75,1012.0,,,,1012.7079763947135,,False,False,1011.4,,2026-06-29 10:10:00+05:30,False,False,False,False,True,False,2026-06-29 10:20:00+05:30
2026-06-29 10:20:00+05:30,ATHERENERG,1013.05,1015.8,1012.0,1012.0,29539.0,1013.322573852539,1013.2125,1015.8,1012.0,,,,1012.7232749534411,,False,False,1012.0,,2026-06-29 10:15:00+05:30,False,False,False,False,False,False,2026-06-29 10:25:00+05:30
2026-06-29 10:25:00+05:30,ATHERENERG,1012.2,1015.5,1011.55,1014.45,18568.0,1013.2675369262695,1013.425,1015.5,1011.55,,,,1012.7420587249816,,False,False,1012.0,,2026-06-29 10:20:00+05:30,False,False,False,False,True,False,2026-06-29 10:30:00+05:30
2026-06-29 10:30:00+05:30,ATHERENERG,1014.45,1016.0,1013.2,1015.55,21016.0,1013.3462684631347,1014.8,1016.0,1013.2,,,,1012.7829248794848,,False,False,1011.55,,2026-06-29 10:25:00+05:30,False,False,False,False,True,False,2026-06-29 10:35:00+05:30
2026-06-29 10:35:00+05:30,ATHERENERG,1015.5,1020.4,1015.05,1018.85,51115.0,1014.0731342315673,1017.4499999999999,1020.4,1014.0731342315673,,,,1013.0153290725973,,False,False,1013.2,,2026-06-29 10:30:00+05:30,False,False,False,False,True,True,2026-06-29 10:40:00+05:30
2026-06-29 10:40:00+05:30,ATHERENERG,1019.3,1020.35,1016.75,1018.8,29025.0,1015.7615671157837,1018.8,1020.35,1015.7615671157837,,,,1013.1513888205144,,False,False,1014.0731342315673,,2026-06-29 10:35:00+05:30,False,False,False,False,True,True,2026-06-29 10:45:00+05:30
2026-06-29 10:45:00+05:30,ATHERENERG,1018.8,1019.9,1017.85,1019.85,33140.0,1017.2807835578918,1019.0999999999999,1019.9,1017.2807835578918,,,,1013.3141449801601,,False,False,1015.7615671157837,,2026-06-29 10:40:00+05:30,False,False,False,False,True,True,2026-06-29 10:50:00+05:30
2026-06-29 10:50:00+05:30,ATHERENERG,1019.85,1019.85,1017.55,1019.0,24698.0,1018.1903917789459,1019.0625,1019.85,1017.55,1013.0506250000001,1025.8186232647047,1000.2826267352955,1013.4219930573962,,False,False,1017.2807835578918,,2026-06-29 10:45:00+05:30,False,False,False,False,True,False,2026-06-29 10:55:00+05:30
2026-06-29 10:55:00+05:30,ATHERENERG,1018.8,1025.95,1018.8,1025.0,90020.0,1018.626445889473,1022.1375,1025.95,1018.626445889473,1014.3637499999999,1025.023882797015,1003.7036172029847,1014.0791299400365,,False,False,1017.55,,2026-06-29 10:50:00+05:30,False,False,False,False,True,True,2026-06-29 11:00:00+05:30
2026-06-29 11:00:00+05:30,ATHERENERG,1025.0,1029.9,1022.25,1028.6,147788.0,1020.3819729447365,1026.4375,1029.9,1020.3819729447365,1015.6356250000001,1025.6658240103638,1005.6054259896365,1015.3489394905816,,False,False,1018.626445889473,,2026-06-29 10:55:00+05:30,True,False,True,False,True,True,2026-06-29 11:05:00+05:30
2026-06-29 11:05:00+05:30,ATHERENERG,1028.75,1029.05,1023.7,1026.7,79056.0,1023.4097364723682,1027.05,1029.05,1023.4097364723682,1016.8087499999999,1026.4069858405073,1007.2105141594926,1015.9084743388859,,False,False,1020.3819729447365,,2026-06-29 11:00:00+05:30,False,False,False,False,True,True,2026-06-29 11:10:00+05:30
2026-06-29 11:10:00+05:30,ATHERENERG,1026.7,1028.5,1024.05,1026.6,90689.0,1025.229868236184,1026.4625,1028.5,1024.05,1017.6849999999998,1027.4473018545832,1007.9226981454166,1016.4794105432328,,False,False,1023.4097364723682,,2026-06-29 11:05:00+05:30,False,False,False,False,True,False,2026-06-29 11:15:00+05:30
2026-06-29 11:15:00+05:30,ATHERENERG,1026.05,1028.95,1025.9,1028.2,82117.0,1025.846184118092,1027.275,1028.95,1025.846184118092,1018.2293750000001,1028.8206015431113,1007.638148456889,1017.0063565966063,,False,False,1024.05,,2026-06-29 11:10:00+05:30,False,False,False,False,True,True,2026-06-29 11:20:00+05:30
2026-06-29 11:20:00+05:30,ATHERENERG,1028.2,1034.5,1026.1,1033.55,154963.0,1026.560592059046,1030.5874999999999,1034.5,1026.1,1018.6900000000002,1030.5175541639007,1006.8624458360996,1018.1783591206569,,False,False,1025.846184118092,,2026-06-29 11:15:00+05:30,True,False,False,False,True,False,2026-06-29 11:25:00+05:30
2026-06-29 11:25:00+05:30,ATHERENERG,1033.55,1033.55,1030.2,1032.1,74736.0,1028.5740460295228,1032.35,1033.55,1028.5740460295228,1019.3487499999999,1032.593647366533,1006.1038526334667,1018.699315228083,,False,False,1026.1,,2026-06-29 11:20:00+05:30,False,False,False,False,True,True,2026-06-29 11:30:00+05:30
2026-06-29 11:30:00+05:30,ATHERENERG,1032.0,1033.5,1030.55,1031.15,69040.0,1030.4620230147614,1031.8000000000002,1033.5,1030.4620230147614,1020.16875,1034.3329974650087,1006.0045025349915,1019.1394111878947,,False,False,1028.5740460295228,,2026-06-29 11:25:00+05:30,False,False,False,False,True,True,2026-06-29 11:35:00+05:30
2026-06-29 11:35:00+05:30,ATHERENERG,1031.65,1033.5,1031.1,1032.8,46969.0,1031.1310115073807,1032.2625,1033.5,1031.1,1021.045625,1035.9074937313374,1006.1837562686627,1019.4386769273233,,False,False,1030.4620230147614,,2026-06-29 11:30:00+05:30,False,False,False,False,True,False,2026-06-29 11:40:00+05:30
2026-06-29 11:40:00+05:30,ATHERENERG,1033.5,1043.0,1031.95,1041.4,241663.0,1031.6967557536905,1037.4625,1043.0,1031.6967557536905,1022.3587500000001,1038.1224248174403,1006.5950751825598,1021.442192786141,,False,False,1031.1,,2026-06-29 11:35:00+05:30,False,False,False,False,True,True,2026-06-29 11:45:00+05:30
2026-06-29 11:45:00+05:30,ATHERENERG,1040.95,1045.0,1036.85,1042.05,226206.0,1034.5796278768453,1041.2124999999999,1045.0,1034.5796278768453,1023.9181249999999,1040.634444636436,1007.2018053635637,1023.1971726257918,,False,False,1031.6967557536905,,2026-06-29 11:40:00+05:30,True,False,True,False,True,True,2026-06-29 11:50:00+05:30
2026-06-29 11:50:00+05:30,ATHERENERG,1042.5,1045.0,1041.8,1043.55,190549.0,1037.8960639384227,1043.2125,1045.0,1037.8960639384227,1025.41,1043.3754018184957,1007.4445981815045,1024.600452584036,,False,False,1034.5796278768453,,2026-06-29 11:45:00+05:30,False,False,False,False,True,True,2026-06-29 11:55:00+05:30
2026-06-29 11:55:00+05:30,ATHERENERG,1043.55,1044.85,1040.65,1042.5,105192.0,1040.5542819692114,1042.8874999999998,1044.85,1040.5542819692114,1026.8493750000002,1045.5570697320484,1008.1416802679521,1025.2660318622738,,False,False,1037.8960639384227,,2026-06-29 11:50:00+05:30,False,False,False,False,True,True,2026-06-29 12:00:00+05:30
2026-06-29 12:00:00+05:30,ATHERENERG,1043.45,1044.0,1042.5,1043.55,60860.0,1041.7208909846056,1043.375,1044.0,1041.7208909846056,1028.3575,1047.286484719208,1009.4285152807922,1025.6434440935632,,False,False,1040.5542819692114,,2026-06-29 11:55:00+05:30,False,False,False,False,True,True,2026-06-29 12:05:00+05:30
2026-06-29 12:05:00+05:30,ATHERENERG,1043.55,1043.9,1039.1,1043.3,96331.0,1042.547945492303,1042.4624999999999,1043.9,1039.1,1029.809375,1048.385407735423,1011.2333422645771,1026.1696804460112,,False,False,1041.7208909846056,,2026-06-29 12:00:00+05:30,False,False,False,False,False,False,2026-06-29 12:10:00+05:30
2026-06-29 12:10:00+05:30,ATHERENERG,1043.9,1044.0,1042.6,1043.6,75105.0,1042.5052227461515,1043.525,1044.0,1042.5052227461515,1031.245625,1049.3945958299812,1013.096654170019,1026.5888051503034,,False,False,1039.1,,2026-06-29 12:05:00+05:30,False,False,False,False,True,True,2026-06-29 12:15:00+05:30
2026-06-29 12:15:00+05:30,ATHERENERG,1043.95,1046.5,1043.2,1043.85,110607.0,1043.0151113730758,1044.375,1046.5,1043.0151113730758,1032.591875,1050.43978327205,1014.7439667279502,1027.208826393162,,False,False,1042.5052227461515,,2026-06-29 12:10:00+05:30,False,False,False,False,True,True,2026-06-29 12:20:00+05:30
2026-06-29 12:20:00+05:30,ATHERENERG,1043.9,1048.5,1041.45,1048.5,121574.0,1043.695055686538,1045.5875,1048.5,1041.45,1033.93125,1051.45569631793,1016.4068036820703,1027.9024759576428,,False,False,1043.0151113730758,,2026-06-29 12:15:00+05:30,False,False,False,False,True,False,2026-06-29 12:25:00+05:30
2026-06-29 12:25:00+05:30,ATHERENERG,1048.1,1049.0,1045.15,1046.65,115277.0,1044.641277843269,1047.225,1049.0,1044.641277843269,1035.3375,1052.3829576060605,1018.2920423939397,1028.5411346718706,,False,False,1041.45,,2026-06-29 12:20:00+05:30,False,False,False,False,True,True,2026-06-29 12:30:00+05:30
2026-06-29 12:30:00+05:30,ATHERENERG,1046.6,1047.7,1041.0,1044.0,88765.0,1045.9331389216345,1044.825,1047.7,1041.0,1036.625625,1052.4033931307433,1020.8478568692566,1028.9364223873717,,False,False,1044.641277843269,,2026-06-29 12:25:00+05:30,False,False,False,False,False,False,2026-06-29 12:35:00+05:30
2026-06-29 12:35:00+05:30,ATHERENERG,1044.0,1047.85,1043.0,1045.0,76919.0,1045.3790694608174,1044.9625,1047.85,1043.0,1037.766875,1052.4518232357786,1023.0819267642213,1029.2856263239803,,False,False,1041.0,,2026-06-29 12:30:00+05:30,False,False,False,False,False,False,2026-06-29 12:40:00+05:30
2026-06-29 12:40:00+05:30,ATHERENERG,1045.05,1047.0,1043.55,1046.7,57975.0,1045.1707847304087,1045.575,1047.0,1043.55,1038.72375,1052.8130253983306,1024.6344746016696,1029.54651722569,,False,False,1043.0,,2026-06-29 12:35:00+05:30,False,False,False,False,True,False,2026-06-29 12:45:00+05:30
2026-06-29 12:45:00+05:30,ATHERENERG,1046.9,1047.45,1041.7,1043.75,60987.0,1045.3728923652043,1044.95,1047.45,1041.7,1039.61875,1052.8777669790225,1026.3597330209777,1029.788411280262,,False,False,1043.55,,2026-06-29 12:40:00+05:30,False,False,False,False,False,False,2026-06-29 12:50:00+05:30
2026-06-29 12:50:00+05:30,ATHERENERG,1044.0,1045.0,1042.15,1043.5,57723.0,1045.161446182602,1043.6625,1045.161446182602,1042.15,1040.47875,1052.3739646365673,1028.5835353634327,1029.9987034553462,,False,False,1041.7,,2026-06-29 12:45:00+05:30,False,False,False,False,False,False,2026-06-29 12:55:00+05:30
2026-06-29 12:55:00+05:30,ATHERENERG,1044.5,1045.1,1043.25,1044.75,32272.0,1044.411973091301,1044.4,1045.1,1043.25,1041.335,1051.6680011371336,1031.0019988628665,1030.12041510092,,False,False,1042.15,,2026-06-29 12:50:00+05:30,False,False,False,False,False,False,2026-06-29 13:00:00+05:30
2026-06-29 13:00:00+05:30,ATHERENERG,1045.2,1046.95,1044.8,1045.0,43276.0,1044.4059865456506,1045.4875,1046.95,1044.4059865456506,1042.0800000000002,1051.293995468851,1032.8660045311492,1030.2940928057044,,False,False,1043.25,,2026-06-29 12:55:00+05:30,False,False,False,False,True,True,2026-06-29 13:05:00+05:30
2026-06-29 13:05:00+05:30,ATHERENERG,1044.7,1047.45,1044.2,1047.05,37473.0,1044.9467432728252,1045.8500000000001,1047.45,1044.2,1042.7549999999999,1050.9393272478565,1034.5706727521433,1030.447621001741,,False,False,1044.4059865456506,,2026-06-29 13:00:00+05:30,False,False,False,False,True,False,2026-06-29 13:10:00+05:30
2026-06-29 13:10:00+05:30,ATHERENERG,1047.0,1050.0,1046.9,1048.8,117730.0,1045.3983716364128,1048.175,1050.0,1045.3983716364128,1043.57375,1050.3689454534072,1036.7785545465929,1030.9798237205755,,False,False,1044.2,,2026-06-29 13:05:00+05:30,False,False,False,False,True,True,2026-06-29 13:15:00+05:30
2026-06-29 13:15:00+05:30,ATHERENERG,1048.95,1052.5,1046.25,1047.0,119151.0,1046.7866858182065,1048.675,1052.5,1046.25,1044.394375,1049.2002729064795,1039.5884770935206,1031.4880176146844,,False,False,1045.3983716364128,,2026-06-29 13:10:00+05:30,False,False,False,False,True,False,2026-06-29 13:20:00+05:30
2026-06-29 13:20:00+05:30,ATHERENERG,1047.35,1048.0,1045.25,1046.65,56135.0,1047.730842909103,1046.8125,1048.0,1045.25,1044.861875,1048.5742485247822,1041.149501475218,1031.691242823804,,False,False,1046.25,,2026-06-29 13:15:00+05:30,False,False,False,False,False,False,2026-06-29 13:25:00+05:30
2026-06-29 13:25:00+05:30,ATHERENERG,1046.65,1048.95,1046.2,1048.2,33712.0,1047.2716714545516,1047.5,1048.95,1046.2,1045.17625,1048.6568740460586,1041.6956259539413,1031.8198830524452,,False,False,1045.25,,2026-06-29 13:20:00+05:30,False,False,False,False,True,False,2026-06-29 13:30:00+05:30
2026-06-29 13:30:00+05:30,ATHERENERG,1048.5,1049.9,1046.2,1046.6,50683.0,1047.3858357272757,1047.8000000000002,1049.9,1046.2,1045.4056249999999,1048.9425505275592,1041.8686994724405,1032.006884787729,,False,False,1046.2,,2026-06-29 13:25:00+05:30,False,False,False,False,True,False,2026-06-29 13:35:00+05:30
2026-06-29 13:35:00+05:30,ATHERENERG,1046.7,1055.55,1046.0,1054.35,191807.0,1047.592917863638,1050.65,1055.55,1046.0,1045.79375,1049.8111846603274,1041.7763153396727,1032.8653434166336,,False,False,1046.2,,2026-06-29 13:30:00+05:30,True,False,False,False,True,False,2026-06-29 13:40:00+05:30
2026-06-29 13:40:00+05:30,ATHERENERG,1054.35,1058.0,1054.0,1056.0,162027.0,1049.121458931819,1055.5875,1058.0,1049.121458931819,1046.4043749999998,1052.1194224352796,1040.68932756472,1033.676399271722,,False,False,1046.0,,2026-06-29 13:35:00+05:30,False,False,False,False,True,True,2026-06-29 13:45:00+05:30
2026-06-29 13:45:00+05:30,ATHERENERG,1056.0,1056.3,1053.6,1054.0,91679.0,1052.3544794659097,1054.975,1056.3,1052.3544794659097,1047.0300000000002,1053.5629616178267,1040.4970383821737,1034.084030341856,,False,False,1049.121458931819,,2026-06-29 13:40:00+05:30,False,False,False,False,True,True,2026-06-29 13:50:00+05:30
2026-06-29 13:50:00+05:30,ATHERENERG,1054.75,1056.0,1052.9,1055.85,94412.0,1053.6647397329548,1054.875,1056.0,1052.9,1047.5975,1054.7559329639937,1040.4390670360065,1034.4931287949428,,False,False,1052.3544794659097,,2026-06-29 13:45:00+05:30,False,False,False,False,True,False,2026-06-29 13:55:00+05:30
2026-06-29 13:55:00+05:30,ATHERENERG,1056.2,1057.5,1054.2,1057.45,92643.0,1054.2698698664774,1056.3374999999999,1057.5,1054.2,1048.1956249999998,1056.1336831496662,1040.2575668503334,1034.9069662884128,,False,False,1052.9,,2026-06-29 13:50:00+05:30,False,False,False,False,True,False,2026-06-29 14:00:00+05:30
2026-06-29 14:00:00+05:30,ATHERENERG,1057.3,1057.9,1055.55,1056.5,97368.0,1055.3036849332386,1056.8125,1057.9,1055.3036849332386,1048.756875,1057.4311129888658,1040.0826370111342,1035.330569509529,,False,False,1054.2,,2026-06-29 13:55:00+05:30,False,False,False,False,True,True,2026-06-29 14:05:00+05:30
2026-06-29 14:05:00+05:30,ATHERENERG,1056.55,1059.0,1056.25,1058.05,114630.0,1056.0580924666192,1057.4625,1059.0,1056.0580924666192,1049.26875,1058.6965065597537,1039.8409934402462,1035.8336296743284,,False,False,1055.3036849332386,,2026-06-29 14:00:00+05:30,False,False,False,False,True,True,2026-06-29 14:10:00+05:30
2026-06-29 14:10:00+05:30,ATHERENERG,1058.05,1064.0,1057.65,1061.7,216661.0,1056.7602962333096,1060.3500000000001,1064.0,1056.7602962333096,1050.045,1060.3930324216722,1039.696967578328,1036.861547688143,,False,False,1056.0580924666192,,2026-06-29 14:05:00+05:30,False,False,False,False,True,True,2026-06-29 14:15:00+05:30
2026-06-29 14:15:00+05:30,ATHERENERG,1061.8,1069.0,1061.3,1068.8,221341.0,1058.555148116655,1065.2250000000001,1069.0,1058.555148116655,1051.058125,1063.0537994156998,1039.0624505843002,1038.0381617016299,,False,False,1056.7602962333096,,2026-06-29 14:10:00+05:30,True,False,True,False,True,True,2026-06-29 14:20:00+05:30
2026-06-29 14:20:00+05:30,ATHERENERG,1068.4,1072.75,1067.95,1068.1,293564.0,1061.8900740583276,1069.3000000000002,1072.75,1061.8900740583276,1052.244375,1066.3442940489688,1038.1444559510312,1039.6236267169247,,False,False,1058.555148116655,,2026-06-29 14:15:00+05:30,False,False,False,True,True,True,2026-06-29 14:25:00+05:30
2026-06-29 14:25:00+05:30,ATHERENERG,1068.1,1079.1,1065.2,1075.95,427997.0,1065.595037029164,1072.0874999999999,1079.1,1065.2,1053.6012500000002,1069.7118557846989,1037.4906442153015,1041.9296506298735,,False,False,1061.8900740583276,,2026-06-29 14:20:00+05:30,False,False,False,False,True,False,2026-06-29 14:30:00+05:30
2026-06-29 14:30:00+05:30,ATHERENERG,1076.4,1079.9,1071.75,1077.05,331901.0,1068.8412685145818,1076.275,1079.9,1068.8412685145818,1055.231875,1073.4521907131664,1037.0115592868335,1043.6537032984984,,False,False,1065.2,,2026-06-29 14:25:00+05:30,False,False,False,False,True,True,2026-06-29 14:35:00+05:30
2026-06-29 14:35:00+05:30,ATHERENERG,1077.4,1079.9,1074.1,1075.5,255620.0,1072.558134257291,1076.725,1079.9,1072.558134257291,1056.848125,1076.6080802045913,1037.0881697954087,1044.8777251232623,,False,False,1068.8412685145818,,2026-06-29 14:30:00+05:30,False,False,False,False,True,True,2026-06-29 14:40:00+05:30
2026-06-29 14:40:00+05:30,ATHERENERG,1075.5,1077.95,1071.15,1071.8,231979.0,1074.6415671286454,1074.1,1077.95,1071.15,1058.27875,1078.6743808127487,1037.8831191872512,1045.818389670242,,False,False,1072.558134257291,,2026-06-29 14:35:00+05:30,False,False,False,False,False,False,2026-06-29 14:45:00+05:30
2026-06-29 14:45:00+05:30,ATHERENERG,1070.35,1070.75,1055.75,1058.0,474598.0,1074.3707835643227,1063.7125,1074.3707835643227,1055.75,1059.171875,1078.864549518395,1039.479200481605,1046.802052247461,,False,False,1071.15,,2026-06-29 14:40:00+05:30,False,False,False,False,False,False,2026-06-29 14:50:00+05:30
2026-06-29 14:50:00+05:30,ATHERENERG,1057.6,1060.3,1053.35,1057.15,219007.0,1069.0416417821614,1057.1,1069.0416417821614,1053.35,1059.618125,1078.6884463053016,1040.5478036946984,1047.0870617845235,,False,False,1055.75,,2026-06-29 14:45:00+05:30,False,False,False,False,False,False,2026-06-29 14:55:00+05:30
2026-06-29 14:55:00+05:30,ATHERENERG,1057.0,1063.7,1053.85,1060.85,175466.0,1063.0708208910805,1058.85,1063.7,1053.85,1060.126875,1078.533652411797,1041.7200975882029,1047.3599325519294,,False,False,1053.35,,2026-06-29 14:50:00+05:30,False,False,False,False,False,False,2026-06-29 15:00:00+05:30
2026-06-29 15:00:00+05:30,ATHERENERG,1060.0,1078.6,1060.0,1073.0,570593.0,1060.9604104455402,1067.9,1078.6,1060.0,1061.18125,1078.8162267862035,1043.5462732137967,1048.9098526003431,,False,False,1053.85,,2026-06-29 14:55:00+05:30,False,False,False,False,True,False,2026-06-29 15:05:00+05:30
2026-06-29 15:05:00+05:30,ATHERENERG,1073.15,1085.0,1073.0,1082.5,596887.0,1064.4302052227702,1078.4125,1085.0,1064.4302052227702,1062.7268749999998,1080.7097683903146,1044.743981609685,1050.9537545420565,,False,False,1060.0,,2026-06-29 15:00:00+05:30,False,False,False,False,True,True,2026-06-29 15:10:00+05:30
2026-06-29 15:10:00+05:30,ATHERENERG,1083.0,1087.95,1076.7,1077.15,664716.0,1071.421352611385,1081.1999999999998,1087.95,1071.421352611385,1064.396875,1082.724935581726,1046.0688144182739,1052.9660956943615,,False,False,1064.4302052227702,,2026-06-29 15:05:00+05:30,False,False,False,False,True,True,2026-06-29 15:15:00+05:30
2026-06-29 15:15:00+05:30,ATHERENERG,1077.3,1095.2,1076.3,1091.2,755001.0,1076.3106763056924,1085.0,1095.2,1076.3,1066.1143749999999,1085.3814717503517,1046.847278249648,1055.4427838956228,,False,False,1071.421352611385,,2026-06-29 15:10:00+05:30,False,False,False,False,True,False,2026-06-29 15:20:00+05:30
2026-06-29 15:20:00+05:30,ATHERENERG,1091.25,1095.8,1083.0,1090.25,672831.0,1080.655338152846,1090.075,1095.8,1080.655338152846,1067.8387500000001,1089.0987225129154,1046.5787774870848,1057.4959860958961,,False,False,1076.3,,2026-06-29 15:15:00+05:30,True,False,True,False,True,True,2026-06-29 15:25:00+05:30
2026-06-29 15:25:00+05:30,ATHERENERG,1090.5,1098.0,1079.95,1083.0,339047.0,1085.3651690764232,1087.8625,1098.0,1079.95,1069.483125,1091.5798545020646,1047.3863954979354,1058.360858598944,,False,False,1080.655338152846,,2026-06-29 15:20:00+05:30,False,False,False,False,True,False,2026-06-29 15:30:00+05:30
