timestamp,equity,drawdown_pct,raw_price_change_pct
2026-06-29 09:15:00+05:30,,,1.0101010101010166
2026-06-29 09:20:00+05:30,,,1.2424242424242449
2026-06-29 09:25:00+05:30,,,1.540404040404031
2026-06-29 09:30:00+05:30,,,2.2424242424242458
2026-06-29 09:35:00+05:30,,,2.96464646464647
2026-06-29 09:40:00+05:30,,,3.1313131313131404
2026-06-29 09:45:00+05:30,,,2.6363636363636367
2026-06-29 09:50:00+05:30,,,2.505050505050499
2026-06-29 09:55:00+05:30,,,2.479797979797982
2026-06-29 10:00:00+05:30,,,1.7626262626262656
2026-06-29 10:05:00+05:30,,,2.212121212121221
2026-06-29 10:10:00+05:30,,,2.4949494949495055
2026-06-29 10:15:00+05:30,,,2.3282828282828127
2026-06-29 10:20:00+05:30,,,2.2222222222222143
2026-06-29 10:25:00+05:30,,,2.469696969696966
2026-06-29 10:30:00+05:30,,,2.5808080808080724
2026-06-29 10:35:00+05:30,,,2.9141414141414135
2026-06-29 10:40:00+05:30,,,2.9090909090909056
2026-06-29 10:45:00+05:30,,,3.0151515151515262
2026-06-29 10:50:00+05:30,,,2.929292929292937
2026-06-29 10:55:00+05:30,,,3.535353535353525
2026-06-29 11:00:00+05:30,,,3.898989898989891
2026-06-29 11:05:00+05:30,,,3.707070707070703
2026-06-29 11:10:00+05:30,,,3.6969696969696875
2026-06-29 11:15:00+05:30,,,3.8585858585858723
2026-06-29 11:20:00+05:30,,,4.398989898989902
2026-06-29 11:25:00+05:30,,,4.252525252525241
2026-06-29 11:30:00+05:30,,,4.156565656565658
2026-06-29 11:35:00+05:30,,,4.323232323232329
2026-06-29 11:40:00+05:30,,,5.191919191919192
2026-06-29 11:45:00+05:30,,,5.25757575757575
2026-06-29 11:50:00+05:30,,,5.409090909090897
2026-06-29 11:55:00+05:30,,,5.303030303030298
2026-06-29 12:00:00+05:30,,,5.409090909090897
2026-06-29 12:05:00+05:30,,,5.38383838383838
2026-06-29 12:10:00+05:30,,,5.414141414141405
2026-06-29 12:15:00+05:30,,,5.439393939393922
2026-06-29 12:20:00+05:30,,,5.909090909090908
2026-06-29 12:25:00+05:30,,,5.7222222222222285
2026-06-29 12:30:00+05:30,,,5.454545454545445
2026-06-29 12:35:00+05:30,,,5.555555555555558
2026-06-29 12:40:00+05:30,,,5.727272727272736
2026-06-29 12:45:00+05:30,,,5.429292929292928
2026-06-29 12:50:00+05:30,,,5.404040404040411
2026-06-29 12:55:00+05:30,,,5.530303030303041
2026-06-29 13:00:00+05:30,,,5.555555555555558
2026-06-29 13:05:00+05:30,,,5.762626262626247
2026-06-29 13:10:00+05:30,,,5.939393939393933
2026-06-29 13:15:00+05:30,,,5.757575757575761
2026-06-29 13:20:00+05:30,,,5.7222222222222285
2026-06-29 13:25:00+05:30,,,5.878787878787883
2026-06-29 13:30:00+05:30,,,5.7171717171716985
2026-06-29 13:35:00+05:30,,,6.499999999999995
2026-06-29 13:40:00+05:30,,,6.666666666666665
2026-06-29 13:45:00+05:30,,,6.464646464646462
2026-06-29 13:50:00+05:30,,,6.651515151515142
2026-06-29 13:55:00+05:30,,,6.8131313131313265
2026-06-29 14:00:00+05:30,,,6.717171717171722
2026-06-29 14:05:00+05:30,,,6.873737373737376
2026-06-29 14:10:00+05:30,,,7.24242424242425
2026-06-29 14:15:00+05:30,,,7.959595959595944
2026-06-29 14:20:00+05:30,,,7.888888888888879
2026-06-29 14:25:00+05:30,,,8.68181818181819
2026-06-29 14:30:00+05:30,,,8.792929292929298
2026-06-29 14:35:00+05:30,,,8.636363636363642
2026-06-29 14:40:00+05:30,,,8.26262626262626
2026-06-29 14:45:00+05:30,,,6.8686868686868685
2026-06-29 14:50:00+05:30,,,6.7828282828283015
2026-06-29 14:55:00+05:30,,,7.156565656565639
2026-06-29 15:00:00+05:30,,,8.383838383838382
2026-06-29 15:05:00+05:30,,,9.343434343434343
2026-06-29 15:10:00+05:30,,,8.803030303030312
2026-06-29 15:15:00+05:30,,,10.222222222222221
2026-06-29 15:20:00+05:30,,,10.126262626262616
2026-06-29 15:25:00+05:30,,,9.393939393939398
