symbol,date,rows,missing_to_cutoff,missing_regular_minutes,eligible,zero_volume_minutes,invalid_source_rows,status
AAATECH,2026-09-25,367,0,8,True,235,0,ELIGIBLE
ABMKNO,2026-09-25,357,10,18,False,312,0,INCOMPLETE_TO_CUTOFF
ADSL,2026-09-25,367,0,8,True,32,0,ELIGIBLE
AETHER,2026-09-25,367,0,8,True,0,0,ELIGIBLE
AHCL,2026-09-25,367,0,8,True,1,0,ELIGIBLE
ANTELOPUS,2026-09-25,367,0,8,True,1,0,ELIGIBLE
ARTEMISMED,2026-09-25,367,0,8,True,0,0,ELIGIBLE
AVADHSUGAR,2026-09-25,367,0,8,True,66,0,ELIGIBLE
BANARBEADS,2026-09-25,363,4,12,False,281,0,INCOMPLETE_TO_CUTOFF
BANKA,2026-09-25,359,8,16,False,328,0,INCOMPLETE_TO_CUTOFF
BHAGERIA,2026-09-25,367,0,8,True,1,0,ELIGIBLE
BLUECLOUDS,2026-09-25,367,0,8,True,0,0,ELIGIBLE
BPLPHARMA,2026-09-25,367,0,8,True,181,0,ELIGIBLE
BTML,2026-09-25,367,0,8,True,276,0,ELIGIBLE
COMFINTE,2026-09-25,367,0,8,True,182,0,ELIGIBLE
CUBEXTUB,2026-09-25,367,0,8,True,12,0,ELIGIBLE
DANGEE,2026-09-25,367,0,8,True,192,0,ELIGIBLE
DAVANGERE,2026-09-25,367,0,8,True,14,0,ELIGIBLE
DBOL,2026-09-25,367,0,8,True,86,0,ELIGIBLE
DCMSRIND,2026-09-25,367,0,8,True,27,0,ELIGIBLE
DEEPA,2026-09-25,367,0,8,True,0,0,ELIGIBLE
DWARKESH,2026-09-25,367,0,8,True,0,0,ELIGIBLE
FCSSOFT,2026-09-25,367,0,8,True,138,0,ELIGIBLE
HERANBA,2026-09-25,367,0,8,True,12,0,ELIGIBLE
HEROMOTORS,2026-09-25,367,0,8,True,0,0,ELIGIBLE
HINDCON,2026-09-25,367,0,8,True,162,0,ELIGIBLE
INDIANCARD,2026-09-25,355,12,20,False,343,0,INCOMPLETE_TO_CUTOFF
KAPSTON,2026-09-25,367,0,8,True,10,0,ELIGIBLE
KMSUGAR,2026-09-25,367,0,8,True,18,0,ELIGIBLE
LANDSMILL,2026-09-25,367,0,8,True,194,0,ELIGIBLE
LICNFNHGP,2026-09-25,359,8,16,False,327,0,INCOMPLETE_TO_CUTOFF
LLOYDSENGG,2026-09-25,367,0,8,True,0,0,ELIGIBLE
LORDSCHLO,2026-09-25,363,4,12,False,166,0,INCOMPLETE_TO_CUTOFF
MAGADSUGAR,2026-09-25,367,0,8,True,65,0,ELIGIBLE
MAWANASUG,2026-09-25,367,0,8,True,0,0,ELIGIBLE
MEDICO,2026-09-25,366,1,9,False,17,0,INCOMPLETE_TO_CUTOFF
MOMETAL,2026-09-25,367,0,8,True,211,0,ELIGIBLE
MONIFTY100,2026-09-25,366,1,9,False,311,0,INCOMPLETE_TO_CUTOFF
MSCIADD,2026-09-25,367,0,8,True,358,0,ELIGIBLE
MUKANDLTD,2026-09-25,367,0,8,True,88,0,ELIGIBLE
MUKESHB,2026-09-25,355,12,20,False,353,0,INCOMPLETE_TO_CUTOFF
NELCAST,2026-09-25,367,0,8,True,88,0,ELIGIBLE
PACIFICI,2026-09-25,294,73,81,False,283,0,INCOMPLETE_TO_CUTOFF
PARIN,2026-09-25,367,0,8,True,115,0,ELIGIBLE
PLASTIBLEN,2026-09-25,367,0,8,True,89,0,ELIGIBLE
PRIMO,2026-09-25,367,0,8,True,85,0,ELIGIBLE
PROTEAN,2026-09-25,367,0,8,True,0,0,ELIGIBLE
PVTBANK,2026-09-25,367,0,8,True,339,0,ELIGIBLE
QUADFUTURE,2026-09-25,367,0,8,True,21,0,ELIGIBLE
RAJSREESUG,2026-09-25,366,1,9,False,145,0,INCOMPLETE_TO_CUTOFF
REPRO,2026-09-25,367,0,8,True,174,0,ELIGIBLE
RETAIL,2026-09-25,367,0,8,True,288,0,ELIGIBLE
RKEC,2026-09-25,367,0,8,True,77,0,ELIGIBLE
ROLEXRINGS,2026-09-25,367,0,8,True,0,0,ELIGIBLE
RTSPOWR,2026-09-25,313,54,62,False,266,0,INCOMPLETE_TO_CUTOFF
RUSTOMJEE,2026-09-25,365,2,10,False,202,0,INCOMPLETE_TO_CUTOFF
SANGAMIND,2026-09-25,367,0,8,True,32,0,ELIGIBLE
SBC,2026-09-25,367,0,8,True,1,0,ELIGIBLE
SDBL,2026-09-25,367,0,8,True,0,0,ELIGIBLE
SEJALLTD,2026-09-25,366,1,9,False,327,0,INCOMPLETE_TO_CUTOFF
SENSEXAXIS,2026-09-25,367,0,8,True,332,0,ELIGIBLE
SHANTIGOLD,2026-09-25,367,0,8,True,0,0,ELIGIBLE
SHOPERSTOP,2026-09-25,367,0,8,True,21,0,ELIGIBLE
SSDL,2026-09-25,367,0,8,True,30,0,ELIGIBLE
STARTECK,2026-09-25,204,163,171,False,194,0,INCOMPLETE_TO_CUTOFF
SVLL,2026-09-25,366,1,9,False,346,0,INCOMPLETE_TO_CUTOFF
TCI,2026-09-25,367,0,8,True,0,0,ELIGIBLE
TECILCHEM,2026-09-25,352,16,23,False,269,0,INCOMPLETE_TO_CUTOFF
TGVSL,2026-09-25,368,0,7,True,1,0,ELIGIBLE
TIPSFILMS,2026-09-25,354,14,21,False,212,0,INCOMPLETE_TO_CUTOFF
TNPETRO,2026-09-25,368,0,7,True,29,0,ELIGIBLE
TREJHARA,2026-09-25,359,9,16,False,229,0,INCOMPLETE_TO_CUTOFF
TRIGYN,2026-09-25,361,7,14,False,161,0,INCOMPLETE_TO_CUTOFF
TURTLEMINT,2026-09-25,368,0,7,True,0,0,ELIGIBLE
UGARSUGAR,2026-09-25,368,0,7,True,8,0,ELIGIBLE
UTTAMSUGAR,2026-09-25,368,0,7,True,4,0,ELIGIBLE
VEDAVAAG,2026-09-25,368,0,7,True,178,0,ELIGIBLE
WEALTH,2026-09-25,354,14,21,False,312,0,INCOMPLETE_TO_CUTOFF
WHIRLPOOL,2026-09-25,368,0,7,True,0,0,ELIGIBLE
XELPMOC,2026-09-25,368,0,7,True,266,0,ELIGIBLE
