date,rows,missing_to_cutoff,missing_regular_minutes,eligible,zero_volume_minutes,symbol
2026-09-01,375,0,0,True,13,SBIN
2026-09-02,375,0,0,True,13,SBIN
2026-09-03,375,0,0,True,13,SBIN
2026-09-04,375,0,0,True,13,SBIN
2026-09-07,375,0,0,True,14,SBIN
2026-09-08,375,0,0,True,13,SBIN
2026-09-09,375,0,0,True,13,SBIN
2026-09-10,375,0,0,True,14,SBIN
2026-09-11,375,0,0,True,13,SBIN
2026-09-15,375,0,0,True,13,SBIN
2026-09-16,375,0,0,True,13,SBIN
2026-09-17,375,0,0,True,13,SBIN
2026-09-18,375,0,0,True,13,SBIN
2026-09-21,375,0,0,True,13,SBIN
2026-09-22,375,0,0,True,14,SBIN
2026-09-23,375,0,0,True,13,SBIN
2026-09-24,375,0,0,True,13,SBIN
2026-09-25,205,146,170,False,0,SBIN
