signal_time,entry_time,entry,stop,target,quantity,exit_time,exit,reason,gross_pnl,costs,net_pnl,equity_after
2024-04-03 08:35:00,2024-04-03 08:40:00,3347.7,3301.75,3439.6,0.9808,2024-04-03 11:05:00,3300.05,stop,-46.73511999999965,3.2600566,-49.995176599999645,9950.0048234
2024-04-03 14:05:00,2024-04-03 14:10:00,3350.4,3311.4,3428.4,1.1299000000000001,2024-04-03 15:35:00,3309.7,stop,-45.986930000000314,3.7626234950000006,-49.74955349500031,9900.255269905001
2024-04-03 22:00:00,2024-04-03 22:05:00,3322.1,3306.35,3353.6,2.384,2024-04-03 23:55:00,3315.55,square_off,-15.61519999999935,7.9120788,-23.52727879999935,9876.727991105001
2024-04-04 06:10:00,2024-04-04 06:15:00,3309.25,3296.05,3335.65,2.7205,2024-04-04 08:10:00,3335.65,target,71.82120000000025,9.038725225,62.782474775000246,9939.510465880001
2024-04-04 13:10:00,2024-04-04 13:15:00,3364.4,3349.05,3395.1,2.4354,2024-04-04 17:50:00,3395.1,target,74.76677999999956,8.23104315,66.53573684999955,10006.04620273
2024-04-04 17:50:00,2024-04-04 17:55:00,3416.1,3381.75,3484.8,1.2682,2024-04-04 18:55:00,3380.05,stop,-45.71860999999966,4.309438715,-50.028048714999656,9956.018154015
2024-04-06 03:20:00,2024-04-06 03:25:00,3343.5,3327.05,3376.4,2.317,2024-04-06 04:25:00,3325.35,stop,-42.053550000000214,7.725862725000001,-49.77941272500021,9906.23874129
2024-04-06 05:15:00,2024-04-06 05:20:00,3344.65,3331.85,3370.25,2.7768,2024-04-06 07:15:00,3330.15,stop,-40.263600000000004,9.267292320000001,-49.53089232000001,9856.707848970002
2024-04-06 08:50:00,2024-04-06 08:55:00,3344.55,3332.2,3369.25,2.8344,2024-04-06 09:30:00,3330.5,stop,-39.823320000000514,9.459880860000002,-49.28320086000052,9807.424648110002
2024-04-07 01:20:00,2024-04-07 01:25:00,3387.65,3366.0,3430.95,1.8348,2024-04-07 23:05:00,3430.95,target,79.4468399999995,6.25538364,73.19145635999949,9880.616104470002
2024-04-07 23:40:00,2024-04-07 23:45:00,3454.85,3436.7,3491.15,2.1162,2024-04-07 23:55:00,3451.85,square_off,-6.3486,7.30797927,-13.65657927,9866.959525200002
2024-04-08 08:15:00,2024-04-08 08:20:00,3567.8,3481.85,3739.7,0.5408000000000001,2024-04-08 23:55:00,3693.6,square_off,68.03263999999986,1.96348256,66.06915743999986,9933.028682640002
2024-04-09 02:25:00,2024-04-09 02:30:00,3718.9,3691.3,3774.1,1.498,2024-04-09 03:45:00,3689.45,stop,-44.11610000000041,5.54885415,-49.66495415000041,9883.363728490001
2024-04-10 22:10:00,2024-04-10 22:15:00,3537.3,3515.2,3581.5,1.8018,2024-04-10 23:55:00,3540.0,square_off,4.8648599999996724,6.375939570000001,-1.5110795700003283,9881.852648920001
2024-04-11 06:45:00,2024-04-11 06:50:00,3580.5,3569.4,3602.7,2.7585,2024-04-11 07:20:00,3602.7,target,61.238699999999504,9.907428600000001,51.3312713999995,9933.183920320002
2024-04-12 04:50:00,2024-04-12 04:55:00,3552.25,3543.1,3570.55,2.7949,2024-04-12 05:10:00,3541.3,stop,-30.604154999999494,9.9128814475,-40.51703644749949,9892.666883872502
2024-04-13 04:45:00,2024-04-13 04:50:00,3264.85,3235.1,3324.35,1.4275,2024-04-13 16:20:00,3233.45,stop,-44.82350000000013,4.6381616249999995,-49.46166162500013,9843.205222247501
2024-04-14 04:20:00,2024-04-14 04:25:00,3029.9,2977.15,3135.4,0.8596,2024-04-14 22:05:00,3135.4,target,90.68780000000001,2.64984594,88.03795406,9931.243176307502
2024-04-14 22:05:00,2024-04-14 22:10:00,3152.85,3062.4,3333.75,0.5221,2024-04-14 23:55:00,3151.75,square_off,-0.5743099999999525,1.6458158300000003,-2.2201258299999527,9929.023050477503
2024-04-16 21:05:00,2024-04-16 21:10:00,3088.9,3065.15,3136.4,1.7495,2024-04-16 23:55:00,3077.85,square_off,-19.33197500000032,5.3943645625,-24.72633956250032,9904.296710915003
2024-04-17 04:35:00,2024-04-17 04:40:00,3116.65,3090.55,3168.85,1.6103,2024-04-17 05:45:00,3089.0,stop,-44.52479500000015,4.9964790975,-49.52127409750015,9854.775436817503
2024-04-18 03:05:00,2024-04-18 03:10:00,3031.75,3007.7,3079.85,1.7217,2024-04-18 05:35:00,3006.15,stop,-44.07551999999984,5.197726214999999,-49.273246214999844,9805.502190602503
2024-04-18 14:15:00,2024-04-18 14:20:00,3084.8,3044.65,3165.1,1.0952,2024-04-18 17:30:00,3043.1,stop,-45.6698400000003,3.35563804,-49.0254780400003,9756.476712562502
2024-04-19 06:40:00,2024-04-19 06:45:00,3061.5,2998.7,3187.1,0.7245,2024-04-19 23:55:00,3064.4,square_off,2.101050000000066,2.219107275,-0.11805727499993379,9756.358655287502
2024-04-20 04:35:00,2024-04-20 04:40:00,3064.7,3054.15,3085.8,3.1818,2024-04-20 08:05:00,3052.6,stop,-38.49977999999971,9.732012569999998,-48.23179256999971,9708.126862717503
2024-04-20 15:35:00,2024-04-20 15:40:00,3087.55,3062.55,3137.55,1.6385,2024-04-20 17:20:00,3137.55,target,81.925,5.099913175000001,76.825086825,9784.951949542503
2024-04-20 17:20:00,2024-04-20 17:25:00,3138.8,3108.0,3200.4,1.3772,2024-04-20 23:55:00,3149.45,square_off,14.6671799999995,4.33008895,10.337091049999499,9795.289040592503
2024-04-21 02:30:00,2024-04-21 02:35:00,3187.65,3153.95,3255.05,1.2731000000000001,2024-04-21 10:05:00,3152.35,stop,-44.940430000000234,4.0357270000000005,-48.976157000000235,9746.312883592502
2024-04-22 03:40:00,2024-04-22 03:45:00,3193.3,3166.6,3246.7,1.548,2024-04-22 23:55:00,3197.8,square_off,6.966,4.9467114,2.0192886000000003,9748.332172192502
2024-04-24 00:45:00,2024-04-24 00:50:00,3233.3,3221.0,3257.9,2.8377000000000003,2024-04-24 02:30:00,3219.35,stop,-39.58591500000078,9.155342452500001,-48.74125745250078,9699.590914740002
2024-04-26 09:30:00,2024-04-26 09:35:00,3157.35,3146.45,3179.15,3.0705,2024-04-26 09:50:00,3144.85,stop,-38.38125,9.675452550000001,-48.056702550000004,9651.534212190001
2024-04-27 02:30:00,2024-04-27 02:35:00,3130.5,3110.75,3170.0,1.9721000000000002,2024-04-27 05:05:00,3109.15,stop,-42.10433499999982,6.152606882500001,-48.256941882499824,9603.2772703075
2024-04-27 17:30:00,2024-04-27 17:35:00,3184.35,3164.9,3223.25,1.9821000000000002,2024-04-27 17:40:00,3223.25,target,77.10369000000019,6.350251980000001,70.75343802000019,9674.0307083275
2024-04-28 02:40:00,2024-04-28 02:45:00,3288.15,3272.1,3320.25,2.3056,2024-04-28 02:50:00,3320.25,target,74.00975999999979,7.61816352,66.39159647999979,9740.4223048075
2024-04-28 05:50:00,2024-04-28 05:55:00,3318.3,3307.55,3339.8,2.9338,2024-04-28 08:40:00,3305.85,stop,-36.5258100000008,9.716965635000001,-46.242775635000804,9694.1795291725
2024-05-01 21:25:00,2024-05-01 21:30:00,2976.7,2941.1,3047.9,1.21,2024-05-01 23:55:00,2972.6,square_off,-4.96099999999989,3.5993264999999997,-8.56032649999989,9685.6192026725
2024-05-03 01:10:00,2024-05-03 01:15:00,3006.9,2985.25,3050.2,1.8522,2024-05-03 06:15:00,2983.75,stop,-42.87843000000017,5.547940965,-48.426370965000174,9637.1928317075
2024-05-03 12:35:00,2024-05-03 12:40:00,3020.4,2974.45,3112.3,0.9551000000000001,2024-05-03 20:35:00,3112.3,target,87.77369000000009,2.9286708850000007,84.84501911500008,9722.0378508225
2024-05-04 10:40:00,2024-05-04 10:45:00,3133.2,3108.9,3181.8,1.675,2024-05-04 21:30:00,3107.3,stop,-43.38249999999939,5.22641875,-48.60891874999939,9673.4289320725
2024-05-05 08:45:00,2024-05-05 08:50:00,3172.95,3124.6,3269.65,0.9109,2024-05-05 21:10:00,3123.0,stop,-45.499454999999834,2.8674904275,-48.366945427499836,9625.061986645
2024-05-05 23:25:00,2024-05-05 23:30:00,3147.0,3134.25,3172.5,2.7516000000000003,2024-05-05 23:50:00,3132.65,stop,-39.485459999999755,8.63954247,-48.12500246999976,9576.936984175
2024-05-07 08:20:00,2024-05-07 08:25:00,3111.85,3080.5,3174.55,1.3303,2024-05-07 11:40:00,3078.95,stop,-43.766870000000125,4.117810619999999,-47.884680620000125,9529.052303555
2024-05-07 15:00:00,2024-05-07 15:05:00,3098.35,3069.6,3155.85,1.4272,2024-05-07 15:30:00,3068.05,stop,-43.24415999999961,4.40034304,-47.64450303999961,9481.407800515
2024-05-08 13:55:00,2024-05-08 14:00:00,3029.55,3007.25,3074.15,1.7644000000000002,2024-05-08 15:10:00,3005.7,stop,-42.080940000000645,5.324297550000001,-47.40523755000065,9434.002562964999
2024-05-09 15:10:00,2024-05-09 15:15:00,3004.6,2985.2,3043.4,1.9741000000000002,2024-05-09 22:40:00,3043.4,target,76.59508000000037,5.969678400000001,70.62540160000036,9504.627964565
2024-05-09 22:40:00,2024-05-09 22:45:00,3048.05,3025.9,3092.35,1.7774,2024-05-09 23:55:00,3035.9,square_off,-21.595410000000165,5.406806365000001,-27.002216365000166,9477.625748199998
2024-05-10 01:50:00,2024-05-10 01:55:00,3038.5,3031.0,3053.5,3.1176000000000004,2024-05-10 02:30:00,3029.45,stop,-28.21428000000057,9.45872046,-37.67300046000057,9439.952747739997
2024-05-10 12:00:00,2024-05-10 12:05:00,3044.6,3031.25,3071.3,2.6313,2024-05-10 12:20:00,3029.7,stop,-39.20637000000024,7.991652794999999,-47.19802279500024,9392.754724944996
2024-05-11 01:10:00,2024-05-11 01:15:00,2934.2,2916.95,2968.7,2.1667,2024-05-11 02:05:00,2915.45,stop,-40.625625,6.3372183275,-46.962843327499996,9345.791881617497
2024-05-11 15:15:00,2024-05-11 15:20:00,2940.15,2908.65,3003.15,1.3007,2024-05-11 23:40:00,2907.15,stop,-42.9231,3.802791555,-46.725891555,9299.065990062498
2024-05-12 04:15:00,2024-05-12 04:20:00,2929.95,2922.65,2944.55,3.1722,2024-05-12 06:20:00,2921.15,stop,-27.915359999999136,9.28042971,-37.19578970999913,9261.8702003525
2024-05-13 08:00:00,2024-05-13 08:05:00,2971.95,2934.25,3047.35,1.0986,2024-05-13 18:10:00,2932.75,stop,-43.0651199999998,3.24345171,-46.3085717099998,9215.5616286425
2024-05-15 03:30:00,2024-05-15 03:35:00,2902.15,2894.85,2916.75,3.1738,2024-05-15 07:35:00,2916.75,target,46.33747999999971,9.23401241,37.10346758999971,9252.665096232498
2024-05-15 23:40:00,2024-05-15 23:45:00,3037.75,3018.55,3076.15,1.9456,2024-05-15 23:55:00,3036.95,square_off,-1.5564800000003538,5.909468159999999,-7.465948160000353,9245.199148072497
2024-05-18 03:15:00,2024-05-18 03:20:00,3120.85,3103.5,3155.55,2.0953,2024-05-18 05:45:00,3097.15,gap_stop,-49.65860999999962,6.5142877,-56.172897699999616,9189.026250372497
2024-05-18 10:20:00,2024-05-18 10:25:00,3144.4,3124.85,3183.5,1.8920000000000001,2024-05-18 12:15:00,3123.25,stop,-40.015800000000176,5.9291969,-45.94499690000018,9143.081253472497
2024-05-20 04:35:00,2024-05-20 04:40:00,3113.0,3091.75,3155.5,1.7649000000000001,2024-05-20 06:50:00,3090.2,stop,-40.239720000000325,5.4740138400000005,-45.71373384000032,9097.367519632497
2024-05-20 15:20:00,2024-05-20 15:25:00,3116.8,3090.25,3169.9,1.4577,2024-05-20 19:20:00,3169.9,target,77.40386999999987,4.582061295000001,72.82180870499987,9170.189328337496
2024-05-21 22:05:00,2024-05-21 22:10:00,3771.8,3748.85,3817.7,1.6026,2024-05-21 22:55:00,3817.7,target,73.55933999999942,6.0814663499999995,67.47787364999942,9237.667201987495
2024-05-23 04:40:00,2024-05-23 04:45:00,3796.4,3775.45,3838.3,1.7341,2024-05-23 05:15:00,3773.55,stop,-39.62418499999984,6.563525147500001,-46.18771014749984,9191.479491839995
2024-05-23 11:20:00,2024-05-23 11:25:00,3883.1,3840.7,3967.9,0.9532,2024-05-23 12:55:00,3838.75,stop,-42.274419999999914,3.6802337100000004,-45.95465370999992,9145.524838129995
2024-05-24 00:45:00,2024-05-24 00:50:00,3821.35,3786.8,3890.45,1.1360000000000001,2024-05-24 05:25:00,3784.9,stop,-41.4071999999998,4.32035,-45.727549999999795,9099.797288129996
2024-05-24 18:10:00,2024-05-24 18:15:00,3741.9,3712.7,3800.3,1.3064,2024-05-24 23:55:00,3725.5,square_off,-21.42496000000012,4.87770568,-26.302665680000118,9073.494622449996
2024-05-26 01:15:00,2024-05-26 01:20:00,3755.8,3748.4,3770.6,2.4146,2024-05-26 02:20:00,3746.5,stop,-22.45578000000044,9.05752679,-31.513306790000442,9041.981315659996
2024-05-26 14:45:00,2024-05-26 14:50:00,3844.0,3812.35,3907.3,1.2079,2024-05-26 23:55:00,3826.35,square_off,-21.31943500000011,4.632507882500001,-25.95194288250011,9016.029372777495
2024-05-27 08:20:00,2024-05-27 08:25:00,3941.75,3919.65,3985.95,1.6082,2024-05-27 08:45:00,3917.65,stop,-38.757619999999854,6.31974354,-45.07736353999985,8970.952009237495
2024-05-28 08:45:00,2024-05-28 08:50:00,3880.3,3864.95,3911.0,2.1186000000000003,2024-05-28 10:10:00,3911.0,target,65.04101999999962,8.253324090000001,56.78769590999962,9027.739705147495
2024-05-29 04:15:00,2024-05-29 04:20:00,3873.75,3852.5,3916.25,1.6679000000000002,2024-05-29 07:05:00,3850.55,stop,-38.6952799999997,6.441679985,-45.1369599849997,8982.602745162494
2024-05-30 03:55:00,2024-05-30 04:00:00,3794.85,3786.9,3810.75,2.3658,2024-05-30 04:05:00,3785.0,stop,-23.303129999999786,8.966204565,-32.26933456499979,8950.333410597494
2024-05-31 10:05:00,2024-05-31 10:10:00,3771.35,3744.1,3825.85,1.3599,2024-05-31 12:30:00,3825.85,target,74.11455000000001,5.165716140000001,68.94883386000001,9019.282244457494
