symbol,name,ltp,change_percent,volume,average_volume,rvol,volume_shocker,top_gainer
ABBOTINDIA,ABBOTT INDIA LIMITED,27270.0,1.9820493642483172,20582.0,4251.0,4.841684309574218,True,True
ACUTAAS,ACUTAAS CHEMICALS LIMITED,3304.1,2.790567446490786,999485.0,321814.2,3.1057827777643126,True,True
ADANIENSOL,ADANI ENERGY SOLUTION LTD,1305.8,1.3898594611382764,2592098.0,1465617.6,1.7686045800760033,True,False
ADANIENT,ADANI ENTERPRISES LIMITED,2972.9,5.008653880117276,4062231.0,912334.6,4.4525670735276295,True,True
ADANIGREEN,ADANI GREEN ENERGY LTD,1260.0,2.0242914979757085,1615165.0,1249648.6,1.2924953462917494,False,True
ADANIPORTS,ADANI PORT & SEZ LTD,1822.0,4.490451339106495,4214197.0,1161008.0,3.629774299574163,True,True
ADANIPOWER,ADANI POWER LTD,196.3,0.08157438564292088,33801685.0,18167788.2,1.8605283498406262,True,False
ALKEM,ALKEM LABORATORIES LTD.,5250.0,1.4492753623188406,244410.0,106169.4,2.3020757393373232,True,False
ANTHEM,ANTHEM BIOSCIENCES LTD,869.75,2.1912818705205,689600.0,446733.6,1.5436492800183377,False,True
APARINDS,APAR INDUSTRIES LTD.,17803.0,3.1280773909517468,199491.0,125916.4,1.584313083919172,False,True
APOLLOTYRE,APOLLO TYRES LTD,406.75,4.401950718685826,5125753.0,511236.4,10.026189449734018,True,True
ASAHIINDIA,ASAHI INDIA GLASS LIMITED,957.95,2.6136789673825818,286875.0,141277.8,2.0305738056509943,True,True
ASTRAL,ASTRAL LIMITED,1375.0,0.3283473184968989,933913.0,364472.6,2.5623681999689416,True,False
BANDHANBNK,BANDHAN BANK LIMITED,185.31,2.381215469613261,9533177.0,20504575.2,0.46492926125092315,False,True
BANKINDIA,BANK OF INDIA,130.11,0.09231479344565316,9187360.0,4471814.4,2.0545038720748336,True,False
BSE,BSE LIMITED,3200.0,3.3091202582728005,30101047.0,4011088.2,7.5044590143891625,True,True
CHENNPETRO,CHENNAI PETROLEUM CORP LT,1436.9,2.045309282011234,2928658.0,1398586.6,2.0940126267476034,True,True
COCHINSHIP,COCHIN SHIPYARD LIMITED,1359.3,2.279909706546272,1450465.0,532589.6,2.723419683748988,True,True
COHANCE,COHANCE LIFESCIENCES LTD,457.9,1.0147804985660636,1477420.0,657696.4,2.2463556133194587,True,False
CPPLUS,ADITYA INFOTECH LIMITED,3817.6,2.529945748509422,224859.0,254575.2,0.8832714262819001,False,True
DELHIVERY,DELHIVERY LIMITED,417.4,2.4294478527607306,5622866.0,3476686.6,1.617305971726068,False,True
DOMS,DOMS INDUSTRIES LIMITED,2052.4,0.28829709259712144,56107.0,21909.6,2.5608409099207656,True,False
DRREDDY,DR. REDDY S LABORATORIES,1251.9,2.530712530712538,5347128.0,2082625.4,2.5674938949654607,True,True
EIHOTEL,EIH LIMITED,301.85,2.2873602168756353,2110585.0,112729.0,18.72264457238155,True,True
EMCURE,EMCURE PHARMACEUTICALS L,1959.1,1.6236124079261312,330808.0,39686.8,8.335466704294626,True,True
FINCABLES,FINOLEX CABLES LTD,1435.5,1.9458845252467931,769597.0,797829.4,0.9646134875450817,False,True
GESHIP,THE GE SHPG.LTD,1537.8,0.28694404591103845,2264928.0,1121982.6,2.0186837122073014,True,False
GLAND,GLAND PHARMA LIMITED,2989.7,3.2354972375690543,876878.0,191895.8,4.569552851078554,True,True
GLENMARK,GLENMARK PHARMACEUTICALS,2441.5,4.979146063550767,1277155.0,644774.2,1.9807786974106596,True,True
GRANULES,GRANULES INDIA LIMITED,866.75,1.80291284942448,1132457.0,483680.2,2.341334212150921,True,True
HBLENGINE,HBL ENGINEERING LTD,808.3,2.8829631515305767,2224069.0,2825936.4,0.7870201891309373,False,True
HINDPETRO,HINDUSTAN PETROLEUM CORP,349.2,1.971090670170828,4074720.0,3981553.2,1.023399611990617,False,True
HONAUT,HONEYWELL AUTOMATION IND,33980.0,0.36922168069709055,27480.0,2317.2,11.859140341791818,True,False
HYUNDAI,HYUNDAI MOTOR INDIA LTD,2100.0,2.4040571512166666,763311.0,659279.2,1.1577962720498387,False,True
ICICIAMC,ICICI PRUDENTIAL AMC LTD,3233.0,0.5755171877430394,769671.0,203930.6,3.7741810204059614,True,False
IDEA,VODAFONE IDEA LIMITED,13.56,0.6681514476614688,1150179404.0,394762212.4,2.9136005622406427,True,False
IIFL,IIFL FINANCE LIMITED,607.5,1.5631530552537027,2559619.0,1664744.6,1.5375445578859364,False,True
INDHOTEL,THE INDIAN HOTELS CO. LTD,714.35,0.4711673699015503,26142773.0,1594233.6,16.398332716108854,True,False
INDUSTOWER,INDUS TOWERS LIMITED,367.55,2.0972222222222254,8836110.0,4118617.8,2.1454066458897936,True,True
IRFC,INDIAN RAILWAY FIN CORP L,80.26,2.176957352005102,15747317.0,5881409.2,2.6774734531309266,True,True
JAINREC,JAIN RESOURCE RECYCLING L,287.65,2.0940550133096636,1712900.0,4586186.8,0.37349111030540666,False,True
JSWSTEEL,JSW STEEL LIMITED,1272.4,0.6565936239221725,2499215.0,1063222.0,2.350605047675838,True,False
KAJARIACER,KAJARIA CERAMICS LTD,1190.5,0.08406893652795291,2954458.0,187375.2,15.767604250722613,True,False
KALYANKJIL,KALYAN JEWELLERS IND LTD,568.85,0.8599290780141884,9165283.0,3060699.8,2.9945057009511356,True,False
KIRLOSENG,KIRLOSKAR OIL ENG LTD,2402.0,12.180085933121623,5298949.0,293221.0,18.07151943414694,True,True
KOTAKBANK,KOTAK MAHINDRA BANK LTD,406.0,1.1082057029012546,32613940.0,11692281.4,2.7893564039606504,True,False
KPITTECH,KPIT TECHNOLOGIES LIMITED,519.7,2.1021611001964726,3351279.0,1288206.8,2.6015069940633753,True,True
LENSKART,LENSKART SOLUTIONS LTD,674.6,2.9609279609279575,6208921.0,4304422.8,1.4424514710776088,False,True
LLOYDSME,LLOYDS METALS N ENERGY L,1902.2,3.5887382236018133,459165.0,424807.6,1.0808775549213339,False,True
MANAPPURAM,MANAPPURAM FINANCE LTD,316.45,1.102236421725236,9763639.0,4774572.4,2.0449242742659006,True,False
MANKIND,MANKIND PHARMA LIMITED,2545.0,4.49170635572344,1973968.0,437907.8,4.507725142141793,True,True
MEESHO,MEESHO LIMITED,223.21,2.9423972697504936,31046538.0,39689203.6,0.7822413952392836,False,True
MRPL,MRPL,171.65,1.0895170789163688,15901075.0,7518820.0,2.114836503600299,True,False
NATCOPHARM,NATCO PHARMA LTD.,843.1,1.7560798986180761,636356.0,533310.2,1.1932192558852242,False,True
ONESOURCE,ONESOURCE SPECL PHARMA L,1583.3,1.1176395452803678,463289.0,181659.2,2.550319499370249,True,False
PAYTM,ONE 97 COMMUNICATIONS LTD,1683.0,2.8854383176427465,3925804.0,3269880.4,1.2005955936492356,False,True
POWERINDIA,HITACHI ENERGY INDIA LTD,30735.0,1.5697290152015861,387016.0,83419.6,4.6393893041923,True,True
PTCIL,PTC INDUSTRIES LIMITED,22535.0,3.919760202905234,19622.0,10611.8,1.8490736727039712,True,True
RHIM,RHI MAGNESITA INDIA LTD,393.2,1.7071908949818846,714917.0,3601076.8,0.19852867342346045,False,True
RKFORGE,RAMKRISHNA FORGINGS LTD,714.65,1.642725074669315,843189.0,498088.4,1.6928501045195992,False,True
RRKABEL,R R KABEL LIMITED,2523.2,2.57744532075777,240700.0,257942.4,0.9331540685052166,False,True
SAREGAMA,SAREGAMA INDIA LIMITED,493.45,0.7863562091503198,1317275.0,276434.2,4.765238888675858,True,False
SBIN,STATE BANK OF INDIA,964.7,0.2806652806652854,26781498.0,7595779.6,3.525839270007255,True,False
SUNPHARMA,SUN PHARMACEUTICAL IND L,1865.0,1.4689880304679,3083083.0,1067719.8,2.887539408747501,True,True
SUNTV,SUN TV NETWORK LIMITED,553.25,6.414695133679558,3444850.0,2122561.2,1.6229685155839086,False,True
TATACONSUM,TATA CONSUMER PRODUCT LTD,967.7,0.8020833333333381,2410899.0,946118.0,2.5482011757518617,True,False
TATAELXSI,TATA ELXSI LIMITED,3211.7,0.6486994672516395,522063.0,248719.6,2.0990022499232066,True,False
TBOTEK,TBO TEK LIMITED,1684.7,1.8068648779308731,113052.0,205264.8,0.5507617477521719,False,True
TECHNOE,TECHNO ELEC & ENG CO. LTD,1010.15,2.882313999083358,271404.0,90335.2,3.0044102409691904,True,True
TEGA,TEGA INDUSTRIES LIMITED,2060.6,2.440964454387269,342283.0,575835.0,0.5944115935988608,False,True
TORNTPHARM,TORRENT PHARMACEUTICALS L,4894.0,0.5134524543027316,725626.0,319822.8,2.268837618831428,True,False
TRENT,TRENT LTD,2635.0,0.3427265803503427,1548590.0,770517.8,2.0098043160067163,True,False
URBANCO,URBAN COMPANY LIMITED,163.71,1.5507722845977296,3747128.0,4551956.8,0.8231905891549762,False,True
VMM,VISHAL MEGA MART LIMITED,104.3,3.4619581390734995,15659999.0,13777623.0,1.136625599350483,False,True
WELCORP,WELSPUN CORP LIMITED,2842.0,3.733985472861999,3094471.0,1658551.4,1.8657673196019129,True,True
