symbol,timeframe,signal_index,entry_index,exit_index,side,entry,stop,target,quantity,exit,gross_pnl,entry_cost,exit_cost,net_pnl,reason_code,ambiguous,entry_notional,signal_timestamp,entry_timestamp,exit_timestamp,reason,trade_id,signal_time_ist,entry_time_ist,exit_time_ist
ATHERENERG,1m,13261.0,13262.0,13271.0,LONG,333.98,332.53000000000003,336.88,299.0,332.36,-484.38000000000136,49.93001,49.68782,-583.9978300000014,1.0,0.0,99860.02,1750831260,1750831320,1750831860,stop,1,2025-06-25 11:31:00+05:30,2025-06-25 11:32:00+05:30,2025-06-25 11:41:00+05:30
ATHERENERG,1m,13289.0,13290.0,13298.0,LONG,335.68,334.53000000000003,337.98,297.0,334.36,-392.039999999998,49.84848,49.65246,-491.540939999998,1.0,0.0,99696.96,1750832940,1750833000,1750833480,stop,2,2025-06-25 11:59:00+05:30,2025-06-25 12:00:00+05:30,2025-06-25 12:08:00+05:30
ATHERENERG,1m,13321.0,13322.0,13335.0,LONG,337.03000000000003,334.99,341.11,296.0,341.11,1207.6799999999953,49.88044,50.48428,1107.3152799999955,2.0,0.0,99760.88,1750834860,1750834920,1750835700,target,3,2025-06-25 12:31:00+05:30,2025-06-25 12:32:00+05:30,2025-06-25 12:45:00+05:30
ATHERENERG,1m,13381.0,13382.0,13385.0,LONG,342.94,341.72,345.38,291.0,341.54,-407.3999999999934,49.89777,49.69407,-506.9918399999934,1.0,0.0,99795.54,1750838460,1750838520,1750838700,stop,4,2025-06-25 13:31:00+05:30,2025-06-25 13:32:00+05:30,2025-06-25 13:35:00+05:30
ATHERENERG,1m,13487.0,13488.0,13490.0,LONG,341.99,340.38,345.21,292.0,342.17,52.56000000000199,49.93054,49.95682,-47.32735999999801,3.0,0.0,99861.08,1750844820,1750844880,1750845000,square_off,5,2025-06-25 15:17:00+05:30,2025-06-25 15:18:00+05:30,2025-06-25 15:20:00+05:30
ATHERENERG,1m,18272.0,18273.0,18303.0,SHORT,342.86,343.44,341.7,291.0,341.7,337.5600000000073,49.88613000000001,49.717349999999996,237.95652000000723,2.0,0.0,99772.26000000001,1752481020,1752481080,1752482880,target,6,2025-07-14 13:47:00+05:30,2025-07-14 13:48:00+05:30,2025-07-14 14:18:00+05:30
ATHERENERG,1m,22570.0,22571.0,22576.0,SHORT,340.26,342.09000000000003,336.6,293.0,336.6,1072.3799999999906,49.84809,49.3119,973.2200099999906,2.0,0.0,99696.18,1753851300,1753851360,1753851660,target,7,2025-07-30 10:25:00+05:30,2025-07-30 10:26:00+05:30,2025-07-30 10:31:00+05:30
ATHERENERG,1m,22668.0,22669.0,22739.0,SHORT,341.06,342.05,339.08,293.0,342.23,-342.81000000000466,49.96529,50.136695,-442.9119850000046,1.0,0.0,99930.58,1753857180,1753857240,1753861440,stop,8,2025-07-30 12:03:00+05:30,2025-07-30 12:04:00+05:30,2025-07-30 13:14:00+05:30
ATHERENERG,1m,22855.0,22856.0,22857.0,LONG,346.89,345.36,349.95,288.0,345.18,-492.4799999999941,49.95216,49.70592,-592.1380799999941,1.0,0.0,99904.31999999999,1753868400,1753868460,1753868520,stop,9,2025-07-30 15:10:00+05:30,2025-07-30 15:11:00+05:30,2025-07-30 15:12:00+05:30
ATHERENERG,1m,23934.0,23935.0,23936.0,SHORT,353.91,362.56,336.61,282.0,362.75,-2492.879999999993,49.90131000000001,51.14775,-2593.929059999993,1.0,0.0,99802.62000000001,1754297640,1754297700,1754297760,stop,10,2025-08-04 14:24:00+05:30,2025-08-04 14:25:00+05:30,2025-08-04 14:26:00+05:30
ATHERENERG,1m,23942.0,23943.0,23954.0,LONG,366.8,362.85,374.7,272.0,374.7,2148.799999999994,49.884800000000006,50.959199999999996,2047.955999999994,2.0,0.0,99769.6,1754298120,1754298180,1754298840,target,11,2025-08-04 14:32:00+05:30,2025-08-04 14:33:00+05:30,2025-08-04 14:44:00+05:30
ATHERENERG,1m,23963.0,23964.0,23985.0,LONG,383.91,377.69,396.35,260.0,396.35,3234.3999999999996,49.908300000000004,51.5255,3132.9661999999994,2.0,0.0,99816.6,1754299380,1754299440,1754300700,target,12,2025-08-04 14:53:00+05:30,2025-08-04 14:54:00+05:30,2025-08-04 15:15:00+05:30
ATHERENERG,1m,23985.0,23986.0,23990.0,LONG,399.01,385.72,425.59000000000003,250.0,411.79,3195.0000000000073,49.87625,51.47375,3093.6500000000074,3.0,0.0,99752.5,1754300700,1754300760,1754301000,square_off,13,2025-08-04 15:15:00+05:30,2025-08-04 15:16:00+05:30,2025-08-04 15:20:00+05:30
ATHERENERG,1m,24057.0,24058.0,24065.0,LONG,394.71000000000004,391.1,401.93,253.0,390.90000000000003,-963.9300000000005,49.930815,49.44885000000001,-1063.3096650000007,1.0,0.0,99861.63,1754368920,1754368980,1754369400,stop,14,2025-08-05 10:12:00+05:30,2025-08-05 10:13:00+05:30,2025-08-05 10:20:00+05:30
ATHERENERG,1m,24075.0,24076.0,24082.0,SHORT,386.49,390.04,379.39,258.0,390.24,-967.5,49.85721,50.34096,-1067.6981700000001,1.0,0.0,99714.42,1754370000,1754370060,1754370420,stop,15,2025-08-05 10:30:00+05:30,2025-08-05 10:31:00+05:30,2025-08-05 10:37:00+05:30
ATHERENERG,1m,24179.0,24180.0,24182.0,SHORT,385.8,387.04,383.32,259.0,387.24,-372.9599999999994,49.9611,50.147580000000005,-473.0686799999994,1.0,0.0,99922.2,1754376240,1754376300,1754376420,stop,16,2025-08-05 12:14:00+05:30,2025-08-05 12:15:00+05:30,2025-08-05 12:17:00+05:30
ATHERENERG,1m,24222.0,24223.0,24251.0,SHORT,384.15000000000003,385.31,381.83,260.0,385.51,-353.59999999998877,49.93950000000001,50.116299999999995,-453.65579999998874,1.0,0.0,99879.00000000001,1754378820,1754378880,1754380560,stop,17,2025-08-05 12:57:00+05:30,2025-08-05 12:58:00+05:30,2025-08-05 13:26:00+05:30
ATHERENERG,1m,24338.0,24339.0,24356.0,LONG,393.86,388.56,404.46000000000004,253.0,388.36,-1391.5,49.82329,49.12754,-1490.45083,1.0,0.0,99646.58,1754385780,1754385840,1754386860,stop,18,2025-08-05 14:53:00+05:30,2025-08-05 14:54:00+05:30,2025-08-05 15:11:00+05:30
ATHERENERG,1m,25367.0,25368.0,25371.0,LONG,421.33,419.85,424.29,237.0,419.64,-400.52999999999946,49.927605,49.72734,-500.1849449999995,1.0,0.0,99855.20999999999,1754639220,1754639280,1754639460,stop,19,2025-08-08 13:17:00+05:30,2025-08-08 13:18:00+05:30,2025-08-08 13:21:00+05:30
ATHERENERG,1m,25432.0,25433.0,25447.0,LONG,423.53000000000003,422.0,426.59000000000003,236.0,421.78000000000003,-413.0,49.97654,49.77004,-512.74658,1.0,0.0,99953.08,1754643120,1754643180,1754644020,stop,20,2025-08-08 14:22:00+05:30,2025-08-08 14:23:00+05:30,2025-08-08 14:37:00+05:30
ATHERENERG,1m,25476.0,25477.0,25490.0,LONG,426.68,422.78000000000003,434.48,234.0,426.63,-11.70000000000266,49.92156,49.91571,-111.53727000000265,3.0,0.0,99843.12,1754645760,1754645820,1754646600,square_off,21,2025-08-08 15:06:00+05:30,2025-08-08 15:07:00+05:30,2025-08-08 15:20:00+05:30
ATHERENERG,1m,30526.0,30527.0,30538.0,LONG,477.85,474.89,483.77,209.0,483.77,1237.2799999999916,49.935325000000006,50.553965,1136.7907099999916,2.0,0.0,99870.65000000001,1756707360,1756707420,1756708080,target,22,2025-09-01 11:46:00+05:30,2025-09-01 11:47:00+05:30,2025-09-01 11:58:00+05:30
ATHERENERG,1m,30539.0,30540.0,30572.0,LONG,490.01,482.09000000000003,505.85,204.0,505.85,3231.3600000000065,49.98102,51.596700000000006,3129.7822800000063,2.0,0.0,99962.04,1756708140,1756708200,1756710120,target,23,2025-09-01 11:59:00+05:30,2025-09-01 12:00:00+05:30,2025-09-01 12:32:00+05:30
ATHERENERG,1m,30643.0,30644.0,30656.0,LONG,499.96000000000004,494.66,510.56,200.0,494.41,-1110.0000000000023,49.996,49.441,-1209.4370000000024,1.0,0.0,99992.0,1756714380,1756714440,1756715160,stop,24,2025-09-01 13:43:00+05:30,2025-09-01 13:44:00+05:30,2025-09-01 13:56:00+05:30
ATHERENERG,1m,30717.0,30718.0,30726.0,SHORT,485.84000000000003,488.29,480.94,205.0,488.54,-553.4999999999977,49.79860000000001,50.07535,-653.3739499999976,1.0,0.0,99597.20000000001,1756718820,1756718880,1756719360,stop,25,2025-09-01 14:57:00+05:30,2025-09-01 14:58:00+05:30,2025-09-01 15:06:00+05:30
ATHERENERG,1m,32537.0,32538.0,32564.0,SHORT,525.02,527.86,519.34,190.0,528.13,-590.9000000000026,49.8769,50.17235,-690.9492500000026,1.0,0.0,99753.8,1757320320,1757320380,1757321940,stop,26,2025-09-08 14:02:00+05:30,2025-09-08 14:03:00+05:30,2025-09-08 14:29:00+05:30
ATHERENERG,1m,40357.0,40358.0,40368.0,SHORT,645.76,647.04,643.2,154.0,647.37,-247.9400000000021,49.72352,49.84749,-347.5110100000021,1.0,0.0,99447.04,1759909020,1759909080,1759909680,stop,27,2025-10-08 13:07:00+05:30,2025-10-08 13:08:00+05:30,2025-10-08 13:18:00+05:30
ATHERENERG,1m,40375.0,40376.0,40391.0,SHORT,642.3100000000001,646.0500000000001,634.83,155.0,646.38,-630.8499999999901,49.779025000000004,50.094449999999995,-730.7234749999902,1.0,0.0,99558.05,1759910100,1759910160,1759911060,stop,28,2025-10-08 13:25:00+05:30,2025-10-08 13:26:00+05:30,2025-10-08 13:41:00+05:30
ATHERENERG,1m,40480.0,40481.0,40490.0,SHORT,640.0600000000001,643.3000000000001,633.58,156.0,638.82,193.44000000000142,49.92468000000001,49.827960000000004,93.68736000000139,3.0,0.0,99849.36000000002,1759916400,1759916460,1759917000,square_off,29,2025-10-08 15:10:00+05:30,2025-10-08 15:11:00+05:30,2025-10-08 15:20:00+05:30
ATHERENERG,1m,42554.0,42555.0,42579.0,SHORT,668.8000000000001,675.8000000000001,654.8000000000001,149.0,676.14,-1093.6599999999878,49.82560000000001,50.37243,-1193.8580299999876,1.0,0.0,99651.20000000001,1760597040,1760597100,1760598540,stop,30,2025-10-16 12:14:00+05:30,2025-10-16 12:15:00+05:30,2025-10-16 12:39:00+05:30
ATHERENERG,1m,42580.0,42581.0,42625.0,LONG,677.25,674.47,682.8100000000001,147.0,682.8100000000001,817.3200000000087,49.777875,50.186535000000006,717.3555900000086,2.0,0.0,99555.75,1760598600,1760598660,1760601300,target,31,2025-10-16 12:40:00+05:30,2025-10-16 12:41:00+05:30,2025-10-16 13:25:00+05:30
ATHERENERG,1m,42690.0,42691.0,42692.0,LONG,691.16,686.84,699.8000000000001,144.0,686.49,-672.4799999999941,49.76352,49.42728,-771.6707999999941,1.0,0.0,99527.04,1760605200,1760605260,1760605320,stop,32,2025-10-16 14:30:00+05:30,2025-10-16 14:31:00+05:30,2025-10-16 14:32:00+05:30
ATHERENERG,1m,46949.0,46950.0,46955.0,LONG,631.33,627.9300000000001,638.13,158.0,627.61,-587.7600000000043,49.87507,49.58119000000001,-687.2162600000044,1.0,0.0,99750.14,1762405140,1762405200,1762405500,stop,33,2025-11-06 10:29:00+05:30,2025-11-06 10:30:00+05:30,2025-11-06 10:35:00+05:30
ATHERENERG,1m,47022.0,47023.0,47094.0,SHORT,617.9300000000001,624.01,605.77,161.0,624.33,-1030.3999999999965,49.743365000000004,50.258565000000004,-1130.4019299999966,1.0,0.0,99486.73000000001,1762409520,1762409580,1762413840,stop,34,2025-11-06 11:42:00+05:30,2025-11-06 11:43:00+05:30,2025-11-06 12:54:00+05:30
ATHERENERG,1m,47094.0,47095.0,47225.0,LONG,626.12,621.6,635.16,159.0,635.16,1437.3599999999942,49.776540000000004,50.495219999999996,1337.0882399999941,2.0,0.0,99553.08,1762413840,1762413900,1762421700,target,35,2025-11-06 12:54:00+05:30,2025-11-06 12:55:00+05:30,2025-11-06 15:05:00+05:30
ATHERENERG,1m,47226.0,47227.0,47236.0,LONG,635.83,632.12,643.25,157.0,631.8000000000001,-632.7099999999957,49.91265500000001,49.59630000000001,-732.2189549999957,1.0,0.0,99825.31000000001,1762421760,1762421820,1762422360,stop,36,2025-11-06 15:06:00+05:30,2025-11-06 15:07:00+05:30,2025-11-06 15:16:00+05:30
ATHERENERG,1m,69912.0,69913.0,69916.0,LONG,683.26,680.25,689.28,146.0,679.9,-490.560000000002,49.877979999999994,49.6327,-590.070680000002,1.0,0.0,99755.95999999999,1770100020,1770100080,1770100260,stop,37,2026-02-03 11:57:00+05:30,2026-02-03 11:58:00+05:30,2026-02-03 12:01:00+05:30
ATHERENERG,1m,70026.0,70027.0,70057.0,SHORT,663.36,666.6,656.88,150.0,666.94,-537.0000000000061,49.752,50.020500000000006,-636.7725000000061,1.0,0.0,99504.0,1770106860,1770106920,1770108720,stop,38,2026-02-03 13:51:00+05:30,2026-02-03 13:52:00+05:30,2026-02-03 14:22:00+05:30
ATHERENERG,1m,70058.0,70059.0,70106.0,LONG,670.85,666.13,680.29,149.0,680.29,1406.5599999999913,49.978325000000005,50.681605,1305.9000699999913,2.0,0.0,99956.65000000001,1770108780,1770108840,1770111660,target,39,2026-02-03 14:23:00+05:30,2026-02-03 14:24:00+05:30,2026-02-03 15:11:00+05:30
ATHERENERG,1m,70106.0,70107.0,70111.0,LONG,680.96,676.0,690.88,146.0,675.66,-773.80000000001,49.710080000000005,49.32318,-872.83326000001,1.0,0.0,99420.16,1770111660,1770111720,1770111960,stop,40,2026-02-03 15:11:00+05:30,2026-02-03 15:12:00+05:30,2026-02-03 15:16:00+05:30
ATHERENERG,1m,81175.0,81176.0,81180.0,SHORT,757.77,761.21,750.89,131.0,750.89,901.2799999999994,49.633935,49.183295,802.4627699999994,2.0,0.0,99267.87,1773816000,1773816060,1773816300,target,41,2026-03-18 12:10:00+05:30,2026-03-18 12:11:00+05:30,2026-03-18 12:15:00+05:30
ATHERENERG,1m,81239.0,81240.0,81307.0,SHORT,746.8100000000001,751.51,737.41,133.0,751.89,-675.6399999999903,49.662865000000004,50.000685,-775.3035499999903,1.0,0.0,99325.73000000001,1773819840,1773819900,1773823920,stop,42,2026-03-18 13:14:00+05:30,2026-03-18 13:15:00+05:30,2026-03-18 14:22:00+05:30
ATHERENERG,1m,81507.0,81508.0,81524.0,SHORT,766.6,773.12,753.5600000000001,130.0,773.69,-921.7000000000041,49.829,50.28985000000001,-1021.8188500000041,1.0,0.0,99658.0,1773899820,1773899880,1773900840,stop,43,2026-03-19 11:27:00+05:30,2026-03-19 11:28:00+05:30,2026-03-19 11:44:00+05:30
ATHERENERG,1m,81548.0,81549.0,81553.0,SHORT,767.6,769.51,763.78,130.0,769.9,-298.9999999999941,49.894,50.0435,-398.9374999999941,1.0,0.0,99788.0,1773902280,1773902340,1773902580,stop,44,2026-03-19 12:08:00+05:30,2026-03-19 12:09:00+05:30,2026-03-19 12:13:00+05:30
ATHERENERG,1m,81555.0,81556.0,81660.0,SHORT,762.86,767.54,753.5,131.0,753.5,1226.1600000000017,49.967330000000004,49.35425,1126.8384200000016,2.0,0.0,99934.66,1773902700,1773902760,1773909000,target,45,2026-03-19 12:15:00+05:30,2026-03-19 12:16:00+05:30,2026-03-19 14:00:00+05:30
ATHERENERG,1m,81660.0,81661.0,81674.0,SHORT,751.91,756.27,743.19,132.0,756.65,-625.6800000000012,49.626059999999995,49.938900000000004,-725.2449600000012,1.0,0.0,99252.12,1773909000,1773909060,1773909840,stop,46,2026-03-19 14:00:00+05:30,2026-03-19 14:01:00+05:30,2026-03-19 14:14:00+05:30
ATHERENERG,1m,81714.0,81715.0,81715.0,SHORT,748.5600000000001,751.78,742.12,133.0,752.16,-478.7999999999879,49.77924000000001,50.01864,-578.5978799999879,1.0,1.0,99558.48000000001,1773912240,1773912300,1773912300,stop,47,2026-03-19 14:54:00+05:30,2026-03-19 14:55:00+05:30,2026-03-19 14:55:00+05:30
ATHERENERG,1m,82453.0,82454.0,82468.0,LONG,754.14,751.5500000000001,759.32,132.0,751.17,-392.0400000000036,49.77324,49.57722,-491.3904600000036,1.0,0.0,99546.48,1774257180,1774257240,1774258080,stop,48,2026-03-23 14:43:00+05:30,2026-03-23 14:44:00+05:30,2026-03-23 14:58:00+05:30
ATHERENERG,1m,86509.0,86510.0,86518.0,LONG,872.8000000000001,865.71,886.98,114.0,865.27,-858.4200000000098,49.74960000000001,49.32039,-957.4899900000098,1.0,0.0,99499.20000000001,1775808240,1775808300,1775808780,stop,49,2026-04-10 13:34:00+05:30,2026-04-10 13:35:00+05:30,2026-04-10 13:43:00+05:30
ATHERENERG,1m,86595.0,86596.0,86608.0,LONG,867.24,864.73,872.26,115.0,864.29,-339.25000000000523,49.8663,49.696675,-438.8129750000053,1.0,0.0,99732.6,1775813400,1775813460,1775814180,stop,50,2026-04-10 15:00:00+05:30,2026-04-10 15:01:00+05:30,2026-04-10 15:13:00+05:30
ATHERENERG,1m,86763.0,86764.0,86794.0,LONG,916.47,912.38,924.65,109.0,924.65,891.6199999999945,49.947615,50.39342499999999,791.2789599999945,2.0,0.0,99895.23,1776060180,1776060240,1776062040,target,51,2026-04-13 11:33:00+05:30,2026-04-13 11:34:00+05:30,2026-04-13 12:04:00+05:30
ATHERENERG,1m,86800.0,86801.0,86917.0,LONG,933.48,924.21,952.02,107.0,923.74,-1042.180000000001,49.94118,49.42009,-1141.541270000001,1.0,0.0,99882.36,1776062400,1776062460,1776069420,stop,52,2026-04-13 12:10:00+05:30,2026-04-13 12:11:00+05:30,2026-04-13 14:07:00+05:30
ATHERENERG,1m,86940.0,86941.0,86942.0,LONG,924.4300000000001,920.22,932.85,108.0,919.75,-505.4400000000069,49.91922,49.6665,-605.0257200000069,1.0,0.0,99838.44,1776070800,1776070860,1776070920,stop,53,2026-04-13 14:30:00+05:30,2026-04-13 14:31:00+05:30,2026-04-13 14:32:00+05:30
ATHERENERG,1m,99685.0,99686.0,99689.0,LONG,1014.77,1011.1800000000001,1021.95,98.0,1021.95,703.6400000000062,49.723729999999996,50.07555000000001,603.8407200000062,2.0,0.0,99447.45999999999,1780476900,1780476960,1780477140,target,54,2026-06-03 14:25:00+05:30,2026-06-03 14:26:00+05:30,2026-06-03 14:29:00+05:30
ATHERENERG,1m,99689.0,99690.0,99692.0,LONG,1026.03,1016.62,1044.85,97.0,1016.11,-962.239999999996,49.762455,49.281335,-1061.283789999996,1.0,0.0,99524.91,1780477140,1780477200,1780477320,stop,55,2026-06-03 14:29:00+05:30,2026-06-03 14:30:00+05:30,2026-06-03 14:32:00+05:30
ATHERENERG,1m,99708.0,99709.0,99720.0,LONG,1034.03,1027.04,1048.01,96.0,1026.52,-720.9599999999991,49.63344,49.27296,-819.8663999999991,1.0,0.0,99266.88,1780478280,1780478340,1780479000,stop,56,2026-06-03 14:48:00+05:30,2026-06-03 14:49:00+05:30,2026-06-03 15:00:00+05:30
ATHERENERG,1m,108722.0,108723.0,108733.0,LONG,1192.21,1187.27,1202.09,83.0,1202.09,820.0399999999902,49.476715000000006,49.886734999999994,720.6765499999901,2.0,0.0,98953.43000000001,1783503120,1783503180,1783503780,target,57,2026-07-08 15:02:00+05:30,2026-07-08 15:03:00+05:30,2026-07-08 15:13:00+05:30
ATHERENERG,1m,110361.0,110362.0,110369.0,SHORT,1283.34,1286.1200000000001,1277.78,77.0,1286.77,-264.1100000000049,49.40859,49.540645,-363.0592350000049,1.0,0.0,98817.18,1784093760,1784093820,1784094240,stop,58,2026-07-15 11:06:00+05:30,2026-07-15 11:07:00+05:30,2026-07-15 11:14:00+05:30
ATHERENERG,1m,110378.0,110379.0,110381.0,LONG,1293.66,1289.1200000000001,1302.74,77.0,1302.74,699.1599999999944,49.805910000000004,50.15549,599.1985999999944,2.0,0.0,99611.82,1784094780,1784094840,1784094960,target,59,2026-07-15 11:23:00+05:30,2026-07-15 11:24:00+05:30,2026-07-15 11:26:00+05:30
ATHERENERG,1m,110381.0,110382.0,110431.0,LONG,1304.07,1295.22,1321.77,76.0,1294.57,-722.0,49.55466,49.193659999999994,-820.74832,1.0,0.0,99109.31999999999,1784094960,1784095020,1784097960,stop,60,2026-07-15 11:26:00+05:30,2026-07-15 11:27:00+05:30,2026-07-15 12:16:00+05:30
ATHERENERG,1m,110482.0,110483.0,110486.0,SHORT,1282.74,1288.06,1272.1000000000001,77.0,1288.71,-459.6900000000021,49.38549,49.615335,-558.6908250000021,1.0,0.0,98770.98,1784101020,1784101080,1784101260,stop,61,2026-07-15 13:07:00+05:30,2026-07-15 13:08:00+05:30,2026-07-15 13:11:00+05:30
ATHERENERG,1m,110593.0,110594.0,110615.0,LONG,1295.06,1288.75,1307.68,77.0,1291.25,-293.3699999999958,49.859809999999996,49.713125,-392.94293499999577,3.0,0.0,99719.62,1784107680,1784107740,1784109000,square_off,62,2026-07-15 14:58:00+05:30,2026-07-15 14:59:00+05:30,2026-07-15 15:20:00+05:30
ATHERENERG,1m,115579.0,115580.0,115615.0,LONG,1461.94,1446.55,1492.72,68.0,1445.82,-1096.160000000008,49.70596,49.15788,-1195.023840000008,1.0,0.0,99411.92,1785819840,1785819900,1785822000,stop,63,2026-08-04 10:34:00+05:30,2026-08-04 10:35:00+05:30,2026-08-04 11:10:00+05:30
ATHERENERG,1m,115631.0,115632.0,115641.0,LONG,1465.75,1455.99,1485.27,68.0,1455.26,-713.3200000000006,49.8355,49.47884,-812.6343400000006,1.0,0.0,99671.0,1785822960,1785823020,1785823560,stop,64,2026-08-04 11:26:00+05:30,2026-08-04 11:27:00+05:30,2026-08-04 11:36:00+05:30
ATHERENERG,1m,115674.0,115675.0,115676.0,LONG,1470.55,1464.94,1481.77,68.0,1464.2,-431.7999999999938,49.9987,49.7828,-531.5814999999938,1.0,0.0,99997.4,1785825540,1785825600,1785825660,stop,65,2026-08-04 12:09:00+05:30,2026-08-04 12:10:00+05:30,2026-08-04 12:11:00+05:30
ATHERENERG,1m,115707.0,115708.0,115712.0,LONG,1463.55,1459.1000000000001,1472.45,68.0,1458.3700000000001,-352.23999999998887,49.7607,49.58458,-451.58527999998887,1.0,0.0,99521.4,1785827520,1785827580,1785827820,stop,66,2026-08-04 12:42:00+05:30,2026-08-04 12:43:00+05:30,2026-08-04 12:47:00+05:30
ATHERENERG,1m,115785.0,115786.0,115824.0,LONG,1460.54,1454.49,1472.64,68.0,1453.76,-461.03999999999814,49.65836,49.427839999999996,-560.1261999999981,1.0,0.0,99316.72,1785832200,1785832260,1785834540,stop,67,2026-08-04 14:00:00+05:30,2026-08-04 14:01:00+05:30,2026-08-04 14:39:00+05:30
ATHERENERG,1m,122425.0,122426.0,122460.0,LONG,1604.82,1601.39,1611.68,62.0,1611.68,425.3200000000079,49.74942,49.96208,325.6085000000079,2.0,0.0,99498.84,1787899200,1787899260,1787901300,target,68,2026-08-28 12:10:00+05:30,2026-08-28 12:11:00+05:30,2026-08-28 12:45:00+05:30
ATHERENERG,1m,122514.0,122515.0,122551.0,LONG,1603.72,1600.81,1609.54,62.0,1609.54,360.83999999999605,49.71532,49.895739999999996,261.22893999999604,2.0,0.0,99430.64,1787904540,1787904600,1787906760,target,69,2026-08-28 13:39:00+05:30,2026-08-28 13:40:00+05:30,2026-08-28 14:16:00+05:30
ATHERENERG,1m,122552.0,122553.0,122563.0,LONG,1612.32,1608.82,1619.32,62.0,1619.32,434.0,49.98192,50.19892,333.81916,2.0,0.0,99963.84,1787906820,1787906880,1787907480,target,70,2026-08-28 14:17:00+05:30,2026-08-28 14:18:00+05:30,2026-08-28 14:28:00+05:30
ATHERENERG,1m,122825.0,122826.0,122853.0,LONG,1665.8500000000001,1661.83,1673.89,60.0,1673.89,482.3999999999978,49.97550000000001,50.2167,382.2077999999978,2.0,0.0,99951.00000000001,1788159900,1788159960,1788161580,target,71,2026-08-31 12:35:00+05:30,2026-08-31 12:36:00+05:30,2026-08-31 13:03:00+05:30
ATHERENERG,1m,122875.0,122876.0,122883.0,LONG,1674.45,1670.43,1682.49,59.0,1682.49,474.35999999999785,49.396275,49.633455000000005,375.3302699999978,2.0,0.0,98792.55,1788162900,1788162960,1788163380,target,72,2026-08-31 13:25:00+05:30,2026-08-31 13:26:00+05:30,2026-08-31 13:33:00+05:30
ATHERENERG,1m,122884.0,122885.0,122970.0,LONG,1691.26,1679.9,1713.98,59.0,1679.06,-719.8000000000027,49.89217,49.53227,-819.2244400000027,1.0,0.0,99784.34,1788163440,1788163500,1788168600,stop,73,2026-08-31 13:34:00+05:30,2026-08-31 13:35:00+05:30,2026-08-31 15:00:00+05:30
