entry_time,entry_price,eth,signal_start,initial_stop,target,gross_pnl,fees,partial_exits,exit_time,exit_price,exit_reason,net_pnl,holding_hours
2024-04-01T13:41:31.025045+00:00,3573.7859999999996,27.98,2024-04-01T13:35:00+00:00,3558.7516577023216,3603.8546845953556,-554.3922224999824,99.71733616875,0,2024-04-01T13:56:06.323695+00:00,3553.9721250000002,stop_loss,-654.1095586687323,0.2431385138962004
2024-04-03T08:35:58.279187+00:00,3334.6665,29.98,2024-04-03T08:30:00+00:00,3301.585632563646,3400.8282348727075,-1070.7896639999908,99.437906838,0,2024-04-03T11:05:48.861116+00:00,3298.9497,stop_loss,-1170.2275708379907,2.497383869157897
2024-04-03T14:06:30.928791+00:00,3356.4774,29.79,2024-04-03T14:00:00+00:00,3311.2443779439554,3446.9434441120898,-1410.0441119999905,99.28443969,0,2024-04-03T15:35:42.723357+00:00,3309.1446000000005,stop_loss,-1509.3285516899905,1.4866096016433503
2024-04-03T22:00:00.120203+00:00,3319.809075,30.12,2024-04-03T21:55:00+00:00,3306.1651476935185,3347.0969296129633,-522.9170849999971,99.73119079650002,0,2024-04-04T00:03:03.556467+00:00,3302.44795,stop_loss,-622.648275796497,2.050954517788357
2024-04-04T06:11:03.376382+00:00,3308.3533499999994,30.22,2024-04-04T06:05:00+00:00,3295.8824227291143,3333.2952045417696,709.5625780000219,100.333219526,0,2024-04-04T07:16:52.073953+00:00,3331.83325,fixed_target,609.2293584740219,1.0968604363335503
2024-04-04T07:29:38.032400+00:00,3333.0657,30.0,2024-04-04T07:20:00+00:00,3322.2354994178077,3354.726101164385,-441.7709999999988,99.77108550000001,0,2024-04-04T07:46:11.142239+00:00,3318.34,stop_loss,-541.5420854999988,0.27586384422249266
2024-04-04T12:50:01.079918+00:00,3355.1267249999996,29.8,2024-04-04T12:45:00+00:00,3348.088188406461,3369.2037981870767,-266.72936999997955,99.84941172,0,2024-04-04T12:54:27.157196+00:00,3346.1760750000003,stop_loss,-366.5787817199796,0.07391035503811307
2024-04-04T13:10:01.778353+00:00,3357.8780999999994,29.78,2024-04-04T13:05:00+00:00,3348.8758242754043,3375.88265144919,489.40154200002695,100.242310589,0,2024-04-04T13:20:14.114035+00:00,3374.3120000000004,fixed_target,389.15923141102695,0.17009324497646755
2024-04-04T14:45:11.910039+00:00,3389.19375,29.5,2024-04-04T14:40:00+00:00,3373.7480548874364,3420.085140225127,-521.5703250000026,99.72043046249999,0,2024-04-04T15:24:54.072933+00:00,3371.5134,stop_loss,-621.2907554625026,0.6617119150029288
2024-04-04T17:50:31.520455+00:00,3395.5469249999996,29.45,2024-04-04T17:45:00+00:00,3381.5797751094146,3423.4812247811697,787.5246587500108,100.392619270625,0,2024-04-04T18:01:55.872127+00:00,3422.288,fixed_target,687.1320394793858,0.19009768671459623
2024-04-05T13:35:27.429250+00:00,3276.0371999999998,30.52,2024-04-05T13:30:00+00:00,3249.3521770196476,3329.407245960704,1631.2093070000105,100.80025999749999,0,2024-04-05T14:49:40.547382+00:00,3329.484425,fixed_target,1530.4090470025105,1.2369772589206696
2024-04-05T19:05:06.537321+00:00,3339.4689,29.94,2024-04-05T19:00:00+00:00,3326.5875589774646,3365.2315820450704,-454.54533749999297,99.75642619725002,0,2024-04-05T19:45:30.193811+00:00,3324.287025,stop_loss,-554.301763697243,0.6732379138469696
2024-04-05T20:38:11.607739+00:00,3347.0726999999997,29.87,2024-04-05T20:30:00+00:00,3327.0662796022757,3387.0855407954477,-658.2168134999912,99.64795314225,0,2024-04-05T21:52:59.147963+00:00,3325.03665,stop_loss,-757.8647666422412,1.2465389511320326
2024-04-06T00:40:03.158554+00:00,3340.1192249999995,29.93,2024-04-06T00:35:00+00:00,3321.79825508832,3376.7611648233587,-602.4923964999791,99.668522206,0,2024-04-06T01:06:59.168391+00:00,3319.989175,stop_loss,-702.1609187059792,0.44889162136448757
2024-04-06T03:11:06.359264+00:00,3330.914625,30.02,2024-04-06T03:05:00+00:00,3322.9872459085063,3346.769383182987,437.1452360000121,100.2126296605,0,2024-04-06T03:23:11.338047+00:00,3345.4764250000003,fixed_target,336.9326063395121,0.20138299531406825
2024-04-06T05:10:02.296398+00:00,3339.669,29.94,2024-04-06T05:05:00+00:00,3329.3899210601894,3360.227157879621,-363.27998399998984,99.80804986800001,0,2024-04-06T07:25:11.728632+00:00,3327.5354,stop_loss,-463.08803386798985,2.2526200650135677
2024-04-06T08:50:16.530769+00:00,3341.3698499999996,29.92,2024-04-06T08:45:00+00:00,3332.022052062058,3360.065445875883,-345.14515199997754,99.801213336,0,2024-04-06T09:32:24.012374+00:00,3329.8342500000003,stop_loss,-444.94636533597753,0.7020782235595915
2024-04-06T14:40:39.421123+00:00,3339.16875,29.94,2024-04-06T14:35:00+00:00,3326.8072733799736,3363.8917032400523,690.0960420000175,100.31976039600002,0,2024-04-06T20:59:47.705381+00:00,3362.2180500000004,fixed_target,589.7762816040175,6.3189678494135535
2024-04-06T21:00:14.830872+00:00,3366.6825,29.7,2024-04-06T20:55:00+00:00,3354.8812364826726,3390.2850270346544,-417.5716049999908,99.7816844475,0,2024-04-06T21:41:59.429350+00:00,3352.62285,stop_loss,-517.3532894474909,0.6957217994001177
2024-04-06T23:00:13.230035+00:00,3383.691,29.55,2024-04-06T22:55:00+00:00,3363.510604995116,3424.0517900097675,-690.6425999999954,99.64274775,0,2024-04-06T23:47:33.281630+00:00,3360.319,stop_loss,-790.2853477499954,0.7889032208257252
2024-04-07T01:20:40.397217+00:00,3379.138725,29.59,2024-04-07T01:15:00+00:00,3365.846148006751,3405.7238789864978,784.3598840000109,100.38089481475001,0,2024-04-07T02:09:57.131944+00:00,3405.646325,fixed_target,683.9789891852608,0.8213152019182841
2024-04-07T02:10:07.545106+00:00,3410.954625,29.310000000000002,2024-04-07T02:05:00+00:00,3388.986422019538,3454.891030960923,-696.0853882499919,99.62703736462501,0,2024-04-07T02:33:48.988680+00:00,3387.20555,stop_loss,-795.7124256146169,0.39484543720881143
2024-04-07T12:45:02.880899+00:00,3404.2012499999996,29.37,2024-04-07T12:40:00+00:00,3387.407303315775,3437.7891433684485,-547.5999787499853,99.70759072312501,0,2024-04-07T15:36:35.549557+00:00,3385.556375,stop_loss,-647.3075694731103,2.8590746272272534
2024-04-07T20:16:59.647671+00:00,3397.0977,29.43,2024-04-07T20:10:00+00:00,3386.1948645303764,3418.9033709392465,619.2770962500132,100.286223859125,0,2024-04-07T22:36:35.968252+00:00,3418.1400750000003,fixed_target,518.9908723908882,2.3267557169331443
2024-04-07T22:43:58.360579+00:00,3424.41135,29.2,2024-04-07T22:35:00+00:00,3414.7275491118803,3443.778951776239,540.6766900000148,100.26314976500001,0,2024-04-07T23:34:08.856238+00:00,3442.9276750000004,fixed_target,440.4135402350148,0.8362487941318089
2024-04-07T23:40:32.129131+00:00,3455.62695,28.93,2024-04-07T23:35:00+00:00,3436.5242285276154,3493.832392944769,-607.3889662499976,99.66759318037501,0,2024-04-08T00:23:31.148772+00:00,3434.631825,stop_loss,-707.0565594303725,0.7163943447007073
2024-04-08T07:20:18.293810+00:00,3437.567925,29.09,2024-04-08T07:15:00+00:00,3432.0192424639577,3448.665290072084,416.1404497500048,100.20692116312499,0,2024-04-08T07:34:19.887504+00:00,3451.8732,fixed_target,315.9335285868798,0.23377602616945903
2024-04-08T07:35:02.729579+00:00,3457.5779249999996,28.92,2024-04-08T07:30:00+00:00,3436.405530307995,3499.922714384009,1176.2364090000117,100.5812717955,0,2024-04-08T08:12:54.551974+00:00,3498.25,fixed_target,1075.6551372045117,0.6310617764128579
2024-04-08T08:15:04.129907+00:00,3543.5709,28.22,2024-04-08T08:10:00+00:00,3481.6811739465156,3667.3503521069692,3461.04401650001,101.73009280625001,0,2024-04-08T12:12:10.778142+00:00,3666.2159750000005,fixed_target,3359.31392369376,3.951846731967396
2024-04-08T13:25:59.342758+00:00,3667.8329999999996,27.26,2024-04-08T13:20:00+00:00,3653.6783803327216,3696.1422393345556,-436.42782949997775,99.76691366525,0,2024-04-08T13:34:11.781344+00:00,3651.8231750000004,stop_loss,-536.1947431652277,0.13678849611017438
2024-04-08T16:39:54.625011+00:00,3657.9280499999995,27.330000000000002,2024-04-08T16:30:00+00:00,3644.7321787295564,3684.319792540886,-427.7172329999832,99.75731499000001,0,2024-04-08T17:23:07.204706+00:00,3642.27795,stop_loss,-527.4745479899832,0.7201610263850954
2024-04-08T17:55:08.148579+00:00,3667.8329999999996,27.26,2024-04-08T17:50:00+00:00,3655.481110110149,3692.5367797797007,635.7168300000196,100.302985995,0,2024-04-08T18:32:59.781105+00:00,3691.1535000000003,fixed_target,535.4138440050197,0.6310090350442462
2024-04-08T18:37:53.404103+00:00,3698.6484,27.03,2024-04-08T18:30:00+00:00,3679.136156680118,3737.6728866397643,-619.9918402499884,99.66447033187501,0,2024-04-09T01:06:31.647244+00:00,3675.7112250000005,stop_loss,-719.6563105818634,6.4772897613710825
2024-04-09T02:25:41.694006+00:00,3715.506825,26.91,2024-04-09T02:20:00+00:00,3691.1196130151848,3764.2812489696303,-719.8996837499994,99.624338818875,0,2024-04-09T03:45:40.804249+00:00,3688.7547,stop_loss,-819.5240225688744,1.3330861786339019
2024-04-10T05:16:02.302922+00:00,3533.7659999999996,28.29,2024-04-10T05:10:00+00:00,3518.569526847526,3564.1589463049468,-600.4029134999817,99.67003868325,0,2024-04-10T08:04:07.944912+00:00,3512.5428500000003,stop_loss,-700.0729521832317,2.801567219429546
2024-04-10T10:02:30.818664+00:00,3539.769,28.25,2024-04-10T09:55:00+00:00,3519.026541510341,3581.2539169793176,-636.4301249999842,99.68025918750001,0,2024-04-10T10:10:41.820605+00:00,3517.2405000000003,stop_loss,-736.1103841874842,0.13638942804601456
2024-04-10T14:46:18.792477+00:00,3505.001625,28.53,2024-04-10T14:40:00+00:00,3474.6006163307775,3565.8036423384447,-928.3298242499968,99.53353144912501,0,2024-04-10T15:04:03.011051+00:00,3472.4629,stop_loss,-1027.8633556991217,0.2956162705686357
2024-04-10T16:35:02.998040+00:00,3502.4503499999996,28.55,2024-04-10T16:30:00+00:00,3478.6860561908766,3549.9789376182457,1449.5448825000199,100.71972993375,0,2024-04-10T22:24:50.458703+00:00,3553.2225000000003,fixed_target,1348.82515256627,5.829850184188949
2024-04-10T22:25:11.305849+00:00,3561.7799999999997,28.07,2024-04-10T22:20:00+00:00,3534.1852284777888,3616.9695430444217,-850.4262637499858,99.553951468125,0,2024-04-11T00:07:10.908828+00:00,3531.4833750000003,stop_loss,-949.9802152181107,1.6998897163735496
2024-04-11T02:15:58.234971+00:00,3547.2727499999996,28.19,2024-04-11T02:10:00+00:00,3535.3154208623864,3571.187408275226,631.2170897500129,100.313227367375,0,2024-04-11T02:46:39.420588+00:00,3569.664275,fixed_target,530.9038623826378,0.5114404491583506
2024-04-11T04:00:01.970709+00:00,3577.9880999999996,27.94,2024-04-11T03:55:00+00:00,3568.1492021038157,3597.6658957923673,-327.5161724999811,99.80522942775,0,2024-04-11T04:03:02.264797+00:00,3566.2659750000003,stop_loss,-427.32140192773113,0.050081691079669526
2024-04-11T06:05:02.664718+00:00,3571.234725,28.0,2024-04-11T06:00:00+00:00,3562.839204906276,3588.0257651874476,-290.2493999999897,99.8494476,0,2024-04-11T06:23:02.617195+00:00,3560.868675,stop_loss,-390.0988475999897,0.2999867991606395
2024-04-11T06:40:15.065067+00:00,3576.437325,27.96,2024-04-11T06:35:00+00:00,3567.1942516008303,3594.923471798339,514.8652260000131,100.25462022,0,2024-04-11T07:21:12.940481+00:00,3594.8516750000003,fixed_target,414.6106057800131,0.6827431705262926
2024-04-11T08:36:00.395817+00:00,3609.5038499999996,27.7,2024-04-11T08:30:00+00:00,3594.654507593126,3639.202534813747,-462.6218549999838,99.75194571749999,0,2024-04-11T09:18:58.580600+00:00,3592.8027,stop_loss,-562.3738007174837,0.7161624397171868
2024-04-12T00:11:03.082247+00:00,3514.406325,28.45,2024-04-12T00:05:00+00:00,3505.865447794536,3531.4880794109276,-314.6249937499919,99.827547449375,0,2024-04-12T01:31:24.289864+00:00,3503.34745,stop_loss,-414.4525411993669,1.3392243380679025
2024-04-12T04:37:38.884771+00:00,3547.4728499999997,28.18,2024-04-12T04:30:00+00:00,3537.8885412007257,3566.6414675985475,-332.2865834999926,99.80164162125,0,2024-04-12T05:51:22.443678+00:00,3535.681275,stop_loss,-432.0882251212426,1.2287663629982206
2024-04-12T11:00:28.811089+00:00,3533.7659999999996,28.29,2024-04-12T10:55:00+00:00,3525.0988410599807,3551.1003178800374,-297.85126499998415,99.8213145075,0,2024-04-12T12:15:07.860349+00:00,3523.2375,stop_loss,-397.67257950748416,1.244180349972513
2024-04-13T04:46:10.103940+00:00,3252.4754249999996,30.740000000000002,2024-04-13T04:40:00+00:00,3234.9288788729336,3287.5685172541316,1046.0975700000233,100.5041433495,0,2024-04-13T11:06:43.390680+00:00,3286.5059250000004,fixed_target,945.5934266505233,6.34257965001795
2024-04-13T15:30:59.800769+00:00,3297.5979749999997,30.32,2024-04-13T15:25:00+00:00,3263.4548349371044,3365.8842551257903,-1103.023407999994,99.431658898,0,2024-04-13T16:05:28.380884+00:00,3261.218575,stop_loss,-1202.4550668979941,0.5746055874559615
2024-04-14T04:14:43.980528+00:00,2990.444475,33.43,2024-04-14T04:05:00+00:00,2964.328664938435,3042.6760951231295,1701.0554630000072,100.82108653075,0,2024-04-14T04:36:04.704805+00:00,3041.328575,fixed_target,1600.2343764692573,0.3557567435503006
2024-04-14T06:25:14.097552+00:00,3091.5449999999996,32.34,2024-04-14T06:20:00+00:00,3063.665326311653,3147.3043473766925,-972.6740099999894,99.49422829500001,0,2024-04-14T08:51:17.454446+00:00,3061.4685,stop_loss,-1072.1682382949894,2.4342658038934073
2024-04-14T13:15:37.357327+00:00,3066.43245,32.61,2024-04-14T13:10:00+00:00,3047.7949611840013,3103.707427631997,-671.9657362499933,99.660379326375,0,2024-04-14T13:31:13.913193+00:00,3045.826325,stop_loss,-771.6261155763682,0.2601544072230657
2024-04-14T15:30:28.096999+00:00,3071.535,32.55,2024-04-14T15:25:00+00:00,3044.345947440304,3125.9131051193917,-936.0452324999821,99.51044163374999,0,2024-04-14T15:50:17.679990+00:00,3042.7778500000004,stop_loss,-1035.555674133732,0.3304397197564443
2024-04-14T16:09:03.107844+00:00,3072.43545,32.54,2024-04-14T16:00:00+00:00,3050.8085620893776,3115.6892258212447,-779.6730429999864,99.58721302150002,0,2024-04-14T17:13:16.126144+00:00,3048.4750000000004,stop_loss,-879.2602560214864,1.0702828610605664
2024-04-14T22:05:07.610090+00:00,3127.112775,31.970000000000002,2024-04-14T22:00:00+00:00,3062.2404749151774,3256.8573751696454,4100.431438250005,102.02401113587501,0,2024-04-15T08:22:09.619651+00:00,3255.3715,fixed_target,3998.4074271141303,10.283891544739406
2024-04-15T08:25:12.446914+00:00,3259.8290999999995,30.67,2024-04-15T08:20:00+00:00,3242.9339717496264,3293.6193565007457,-568.94536849997,99.69448581275,0,2024-04-15T09:02:11.597584+00:00,3241.2785500000005,stop_loss,-668.63985431272,0.616430741680993
2024-04-15T10:55:11.145007+00:00,3263.781075,30.63,2024-04-15T10:50:00+00:00,3254.2771118780684,3282.789001243863,-349.42933724999466,99.79489965862498,0,2024-04-15T11:09:50.441491+00:00,3252.373,stop_loss,-449.2242369086197,0.2442490233315362
2024-04-16T01:35:08.670242+00:00,3122.4104249999996,32.02,2024-04-16T01:30:00+00:00,3106.2336513991795,3154.7639722016397,-586.3902649999758,99.68638667600001,0,2024-04-16T01:40:14.261005+00:00,3104.0971750000003,stop_loss,-686.0766516759758,0.08488632301489513
2024-04-16T06:50:18.842586+00:00,3087.5429999999997,32.38,2024-04-16T06:45:00+00:00,3069.7031397924675,3123.222720415064,1129.9001000000142,100.53959239,0,2024-04-16T07:33:56.232930+00:00,3122.438,fixed_target,1029.360507610014,0.7270528733068042
2024-04-16T11:55:36.941440+00:00,3098.5485,32.27,2024-04-16T11:50:00+00:00,3059.0898896364056,3177.4657207271885,-1340.1012992499861,99.32010944537501,0,2024-04-16T13:42:36.452234+00:00,3057.0207250000003,stop_loss,-1439.4214086953612,1.7831974427567587
2024-04-16T17:17:49.548696+00:00,3072.5355,32.54,2024-04-16T17:10:00+00:00,3053.915559355769,3109.775381288462,-660.9646824999992,99.64982282874999,0,2024-04-16T17:32:21.155543+00:00,3052.223125,stop_loss,-760.6145053287491,0.24211301306883495
2024-04-16T21:09:29.485451+00:00,3087.0427499999996,32.39,2024-04-16T21:00:00+00:00,3064.9729515227637,3131.1823469544715,-784.6453207499848,99.596992012125,0,2024-04-17T10:11:14.941242+00:00,3062.817825,stop_loss,-884.2423127621098,13.02929327527682
2024-04-17T18:05:15.353425+00:00,3036.4674749999995,32.93,2024-04-17T18:00:00+00:00,2993.8837748599663,3121.634875280066,-1559.6561807499868,99.21104586137498,0,2024-04-17T19:39:14.196654+00:00,2989.1047,stop_loss,-1658.8672266113617,1.5663453414042792
2024-04-18T01:05:08.297770+00:00,3006.9527249999996,33.25,2024-04-18T01:00:00+00:00,2982.8307046363543,3055.1967657272903,-889.2238687499837,99.536566171875,0,2024-04-18T05:59:05.904529+00:00,2980.20915,stop_loss,-988.7604349218586,4.8993352108531525
2024-04-18T11:07:49.665168+00:00,3025.81215,33.04,2024-04-18T11:00:00+00:00,3006.1778260288556,3065.0807979422893,-702.601382,99.621532745,0,2024-04-18T12:30:37.657833+00:00,3004.546975,stop_loss,-802.2229147449999,1.3799979625145595
2024-04-18T14:00:05.724372+00:00,3052.875675,32.75,2024-04-18T13:55:00+00:00,3031.9658815609996,3094.695261878,-743.1474437499911,99.610104634375,0,2024-04-18T18:08:35.236579+00:00,3030.18415,stop_loss,-842.7575483843661,4.1415311686197915
2024-04-18T21:20:31.940760+00:00,3074.5364999999997,32.52,2024-04-18T21:15:00+00:00,3066.6659696512615,3090.277560697476,-424.9713599999921,99.7714413,0,2024-04-18T21:22:38.540578+00:00,3061.4685,stop_loss,-524.7428012999922,0.03516661610868242
2024-04-19T06:36:03.588413+00:00,3017.0077499999998,33.14,2024-04-19T06:30:00+00:00,2993.1480293488876,3064.727191302224,1533.0514290000124,100.7501625495,0,2024-04-19T06:45:06.047478+00:00,3063.2676,fixed_target,1432.3012664505125,0.15068307360013325
2024-04-19T06:50:58.916998+00:00,3084.391425,32.42,2024-04-19T06:45:00+00:00,3030.024753668611,3193.1247676627772,-1812.4862984999895,99.08972684925001,0,2024-04-19T23:03:30.242903+00:00,3028.485,stop_loss,-1911.5760253492394,16.208701640301282
2024-04-20T04:30:03.228401+00:00,3061.2298499999997,32.660000000000004,2024-04-20T04:25:00+00:00,3051.8860824214794,3079.9173851570404,-379.0331804999767,99.79025031075001,0,2024-04-20T08:08:35.837958+00:00,3049.6244250000004,stop_loss,-478.82343081072673,3.642391543653276
2024-04-20T11:17:54.473900+00:00,3053.375925,32.75,2024-04-20T11:10:00+00:00,3042.0073789337325,3076.1130171325344,-422.37429374998544,99.78687439687499,0,2024-04-20T12:23:19.316246+00:00,3040.4790000000003,stop_loss,-522.1611681468604,1.0902339849869411
2024-04-20T12:47:20.424764+00:00,3066.5325,32.61,2024-04-20T12:40:00+00:00,3050.9383749766503,3097.720750046699,967.4938612500081,100.483371755625,0,2024-04-20T15:44:48.874122+00:00,3096.201125,fixed_target,867.0104894943831,2.9579025994406805
2024-04-20T15:45:28.627191+00:00,3100.7495999999996,32.25,2024-04-20T15:40:00+00:00,3073.9375841441415,3154.373631711716,1682.5840875000172,100.84046664375,0,2024-04-20T17:42:02.639140+00:00,3152.92275,fixed_target,1581.7436208562672,1.9427810968955357
2024-04-20T20:06:18.445535+00:00,3161.7800999999995,31.62,2024-04-20T20:00:00+00:00,3146.2469346579246,3192.8464306841493,-586.6300499999787,99.682171737,0,2024-04-20T20:23:58.285018+00:00,3143.2276,stop_loss,-686.3122217369787,0.2943998563951916
2024-04-20T23:27:02.116913+00:00,3162.5805,31.61,2024-04-20T23:20:00+00:00,3148.5947526687037,3190.5519946625927,-542.2379399999999,99.698050635,0,2024-04-21T00:01:23.185572+00:00,3145.4265,stop_loss,-641.9359906349998,0.5725190718968709
2024-04-21T02:25:02.512508+00:00,3168.2333249999997,31.560000000000002,2024-04-21T02:20:00+00:00,3148.896893987029,3206.9061870259407,-689.8163879999896,99.644535543,0,2024-04-21T13:04:22.270186+00:00,3146.376025,stop_loss,-789.4609235429896,10.655488243897755
2024-04-21T21:05:10.940180+00:00,3163.0807499999996,31.61,2024-04-21T21:00:00+00:00,3144.9261378194205,3199.389974361158,-630.7174909999912,99.66962376199999,0,2024-04-21T21:39:14.054554+00:00,3143.12765,stop_loss,-730.3871147619913,0.5675317705339855
2024-04-22T00:15:13.677367+00:00,3165.231825,31.59,2024-04-22T00:10:00+00:00,3151.032655200948,3193.630164598104,-564.0805169999975,99.70763309325,0,2024-04-22T00:34:18.181555+00:00,3147.375525,stop_loss,-663.7881500932475,0.3179178300168779
2024-04-22T01:20:00.347849+00:00,3170.5845,31.53,2024-04-22T01:15:00+00:00,3149.8526910589844,3212.048117882031,-837.3516689999982,99.5498534505,0,2024-04-22T01:30:41.708996+00:00,3144.0272,stop_loss,-936.9015224504982,0.17815587421258292
2024-04-22T03:12:11.256766+00:00,3164.531475,31.6,2024-04-22T03:05:00+00:00,3147.284875801847,3199.024673396305,1060.770130000014,100.52957967500001,0,2024-04-22T03:47:36.688219+00:00,3198.10015,fixed_target,960.2405503250139,0.5903976258304384
2024-04-22T03:50:33.752554+00:00,3207.7030499999996,31.17,2024-04-22T03:45:00+00:00,3177.0248920929757,3269.0593658140474,-1011.2007757499885,99.478503680625,0,2024-04-22T13:34:44.233739+00:00,3175.261575,stop_loss,-1110.6792794306134,9.736244773599836
2024-04-22T16:20:10.254873+00:00,3200.849625,31.240000000000002,2024-04-22T16:15:00+00:00,3187.181860815292,3228.1851533694153,-480.882005999982,99.75410128200002,0,2024-04-22T16:25:57.869345+00:00,3185.4564750000004,stop_loss,-580.636107281982,0.09655957553121779
2024-04-22T17:31:02.188224+00:00,3218.558475,31.060000000000002,2024-04-22T17:25:00+00:00,3194.331243552296,3267.012937895407,-818.5979474999889,99.55912725975,0,2024-04-22T18:00:16.791561+00:00,3192.2031,stop_loss,-918.1570747597389,0.48738981578085155
2024-04-22T22:06:02.601134+00:00,3204.2513249999997,31.2,2024-04-22T22:00:00+00:00,3196.6672603863553,3219.4194542272885,436.4490000000136,100.19086584,0,2024-04-22T22:54:48.158540+00:00,3218.240075,fixed_target,336.2581341600136,0.812654834985733
2024-04-22T22:56:14.539823+00:00,3224.161275,31.01,2024-04-22T22:50:00+00:00,3205.4230149027208,3261.6377951945583,-674.8791577499936,99.64380155887501,0,2024-04-22T23:34:12.245220+00:00,3202.398,stop_loss,-774.5229593088686,0.6326959435807334
2024-04-23T12:05:24.932108+00:00,3189.243825,31.35,2024-04-23T12:00:00+00:00,3175.1376380637385,3217.456198872523,-501.0121874999943,99.73228782000001,0,2024-04-23T12:12:50.168861+00:00,3173.262575,stop_loss,-600.7444753199943,0.12367687582969665
2024-04-23T13:42:18.232876+00:00,3192.445425,31.32,2024-04-23T13:35:00+00:00,3179.771535969044,3217.7932030619113,749.9754090000059,100.3623784155,0,2024-04-23T14:05:52.187901+00:00,3216.391,fixed_target,649.613030584506,0.39276528471046024
2024-04-23T14:12:11.033908+00:00,3233.616,30.92,2024-04-23T14:05:00+00:00,3204.4606880620163,3291.9266238759674,-952.898743999991,99.50695734800001,0,2024-04-23T20:16:13.973149+00:00,3202.7978000000003,stop_loss,-1052.405701347991,6.0674831225474675
2024-04-23T22:07:15.008858+00:00,3219.2088,31.060000000000002,2024-04-23T22:00:00+00:00,3206.4379214458545,3244.7505571082906,-455.3978374999933,99.76092640925,0,2024-04-23T23:04:10.725015+00:00,3204.546925,stop_loss,-555.1587639092432,0.9488100435998704
2024-04-24T00:45:23.065006+00:00,3234.5664749999996,30.91,2024-04-24T00:40:00+00:00,3220.8140286857033,3262.0713676285923,-500.01484224997836,99.730442321125,0,2024-04-24T02:31:10.272560+00:00,3218.3900000000003,stop_loss,-599.7452845711034,1.763113209406535
2024-04-24T04:52:26.721058+00:00,3272.885625,30.55,2024-04-24T04:45:00+00:00,3244.562101990145,3329.5326710197096,-919.7940537499876,99.52675881687502,0,2024-04-24T08:17:25.821974+00:00,3242.7778000000003,stop_loss,-1019.3208125668626,3.416416921152009
2024-04-24T10:05:15.489771+00:00,3269.383875,30.580000000000002,2024-04-24T10:00:00+00:00,3251.8001375215476,3304.5513499569047,-674.5443429999937,99.640486726,0,2024-04-24T10:09:15.461762+00:00,3247.325525,stop_loss,-774.1848297259937,0.06665888640615675
2024-04-24T10:25:02.681405+00:00,3266.5324499999997,30.61,2024-04-24T10:20:00+00:00,3256.3875085950967,3286.8223328098056,-385.99898724998303,99.795558800875,0,2024-04-24T10:42:40.920741+00:00,3253.9222250000003,stop_loss,-485.794546050858,0.29395537111494274
2024-04-24T11:02:30.533269+00:00,3271.73505,30.560000000000002,2024-04-24T10:55:00+00:00,3262.411328192149,3290.382493615701,538.4503920000183,100.253448324,0,2024-04-24T12:08:58.046024+00:00,3289.3545000000004,fixed_target,438.19694367601824,1.1076424319876566
2024-04-24T12:10:02.677002+00:00,3293.2457999999997,30.36,2024-04-24T12:05:00+00:00,3279.9370742082638,3319.8632515834715,-456.4846109999918,99.75470018249999,0,2024-04-24T12:13:47.952652+00:00,3278.210075,stop_loss,-556.2393111824917,0.06257656945122612
2024-04-25T01:29:25.148333+00:00,3172.3854,31.52,2024-04-25T01:20:00+00:00,3161.911140204588,3193.3339195908247,-441.7646199999984,99.77270549800001,0,2024-04-25T01:41:32.859546+00:00,3158.370025,stop_loss,-541.5373254979984,0.2021420035759608
2024-04-25T12:20:11.569761+00:00,3135.316875,31.89,2024-04-25T12:15:00+00:00,3118.8336954703973,3168.2832340592054,-576.4524097499822,99.69702893887502,0,2024-04-25T12:41:05.610485+00:00,3117.2406000000005,stop_loss,-676.1494386888572,0.3483446455664105
2024-04-25T14:10:46.827538+00:00,3140.9697,31.830000000000002,2024-04-25T14:05:00+00:00,3120.6837901434174,3181.5415197131656,-717.1203510000016,99.6185053755,0,2024-04-25T14:35:15.849297+00:00,3118.44,stop_loss,-816.7388563755017,0.4080615997314453
2024-04-25T15:35:27.277877+00:00,3148.5735,31.76,2024-04-25T15:30:00+00:00,3129.5954816535195,3186.529536692961,1160.2928440000067,100.57884078200001,0,2024-04-25T21:16:02.404690+00:00,3185.10665,fixed_target,1059.7140032180066,5.676424114704132
2024-04-25T21:35:15.184640+00:00,3191.9952,31.32,2024-04-25T21:30:00+00:00,3178.9794778644186,3218.0266442711622,-480.271058999994,99.7331541345,0,2024-04-25T21:50:44.729764+00:00,3176.660875,stop_loss,-580.004213134494,0.2582069789038764
2024-04-26T02:16:51.530273+00:00,3163.130775,31.61,2024-04-26T02:10:00+00:00,3149.1979598512353,3190.9964052975297,-501.18287199999895,99.73597236175,0,2024-04-26T02:32:06.234351+00:00,3147.275575,stop_loss,-600.9188443617489,0.25408446609973906
2024-04-26T07:30:42.645191+00:00,3148.823625,31.75,2024-04-26T07:25:00+00:00,3137.1782576836713,3172.1143596326574,-425.19996874999526,99.76255010937501,0,2024-04-26T07:34:12.187712+00:00,3135.4315,stop_loss,-524.9625188593702,0.0582062558333079
2024-04-26T09:16:02.439623+00:00,3148.7735999999995,31.75,2024-04-26T09:10:00+00:00,3142.6721020714085,3160.9765958571816,-261.7676374999885,99.84267798124999,0,2024-04-26T10:26:02.865519+00:00,3140.52895,stop_loss,-361.6103154812385,1.1667849710914824
2024-04-26T17:35:07.178220+00:00,3138.9687,31.85,2024-04-26T17:30:00+00:00,3129.693188008242,3157.5197239835156,-351.4153824999969,99.80044540375,0,2024-04-26T17:41:36.390760+00:00,3127.93525,stop_loss,-451.2158279037469,0.10811459441979726
2024-04-26T17:55:01.957964+00:00,3147.7730999999994,31.76,2024-04-26T17:50:00+00:00,3138.7323867505156,3165.854526498967,-360.2250959999807,99.79316110799999,0,2024-04-26T19:41:16.286199+00:00,3136.431,stop_loss,-460.0182571079807,1.7706467319859398
2024-04-26T21:55:02.248430+00:00,3151.575,31.73,2024-04-26T21:50:00+00:00,3145.557166026379,3163.6106679472414,-252.17734799999891,99.873386076,0,2024-04-26T22:15:58.532700+00:00,3143.6274,stop_loss,-352.0507340759989,0.3489678527911504
2024-04-27T02:23:10.625180+00:00,3117.5079749999995,32.07,2024-04-27T02:15:00+00:00,3102.3276488403235,3147.8686273193516,927.4010617500273,100.442181289125,0,2024-04-27T13:41:57.546960+00:00,3146.4260000000004,fixed_target,826.9588804609024,11.313033827808168
2024-04-27T13:50:02.251678+00:00,3151.0247249999998,31.73,2024-04-27T13:45:00+00:00,3142.9287571454843,3167.2166607090307,-336.2023542499897,99.81391334712501,0,2024-04-27T15:38:15.788661+00:00,3140.429,stop_loss,-436.01626759711473,1.8037602730592093
2024-04-27T16:20:09.348020+00:00,3159.629025,31.64,2024-04-27T16:15:00+00:00,3148.7590171564757,3181.369040687049,-419.32492000000497,99.76099989100001,0,2024-04-27T16:28:48.596751+00:00,3146.376025,stop_loss,-519.085919891005,0.14423575858275095
2024-04-27T16:52:51.075753+00:00,3164.0312249999997,31.6,2024-04-27T16:45:00+00:00,3154.16088308057,3183.7719088388594,-366.81990999998396,99.799976755,0,2024-04-27T16:56:48.396835+00:00,3152.4230000000002,stop_loss,-466.61988675498395,0.06592252280977037
2024-04-27T17:14:06.398673+00:00,3167.733075,31.560000000000002,2024-04-27T17:05:00+00:00,3157.168648942536,3188.861927114928,619.2845219999951,100.28329810800001,0,2024-04-27T17:38:02.108407+00:00,3187.355525,fixed_target,519.0012238919951,0.3988082594341702
2024-04-27T17:40:02.040172+00:00,3206.6025,31.18,2024-04-27T17:35:00+00:00,3175.0026351397273,3269.8022297205453,1925.7547500000085,100.94474332499999,0,2024-04-27T18:02:20.025370+00:00,3268.3650000000002,fixed_target,1824.8100066750085,0.3716625549395879
2024-04-27T23:10:53.524504+00:00,3257.9781749999997,30.69,2024-04-27T23:05:00+00:00,3247.7408742289576,3278.452776542084,585.6411577500049,100.280170769625,0,2024-04-28T02:37:02.162820+00:00,3277.06065,fixed_target,485.36098698037995,3.4357328655984665
2024-04-28T02:40:02.051501+00:00,3282.94065,30.46,2024-04-28T02:35:00+00:00,3271.9061628153577,3305.0096243692847,641.3817515000128,100.31906307475,0,2024-04-28T02:51:14.450743+00:00,3303.9971750000004,fixed_target,541.0626884252628,0.18677756720119051
2024-04-28T05:53:02.424399+00:00,3318.55845,30.13,2024-04-28T05:45:00+00:00,3307.371370320285,3340.9326093594295,-393.5588132499916,99.791386691875,0,2024-04-28T08:42:44.796184+00:00,3305.4964250000003,stop_loss,-493.3501999418666,2.8284366069899667
2024-04-28T13:20:02.349275+00:00,3307.1527499999997,30.23,2024-04-28T13:15:00+00:00,3295.1038338738895,3331.2505822522203,691.7047220000064,100.32107999349999,0,2024-04-28T16:11:18.691706+00:00,3330.03415,fixed_target,591.3836420065064,2.854539564119445
2024-04-28T17:51:42.052832+00:00,3330.36435,30.02,2024-04-28T17:45:00+00:00,3322.182963629073,3346.7271227418532,-297.9605079999888,99.82855753300001,0,2024-04-28T18:12:41.705778+00:00,3320.43895,stop_loss,-397.78906553298884,0.34990359610981414
2024-04-29T20:00:03.046776+00:00,3188.2933499999995,31.36,2024-04-29T19:55:00+00:00,3173.113531866979,3218.6529862660404,-549.7259039999833,99.710016504,0,2024-04-29T21:11:22.527880+00:00,3170.763825,stop_loss,-649.4359205039833,1.1887447510825264
2024-04-29T22:20:02.634544+00:00,3193.0457249999995,31.310000000000002,2024-04-29T22:15:00+00:00,3179.4101396817287,3220.316895636541,810.7411400000216,100.37963221975001,0,2024-04-29T22:41:53.630119+00:00,3218.939725,fixed_target,710.3615077802716,0.364165437552664
2024-04-29T22:52:02.803517+00:00,3222.0602249999997,31.03,2024-04-29T22:45:00+00:00,3209.693127182527,3246.7944206349453,-462.80003799998786,99.74912876275,0,2024-04-30T00:04:51.470142+00:00,3207.145625,stop_loss,-562.5491667627379,1.2135185068845749
2024-04-30T00:53:20.102454+00:00,3246.6225,30.8,2024-04-30T00:45:00+00:00,3221.9468858431655,3295.9737283136687,-818.7664099999878,99.58658979500001,0,2024-04-30T01:32:51.804153+00:00,3220.0391750000003,stop_loss,-918.3529997949878,0.6588060275051328
2024-05-01T03:57:29.072757+00:00,3008.3034000000002,33.24,2024-05-01T03:50:00+00:00,2998.6014078178946,3027.7073843642115,-379.0224239999965,99.80649380400001,0,2024-05-01T05:12:09.732776+00:00,2996.9008000000003,stop_loss,-478.8289178039965,1.2446277830335828
2024-05-01T12:10:43.592578+00:00,2919.6591,34.25,2024-05-01T12:05:00+00:00,2899.7250088394776,2959.5272823210444,-733.2565375000001,99.63169590625,0,2024-05-01T13:28:24.561292+00:00,2898.25015,stop_loss,-832.8882334062502,1.2947135316663319
2024-05-01T16:30:25.381485+00:00,2911.455,34.34,2024-05-01T16:25:00+00:00,2887.541070158688,2959.282859682624,-879.0576409999812,99.53983587950002,0,2024-05-01T16:45:45.455808+00:00,2885.8563500000005,stop_loss,-978.5974768794813,0.2555762008163664
2024-05-01T17:51:36.283721+00:00,2913.4559999999997,34.32,2024-05-01T17:45:00+00:00,2899.429367501376,2941.509264997247,949.7270640000182,100.464673452,0,2024-05-01T18:02:41.891715+00:00,2941.1287,fixed_target,849.2623905480182,0.18489110946655274
2024-05-01T18:05:03.815754+00:00,2967.4829999999997,33.69,2024-05-01T18:00:00+00:00,2918.697420937672,3065.054158124655,-1699.3994024999865,99.12480256875,0,2024-05-01T19:34:42.167854+00:00,2917.04075,stop_loss,-1798.5242050687366,1.4939866944816378
2024-05-01T21:27:02.355780+00:00,2967.78315,33.69,2024-05-01T21:20:00+00:00,2940.938694331305,3021.47206133739,-968.7020460000018,99.50026330050001,0,2024-05-02T01:31:35.398434+00:00,2939.02975,stop_loss,-1068.2023093005018,4.075845181677076
2024-05-02T03:27:31.836070+00:00,2935.8171749999997,34.06,2024-05-02T03:20:00+00:00,2923.7418633241446,2959.96779835171,-462.5015914999846,99.76268218475,0,2024-05-02T03:45:57.894216+00:00,2922.23815,stop_loss,-562.2642736847346,0.30723837388886344
2024-05-02T07:10:23.991869+00:00,2930.8647,34.11,2024-05-02T07:05:00+00:00,2916.499193711251,2959.5957125774985,943.3222829999964,100.4434560585,0,2024-05-02T10:49:25.195915+00:00,2958.52,fixed_target,842.8788269414964,3.6503344572252696
2024-05-02T10:55:32.140099+00:00,2961.48,33.76,2024-05-02T10:50:00+00:00,2949.960896658091,2984.5182066838183,743.6484000000048,100.351389,0,2024-05-02T11:02:08.914673+00:00,2983.5075,fixed_target,643.2970110000048,0.11021515945593516
2024-05-02T14:40:01.508632+00:00,2993.4959999999996,33.4,2024-05-02T14:35:00+00:00,2972.4133114675783,3035.6613770648423,-759.2529749999846,99.60313991249998,0,2024-05-02T18:21:11.272503+00:00,2970.763875,stop_loss,-858.8561149124846,3.686045519709587
2024-05-02T21:40:01.150572+00:00,3016.5074999999997,33.15,2024-05-02T21:35:00+00:00,2994.6541858148594,3060.2141283702804,-785.8091474999741,99.60431905125,0,2024-05-02T21:48:34.455866+00:00,2992.8028500000005,stop_loss,-885.413466551224,0.14258480389912923
2024-05-03T01:10:56.613136+00:00,3002.150325,33.3,2024-05-03T01:05:00+00:00,2985.072828107967,3036.3053187840665,1123.2414675000132,100.53322655625,0,2024-05-03T02:15:57.172536+00:00,3035.8813000000005,fixed_target,1022.7082409437631,1.083488722178671
2024-05-03T12:35:04.035720+00:00,3019.7090999999996,33.11,2024-05-03T12:30:00+00:00,2974.2546340171716,3110.6180319656555,2971.139094000016,101.468137848,0,2024-05-03T20:30:25.355037+00:00,3109.4445,fixed_target,2869.670956152016,7.922588699128893
2024-05-03T20:36:02.317590+00:00,3113.556,32.11,2024-05-03T20:30:00+00:00,3096.2933533054893,3148.0812933890215,-607.0106510000064,99.6727778345,0,2024-05-03T21:35:58.276384+00:00,3094.6519,stop_loss,-706.6834288345065,0.9988774428102705
2024-05-04T00:40:00.455316+00:00,3121.56,32.03,2024-05-04T00:35:00+00:00,3105.9025300384164,3152.874939923167,-551.3307884999884,99.70790140575002,0,2024-05-04T01:54:55.606482+00:00,3104.3470500000003,stop_loss,-651.0386899057385,1.248653101656172
2024-05-04T03:27:01.857817+00:00,3114.45645,32.1,2024-05-04T03:20:00+00:00,3105.2095653070683,3132.950219385864,-363.01248000000794,99.792545805,0,2024-05-04T03:37:28.734346+00:00,3103.14765,stop_loss,-462.805025805008,0.17413236916065217
2024-05-04T04:05:17.040897+00:00,3125.111775,31.990000000000002,2024-05-04T04:00:00+00:00,3109.0538459582312,3157.227633083537,-581.1311397499852,99.681760112375,0,2024-05-04T04:20:53.581400+00:00,3106.9457500000003,stop_loss,-680.8128998623602,0.26015013972918194
2024-05-04T08:47:58.408815+00:00,3112.705575,32.12,2024-05-04T08:40:00+00:00,3103.7894613799117,3130.5378022401765,-359.972051999988,99.800117043,0,2024-05-04T09:37:10.812406+00:00,3101.4984750000003,stop_loss,-459.772169042988,0.8201121086544461
2024-05-04T10:37:27.606117+00:00,3118.5584999999996,32.06,2024-05-04T10:30:00+00:00,3105.0746242736486,3145.5262514527017,843.7638965000174,100.40286745825,0,2024-05-04T10:48:56.581313+00:00,3144.876775,fixed_target,743.3610290417673,0.19138199885686238
2024-05-04T10:51:35.891669+00:00,3148.9236749999995,31.75,2024-05-04T10:45:00+00:00,3118.1624530342065,3210.4461189315857,-1044.018581249982,99.456317390625,0,2024-05-04T13:38:12.184504+00:00,3116.0412,stop_loss,-1143.4748986406069,2.776748009721438
2024-05-04T19:55:11.104827+00:00,3139.1688,31.85,2024-05-04T19:50:00+00:00,3126.4947165907424,3164.516966818515,-461.24931124998704,99.75190162437501,0,2024-05-04T21:03:11.424544+00:00,3124.6868750000003,stop_loss,-561.0012128743621,1.1334221436580023
2024-05-05T00:26:49.474332+00:00,3126.5625,31.98,2024-05-05T00:20:00+00:00,3117.7671616004527,3144.1531767990946,-354.0513794999916,99.81044306025001,0,2024-05-05T00:31:03.717226+00:00,3115.4914750000003,stop_loss,-453.8618225602416,0.0706230260928472
2024-05-05T04:27:58.173662+00:00,3095.3469,32.3,2024-05-05T04:20:00+00:00,3088.9425628325,3108.1555743350004,-262.96318249999837,99.84822327875,0,2024-05-05T04:46:59.656645+00:00,3087.205625,stop_loss,-362.8114057787484,0.3170786064200931
2024-05-05T07:15:19.924585+00:00,3101.3499,32.24,2024-05-05T07:10:00+00:00,3092.7361271888685,3118.5774456222634,510.7049740000007,100.242873263,0,2024-05-05T08:21:20.522740+00:00,3117.190625,fixed_target,410.4621007370007,1.100166154106458
2024-05-05T08:25:57.850543+00:00,3123.5609999999997,32.01,2024-05-05T08:20:00+00:00,3110.495136177197,3149.6927276456054,795.8966400000155,100.38313593,0,2024-05-05T08:44:25.571374+00:00,3148.425,fixed_target,695.5135040700155,0.30770023081037734
2024-05-05T08:46:19.436591+00:00,3152.225325,31.720000000000002,2024-05-05T08:40:00+00:00,3124.434071011075,3207.8078329778496,-936.927913999994,99.52012335200001,0,2024-05-05T21:11:10.883318+00:00,3122.687875,stop_loss,-1036.448037351994,12.414290757510397
2024-05-05T23:27:02.894775+00:00,3145.47195,31.79,2024-05-05T23:20:00+00:00,3134.078852084952,3168.2581458300965,-412.9195152499922,99.78809353287501,0,2024-05-06T02:58:26.757111+00:00,3132.4829750000004,stop_loss,-512.7076087828672,3.523295093377431
2024-05-06T04:55:02.664750+00:00,3145.5719999999997,31.79,2024-05-06T04:50:00+00:00,3136.4671609654456,3163.781678069108,535.5343400000146,100.26550104999998,0,2024-05-06T05:35:40.308806+00:00,3162.418,fixed_target,435.2688389500146,0.677123348845376
2024-05-06T05:45:01.503164+00:00,3169.7841,31.54,2024-05-06T05:40:00+00:00,3158.403910801724,3192.5444783965513,672.4186070000051,100.31119981750001,0,2024-05-06T06:17:10.785149+00:00,3191.10365,fixed_target,572.1074071825051,0.5359116625123553
2024-05-06T08:25:52.204038+00:00,3218.358375,31.07,2024-05-06T08:20:00+00:00,3182.2220661542533,3290.630992691493,-1180.6398044999873,99.40407480900001,0,2024-05-06T10:31:02.852667+00:00,3180.359025,stop_loss,-1280.0438793089875,2.086291285885705
2024-05-07T00:46:30.888792+00:00,3084.1413,32.42,2024-05-07T00:40:00+00:00,3070.504911559947,3111.4140768801058,-508.225645999988,99.733748123,0,2024-05-07T00:56:50.737069+00:00,3068.465,stop_loss,-607.959394122988,0.17218007690376705
2024-05-07T01:46:31.652818+00:00,3093.195825,32.32,2024-05-07T01:40:00+00:00,3080.478181130752,3118.631112738495,-473.03147999998345,99.735573324,0,2024-05-07T03:13:48.347801+00:00,3078.5599500000003,stop_loss,-572.7670533239834,1.4546374952793122
2024-05-07T07:20:08.832804+00:00,3081.9902249999996,32.44,2024-05-07T07:15:00+00:00,3070.6661521077776,3104.6383707844434,692.8316230000277,100.32617871049999,0,2024-05-07T08:22:30.336483+00:00,3103.3475500000004,fixed_target,592.5054442895276,1.0393065775103039
2024-05-07T08:27:35.801358+00:00,3113.5059749999996,32.11,2024-05-07T08:20:00+00:00,3084.5738865542125,3171.3701518915736,-980.9035047499855,99.484225104875,0,2024-05-07T11:40:00.104054+00:00,3082.95775,stop_loss,-1080.3877298548605,3.2067507488860025
2024-05-07T14:55:11.619943+00:00,3083.4409499999997,32.43,2024-05-07T14:50:00+00:00,3063.4106189724457,3123.5016120551077,-728.7734459999904,99.6316032855,0,2024-05-07T16:31:15.315176+00:00,3060.96875,stop_loss,-828.4050492854903,1.601026453640726
2024-05-08T01:49:02.292616+00:00,3031.3149,32.980000000000004,2024-05-08T01:40:00+00:00,3022.59385443129,3048.75699113742,-338.9082514999839,99.80331127625001,0,2024-05-08T03:21:13.952771+00:00,3021.0387250000003,stop_loss,-438.7115627762339,1.5365722652938631
2024-05-08T03:45:37.228391+00:00,3040.369425,32.89,2024-05-08T03:40:00+00:00,3027.152109910182,3066.8040551796357,-486.2120477499876,99.754644364375,0,2024-05-08T04:31:10.052775+00:00,3025.5864500000002,stop_loss,-585.9666921143626,0.7591178844372432
2024-05-08T13:30:39.945185+00:00,3012.4554749999998,33.19,2024-05-08T13:25:00+00:00,3003.404905297387,3030.5566144052254,-365.3206704999987,99.80073687999999,0,2024-05-08T13:32:45.552186+00:00,3001.448525,stop_loss,-465.1214073799987,0.03489083362950219
2024-05-08T13:50:26.583902+00:00,3016.5074999999997,33.15,2024-05-08T13:45:00+00:00,3004.376087831087,3040.7703243378255,-459.44491124998325,99.767501169375,0,2024-05-08T15:12:50.192886+00:00,3002.647925,stop_loss,-559.2124124193582,1.3732247178422081
2024-05-08T18:22:10.488191+00:00,3022.81065,33.08,2024-05-08T18:15:00+00:00,3014.320518750212,3039.7909124995754,-331.38882399998755,99.82888188999999,0,2024-05-08T18:35:08.148233+00:00,3012.7928500000003,stop_loss,-431.21770588998754,0.21601667834652793
2024-05-09T00:39:25.484054+00:00,2990.2944,33.44,2024-05-09T00:30:00+00:00,2977.3162307070425,3016.2507385859158,-485.98435600000596,99.752452558,0,2024-05-09T07:52:38.096161+00:00,2975.761375,stop_loss,-585.7368085580059,7.220170029666689
2024-05-09T15:10:09.500080+00:00,3005.652075,33.27,2024-05-09T15:05:00+00:00,2985.0168103869637,3046.9226042260725,1358.211984750005,100.67715052762502,0,2024-05-09T22:43:42.135925+00:00,3046.476,fixed_target,1257.5348342223801,7.559065512484974
2024-05-09T22:46:02.918708+00:00,3049.82415,32.78,2024-05-09T22:40:00+00:00,3029.4914559744175,3090.489538051165,-717.5173225000033,99.61447697575,0,2024-05-09T23:35:40.388583+00:00,3027.935275,stop_loss,-817.1317994757533,0.8270749652385712
2024-05-10T01:45:58.421200+00:00,3035.517,32.94,2024-05-10T01:40:00+00:00,3029.918928683646,3046.713142632708,-249.74202150000016,99.86505896924999,0,2024-05-10T02:38:18.860673+00:00,3027.935275,stop_loss,-349.60708046925015,0.872344298031595
2024-05-10T04:25:11.330196+00:00,3033.5159999999996,32.96,2024-05-10T04:20:00+00:00,3028.4157148979884,3043.716570204022,-218.53139199997196,99.87542166400002,0,2024-05-10T05:10:27.865586+00:00,3026.8858000000005,stop_loss,-318.406813663972,0.7545931639273962
2024-05-10T06:15:02.310654+00:00,3040.5195,32.88,2024-05-10T06:10:00+00:00,3032.1847703196327,3057.1889593607343,-343.1126639999883,99.800724828,0,2024-05-10T06:31:34.988332+00:00,3030.0842000000002,stop_loss,-442.9133888279883,0.2757437994745043
2024-05-10T06:56:15.612925+00:00,3051.3249,32.77,2024-05-10T06:50:00+00:00,3037.5826065246865,3078.809486950627,-525.738940999994,99.72904750250001,0,2024-05-10T08:10:28.996801+00:00,3035.2816000000003,stop_loss,-625.4679885024941,1.2370510766241285
2024-05-10T11:55:22.579621+00:00,3036.3174,32.93,2024-05-10T11:50:00+00:00,3029.829602333971,3049.292995332058,-279.31472974999656,99.846274617125,0,2024-05-10T12:44:12.406916+00:00,3027.835325,stop_loss,-379.16100436712156,0.8138409152295855
2024-05-11T01:10:58.280941+00:00,2927.7131249999998,34.15,2024-05-11T01:05:00+00:00,2916.7505544339447,2949.63826613211,-441.2606874999801,99.760772875,0,2024-05-11T02:07:09.525685+00:00,2914.7918750000003,stop_loss,-541.0214603749802,0.9364568733506733
2024-05-11T05:22:02.145251+00:00,2921.3099249999996,34.230000000000004,2024-05-11T05:15:00+00:00,2916.1081228502585,2931.7135292994817,-231.66607274997247,99.88060569637503,0,2024-05-11T05:44:29.069825+00:00,2914.5420000000004,stop_loss,-331.5466784463475,0.3741457149717543
2024-05-11T06:31:16.948860+00:00,2926.8627,34.160000000000004,2024-05-11T06:25:00+00:00,2920.8388570021275,2938.9103859957454,-311.6177679999999,99.82582094800001,0,2024-05-11T06:42:10.785695+00:00,2917.7404,stop_loss,-411.4435889479999,0.18162134309609732
2024-05-11T13:57:39.331552+00:00,2915.2569,34.300000000000004,2024-05-11T13:50:00+00:00,2908.1873441101434,2929.396011779713,-298.7838699999857,99.84391973500001,0,2024-05-11T14:21:02.424505+00:00,2906.5460000000003,stop_loss,-398.62778973498575,0.38974804249074724
2024-05-11T15:15:07.022319+00:00,2925.612075,34.18,2024-05-11T15:10:00+00:00,2908.484075734621,2959.868073530758,-646.554006999985,99.67414372,0,2024-05-11T23:40:43.456211+00:00,2906.6959250000004,stop_loss,-746.2281507199849,8.426787192225456
2024-05-12T00:20:36.400133+00:00,2923.461,34.2,2024-05-12T00:15:00+00:00,2915.5127081235746,2939.35758375285,-322.1212499999938,99.821305575,0,2024-05-12T01:24:02.758044+00:00,2914.04225,stop_loss,-421.9425555749938,1.057321641974979
2024-05-12T04:15:17.624724+00:00,2928.8637,34.14,2024-05-12T04:10:00+00:00,2922.497326839462,2941.5964463210757,-270.5560859999838,99.85612867500001,0,2024-05-12T06:21:02.329736+00:00,2920.9388000000004,stop_loss,-370.41221467498383,2.0957513922452926
2024-05-12T10:15:36.999467+00:00,2928.213375,34.15,2024-05-12T10:10:00+00:00,2917.040573906643,2950.558977186713,726.0682725000092,100.36152089249998,0,2024-05-12T16:16:45.037181+00:00,2949.474525,fixed_target,625.7067516075092,6.018899365001254
2024-05-12T16:21:29.948785+00:00,2954.8767,33.84,2024-05-12T16:15:00+00:00,2940.084425913531,2984.4612481729373,-553.1723279999866,99.71644136400002,0,2024-05-12T16:41:03.395653+00:00,2938.53,stop_loss,-652.8887693639866,0.32595746331744724
2024-05-13T00:30:10.512459+00:00,2942.2704,33.980000000000004,2024-05-13T00:25:00+00:00,2934.001768736096,2958.8076625278077,-330.8768519999839,99.81290976600002,0,2024-05-13T00:40:15.375888+00:00,2932.5330000000004,stop_loss,-430.6897617659839,0.16801761918597752
2024-05-13T05:15:01.860587+00:00,2895.597075,34.53,2024-05-13T05:10:00+00:00,2885.6782174572054,2915.4347900855896,-401.9214307500035,99.78400628437501,0,2024-05-13T05:36:58.477277+00:00,2883.9573,stop_loss,-501.7054370343785,0.36572685837745667
2024-05-13T06:45:07.736997+00:00,2918.4084749999997,34.26,2024-05-13T06:40:00+00:00,2893.7397502545073,2967.7459244909846,1660.1488110000046,100.814748759,0,2024-05-13T08:01:06.088184+00:00,2966.865825,fixed_target,1559.3340622410046,1.2662086631192102
2024-05-13T08:17:03.058471+00:00,2975.8872,33.6,2024-05-13T08:10:00+00:00,2962.4345280256284,3002.7925439487435,-514.6923599999994,99.73246374000001,0,2024-05-13T10:32:30.628581+00:00,2960.568975,stop_loss,-614.4248237399995,2.257658363911841
2024-05-13T12:32:06.195946+00:00,2974.8867,33.61,2024-05-13T12:25:00+00:00,2961.4762464372716,3001.707607125457,-516.4915919999894,99.727696191,0,2024-05-13T12:47:45.235462+00:00,2959.5195000000003,stop_loss,-616.2192881909893,0.2608443099922604
2024-05-13T13:11:38.287885+00:00,2973.486,33.63,2024-05-13T13:05:00+00:00,2966.118022447021,2988.221955105958,-299.94681074998965,99.84836077462501,0,2024-05-13T13:38:17.639750+00:00,2964.566975,stop_loss,-399.79517152461466,0.4442644069592158
2024-05-13T16:25:58.748025+00:00,2975.036775,33.61,2024-05-13T16:20:00+00:00,2960.199918965799,3004.710487068402,-573.6050649999968,99.70418347525,0,2024-05-13T17:06:42.503921+00:00,2957.970275,stop_loss,-673.3092484752468,0.6788210822476282
2024-05-13T19:11:32.528068+00:00,2953.4759999999997,33.85,2024-05-13T19:05:00+00:00,2944.170512844612,2972.086974310775,-412.88114374997576,99.76872202812501,0,2024-05-13T22:26:03.260452+00:00,2941.2786250000004,stop_loss,-512.6498657781008,3.241870106657346
2024-05-14T00:36:16.656039+00:00,2957.7281249999996,33.8,2024-05-14T00:30:00+00:00,2949.6014524171387,2973.9814701657215,-361.7402749999794,99.7903404875,0,2024-05-14T00:44:58.746648+00:00,2947.0257500000002,stop_loss,-461.5306154874794,0.1450251691871219
2024-05-14T01:16:35.940162+00:00,2958.4784999999997,33.8,2024-05-14T01:10:00+00:00,2948.7707576266293,2977.8939847467404,-419.1968949999818,99.78697485250001,0,2024-05-14T01:43:41.516443+00:00,2946.0762250000002,stop_loss,-518.9838698524818,0.4515489669640859
2024-05-14T12:19:23.077610+00:00,2921.8602,34.22,2024-05-14T12:10:00+00:00,2909.3575879229925,2946.8654241540153,-522.3417794999964,99.72488515424999,0,2024-05-14T12:28:03.253225+00:00,2906.595975,stop_loss,-622.0666646542463,0.14449322640895843
2024-05-14T14:31:18.541853+00:00,2919.8592,34.24,2024-05-14T14:25:00+00:00,2887.050223838315,2985.4771523233694,-1172.8133039999786,99.38957235600002,0,2024-05-14T14:45:20.076441+00:00,2885.6064750000005,stop_loss,-1272.2028763559786,0.23375960780514612
2024-05-15T00:30:03.044972+00:00,2893.446,34.56,2024-05-15T00:25:00+00:00,2886.8336820504264,2906.670635899147,-295.1138879999961,99.849936816,0,2024-05-15T00:36:03.161638+00:00,2884.906825,stop_loss,-394.9638248159961,0.10003240724404652
2024-05-15T03:10:09.776860+00:00,2895.9472499999997,34.53,2024-05-15T03:05:00+00:00,2889.5424089991857,2908.756932001628,400.487572500016,100.19730232875,0,2024-05-15T05:10:52.396094+00:00,2907.5455,fixed_target,300.290270171266,2.011838676134745
2024-05-15T07:55:42.188720+00:00,2921.109825,34.230000000000004,2024-05-15T07:50:00+00:00,2912.4947688563843,2938.3399372872314,-353.11496849998986,99.81303182550002,0,2024-05-15T08:05:14.185161+00:00,2910.7938750000003,stop_loss,-452.92800032548985,0.1588879003127416
2024-05-15T09:45:15.797207+00:00,2917.2579,34.27,2024-05-15T09:40:00+00:00,2901.629823856299,2948.514052287402,-586.3151489999922,99.68127065850001,0,2024-05-15T11:12:28.283993+00:00,2900.1492000000003,stop_loss,-685.9964196584922,1.4534685516357422
2024-05-15T13:30:12.300707+00:00,2977.488,33.58,2024-05-15T13:25:00+00:00,2944.918942380922,3042.6261152381553,-1173.9567999999858,99.39706864,0,2024-05-15T13:56:27.092997+00:00,2942.5280000000002,stop_loss,-1273.3538686399859,0.4374423027700848
2024-05-15T15:31:32.088938+00:00,2992.2954,33.410000000000004,2024-05-15T15:25:00+00:00,2979.110329157498,3018.6655416850035,-490.62417949999485,99.72727722425002,0,2024-05-15T15:41:33.724305+00:00,2977.61045,stop_loss,-590.3514567242448,0.1671209352546268
2024-05-15T17:33:03.320664+00:00,2986.342425,33.480000000000004,2024-05-15T17:25:00+00:00,2977.2231203256747,3004.58103434865,574.3519110000042,100.26992034450001,0,2024-05-15T18:26:24.961305+00:00,3003.4975,fixed_target,474.08199065550417,0.8893446224927902
2024-05-15T19:26:55.168077+00:00,3013.60605,33.18,2024-05-15T19:20:00+00:00,2999.198137113228,3042.421875773544,-562.5710474999834,99.71016321525,0,2024-05-16T02:57:22.909201+00:00,2996.6509250000004,stop_loss,-662.2812107152333,7.507705867754089
2024-05-17T00:16:03.124449+00:00,2950.524525,33.89,2024-05-17T00:10:00+00:00,2943.816525605289,2963.9405237894216,-337.05468949998163,99.8247488075,0,2024-05-17T01:12:59.133173+00:00,2940.5789750000004,stop_loss,-436.8794383074816,0.9488913122150633
2024-05-17T06:40:02.032924+00:00,2953.125825,33.86,2024-05-17T06:35:00+00:00,2943.210330496026,2972.956814007948,625.990982500007,100.30583592575002,0,2024-05-17T07:09:07.071850+00:00,2971.6134500000003,fixed_target,525.685146574257,0.4847330350346035
2024-05-17T07:10:03.162565+00:00,2977.488,33.58,2024-05-17T07:05:00+00:00,2962.1984036015006,3008.0671927969984,980.8012820000113,100.474447681,0,2024-05-17T07:15:33.801035+00:00,3006.6959,fixed_target,880.3268343190113,0.09184401942623986
2024-05-17T07:20:58.968735+00:00,3019.759125,33.11,2024-05-17T07:15:00+00:00,2977.6527259003756,3103.971923199249,2765.9580795,101.3672036685,0,2024-05-17T15:29:04.865474+00:00,3103.297575,fixed_target,2664.5908758315,8.134971316390567
2024-05-17T16:01:15.743323+00:00,3118.9587,32.06,2024-05-17T15:55:00+00:00,3103.26954809787,3150.3370038042603,-553.3660194999917,99.71713291225002,0,2024-05-17T16:20:17.056954+00:00,3101.6983750000004,stop_loss,-653.0831524122417,0.317031564116478
2024-05-17T21:31:02.373212+00:00,3095.797125,32.3,2024-05-17T21:25:00+00:00,3089.8006532608715,3107.790068478257,-261.3635250000015,99.863565375,0,2024-05-17T21:37:02.869057+00:00,3087.705375,stop_loss,-361.2270903750015,0.1001377346780565
2024-05-17T23:40:58.600726+00:00,3096.2973749999996,32.29,2024-05-17T23:35:00+00:00,3091.82452721187,3105.2430705762586,-209.66058449998658,99.87461194649998,0,2024-05-17T23:42:59.060676+00:00,3089.804325,stop_loss,-309.53519644648657,0.033461097280184426
2024-05-18T00:50:02.893521+00:00,3098.9487,32.26,2024-05-18T00:45:00+00:00,3090.289704103224,3116.266691793552,-336.9145684999881,99.80362777775,0,2024-05-18T01:19:32.432273+00:00,3088.5049750000003,stop_loss,-436.7181962777381,0.4915385421779421
2024-05-18T03:10:36.216785+00:00,3110.5544999999997,32.14,2024-05-18T03:05:00+00:00,3100.3776900495022,3130.9081199009947,-430.79973899999015,99.75782176050001,0,2024-05-18T05:45:39.069677+00:00,3097.15065,stop_loss,-530.5575607604901,2.5841258033778933
2024-05-18T08:11:45.468622+00:00,3112.5555,32.12,2024-05-18T08:05:00+00:00,3102.944405859678,3131.7776882806434,574.2574200000082,100.26241137,0,2024-05-18T10:19:22.245051+00:00,3130.434,fixed_target,473.9950086300082,2.1268823413716422
2024-05-18T10:20:19.700016+00:00,3140.9196749999996,31.830000000000002,2024-05-18T10:15:00+00:00,3124.693342071874,3173.3723408562505,-569.1832642499932,99.690881623125,0,2024-05-18T12:18:14.688750+00:00,3123.0377,stop_loss,-668.8741458731181,1.965274648335245
2024-05-18T19:56:20.220006+00:00,3122.8106249999996,32.02,2024-05-18T19:50:00+00:00,3115.4842232408205,3137.463428518358,-299.9673624999843,99.84241253125,0,2024-05-18T20:09:25.245057+00:00,3113.4425,stop_loss,-399.80977503123427,0.21806251419915093
2024-05-18T20:40:45.308777+00:00,3126.5625,31.98,2024-05-18T20:35:00+00:00,3119.601873482892,3140.4837530342156,-320.4891689999979,99.82722416550001,0,2024-05-18T21:02:02.352153+00:00,3116.54095,stop_loss,-420.3163931654979,0.3547342711024814
2024-05-19T02:14:41.223745+00:00,3124.86165,32.0,2024-05-19T02:05:00+00:00,3118.023414642823,3138.5381207143537,-269.4607999999862,99.8608424,0,2024-05-19T04:23:51.767844+00:00,3116.4410000000003,stop_loss,-369.3216423999862,2.152928916348351
2024-05-20T04:35:03.285475+00:00,3108.9537,32.160000000000004,2024-05-20T04:30:00+00:00,3091.5567699568674,3143.7475600862654,-625.487075999995,99.67120745400001,0,2024-05-20T06:52:26.228548+00:00,3089.504475,stop_loss,-725.158283453995,2.2897064091761905
2024-05-20T10:46:02.519938+00:00,3112.105275,32.13,2024-05-20T10:40:00+00:00,3103.7448691640293,3128.826086671941,-329.5566067499931,99.82716418237501,0,2024-05-20T10:58:33.565740+00:00,3101.8483,stop_loss,-429.38377093236807,0.20862383392122058
2024-05-20T15:21:30.167877+00:00,3107.302875,32.18,2024-05-20T15:15:00+00:00,3090.090865000693,3141.7268949986133,1083.6888530000172,100.534850944,0,2024-05-20T16:40:17.001165+00:00,3140.9787250000004,fixed_target,983.1540020560171,1.3130092466539807
2024-05-20T16:45:02.050731+00:00,3145.3719,31.79,2024-05-20T16:40:00+00:00,3126.2695204991533,3183.5766590016938,-659.165650000004,99.661789876,0,2024-05-20T17:01:46.032618+00:00,3124.6369,stop_loss,-758.8274398760041,0.27888385752836864
2024-05-20T19:30:02.560097+00:00,3356.5774499999998,29.79,2024-05-20T19:25:00+00:00,3181.527684157475,3706.676981685049,10374.939468000006,105.1799119695,0,2024-05-21T00:43:41.780685+00:00,3704.84665,fixed_target,10269.759556030505,5.227561274435785
2024-05-21T03:57:21.939578+00:00,3704.7014249999997,26.990000000000002,2024-05-21T03:50:00+00:00,3687.999388724548,3738.105497550903,-501.8898459999919,99.73894653775001,0,2024-05-21T04:06:38.598976+00:00,3686.106025,stop_loss,-601.6287925377419,0.15462761051124996
2024-05-21T06:28:10.808460+00:00,3681.2397,27.16,2024-05-21T06:20:00+00:00,3660.700257411436,3722.3185851771286,-623.8584099999932,99.670541047,0,2024-05-21T07:06:25.792342+00:00,3658.2699500000003,stop_loss,-723.5289510469933,0.637495522763994
2024-05-21T09:46:11.044954+00:00,3675.6869249999995,27.2,2024-05-21T09:40:00+00:00,3666.5022919285993,3694.0561911428,494.09412000001754,100.22573142,0,2024-05-21T10:10:10.239176+00:00,3693.85215,fixed_target,393.86838858001755,0.39977617277039423
2024-05-21T10:15:02.189321+00:00,3730.2141749999996,26.8,2024-05-21T10:10:00+00:00,3683.0375358113847,3824.5674533772294,2515.79171000001,101.227635745,0,2024-05-21T13:46:29.669261+00:00,3824.087,fixed_target,2414.56407425501,3.5242999833159976
2024-05-21T14:16:08.407895+00:00,3811.8049499999997,26.23,2024-05-21T14:10:00+00:00,3778.869419079573,3877.676011840853,-934.9414642499869,99.51617310637499,0,2024-05-21T14:45:17.165077+00:00,3776.1609750000002,stop_loss,-1034.4576373563618,0.4857658838563495
2024-05-21T22:05:03.000817+00:00,3769.0835999999995,26.53,2024-05-21T22:00:00+00:00,3748.6819791079292,3809.88684178414,1106.5676265000156,100.54707172125,0,2024-05-21T22:55:23.414960+00:00,3810.79365,fixed_target,1006.0205547787657,0.8390039285686282
2024-05-22T02:05:31.553962+00:00,3798.79845,26.32,2024-05-22T02:00:00+00:00,3786.036006078263,3824.323337843473,-419.5625139999915,99.774593947,0,2024-05-22T02:34:46.060074+00:00,3782.857625,stop_loss,-519.3371079469915,0.48736280891630385
2024-05-22T03:21:07.636586+00:00,3806.9024999999997,26.26,2024-05-22T03:15:00+00:00,3795.2014358064603,3830.3046283870785,-366.3250304999853,99.78609713475001,0,2024-05-22T03:36:26.040522+00:00,3792.9525750000003,stop_loss,-466.11112763473534,0.2551122044854694
2024-05-22T08:39:40.167981+00:00,3775.6368749999997,26.48,2024-05-22T08:30:00+00:00,3754.555395690114,3817.799833619771,-612.0607059999868,99.67283409699999,0,2024-05-22T09:03:33.859888+00:00,3752.5228,stop_loss,-711.7335400969868,0.3982477519909541
2024-05-22T14:51:56.239288+00:00,3741.76995,26.72,2024-05-22T14:45:00+00:00,3717.4862135980934,3790.337422803813,1259.4378480000112,100.60981198799999,0,2024-05-22T17:17:15.114036+00:00,3788.9046000000003,fixed_target,1158.8280360120111,2.4219096522198784
2024-05-22T20:15:10.581682+00:00,3756.8774999999996,26.61,2024-05-22T20:10:00+00:00,3738.813432050999,3793.005635898001,-611.9069287499871,99.664556810625,0,2024-05-22T20:34:33.591951+00:00,3733.882125,stop_loss,-711.571485560612,0.3230584080351724
2024-05-22T21:55:33.734622+00:00,3780.8894999999998,26.44,2024-05-22T21:50:00+00:00,3756.1187182196927,3830.431063560614,-706.4113609999886,99.6135126995,0,2024-05-22T22:32:02.356347+00:00,3754.171975,stop_loss,-806.0248736994886,0.6079504791895548
2024-05-23T00:15:17.704707+00:00,3756.8774999999996,26.61,2024-05-23T00:10:00+00:00,3743.1492029942337,3784.3340940115313,-416.42122049998756,99.76229966475,0,2024-05-23T01:11:05.173590+00:00,3741.22845,stop_loss,-516.1835201647375,0.9298524675104353
2024-05-23T03:55:04.405705+00:00,3778.8884999999996,26.46,2024-05-23T03:50:00+00:00,3767.5005969235553,3801.664306152888,-352.50607349998506,99.81313667325,0,2024-05-23T04:18:44.227670+00:00,3765.566275,stop_loss,-452.3192101732351,0.39439499027199215
2024-05-23T04:42:34.037136+00:00,3794.2961999999998,26.35,2024-05-23T04:35:00+00:00,3775.263380072116,3832.3618398557674,-555.5568124999943,99.70192646375,0,2024-05-23T05:18:07.144995+00:00,3773.21245,stop_loss,-655.2587389637442,0.5925299608045154
2024-05-23T06:50:02.933241+00:00,3789.7939499999998,26.38,2024-05-23T06:45:00+00:00,3771.0658907810357,3827.250068437928,944.2008740000138,100.44686483800001,0,2024-05-23T07:39:18.408460+00:00,3825.5862500000003,fixed_target,843.7540091620137,0.8209653386142519
2024-05-23T07:40:10.572554+00:00,3830.21415,26.1,2024-05-23T07:35:00+00:00,3788.9371615144346,3912.76812697113,2104.4286450000213,101.02080363750002,0,2024-05-23T11:52:19.135908+00:00,3910.8436000000006,fixed_target,2003.4078413625214,4.202378709382481
2024-05-23T12:00:10.393189+00:00,3923.1105749999997,25.48,2024-05-23T11:55:00+00:00,3885.281288887437,3998.7691472251254,-1020.5523509999836,99.45058127550001,0,2024-05-23T12:56:14.507347+00:00,3883.0575000000003,stop_loss,-1120.0029322754835,0.9344761550426484
2024-05-23T15:31:35.205483+00:00,3830.0140499999998,26.1,2024-05-23T15:25:00+00:00,3801.9304678880458,3886.181214223908,-796.4349749999835,99.56514921750001,0,2024-05-23T16:12:22.371924+00:00,3799.4993000000004,stop_loss,-896.0001242174835,0.6797684558232625
2024-05-23T21:10:27.160588+00:00,3884.3412,25.740000000000002,2024-05-23T21:05:00+00:00,3774.057608632589,4104.908382734821,-2929.917275999992,98.51798385000001,0,2024-05-23T21:16:22.924399+00:00,3770.5138,stop_loss,-3028.435259849992,0.09882328079806434
2024-05-24T00:43:31.311002+00:00,3812.9055,26.22,2024-05-24T00:35:00+00:00,3773.0740822921084,3892.5683354157827,-1099.7172734999901,99.42452357325001,0,2024-05-24T05:29:06.822851+00:00,3770.963575,stop_loss,-1199.1417970732402,4.759864402479596
2024-05-24T18:05:01.359615+00:00,3730.2642,26.8,2024-05-24T18:00:00+00:00,3706.886582844004,3777.0194343119924,1207.2649599999993,100.57471304,0,2024-05-25T04:46:17.776595+00:00,3775.3114,fixed_target,1106.6902469599993,10.687893605563376
2024-05-25T07:25:06.458173+00:00,3761.3797499999996,26.580000000000002,2024-05-25T07:20:00+00:00,3751.028456776143,3782.0823364477133,-325.7445449999801,99.81460148250002,0,2024-05-25T07:32:00.884574+00:00,3749.1245000000004,stop_loss,-425.5591464824802,0.11511844469441308
2024-05-25T09:31:02.016732+00:00,3755.5768499999995,26.62,2024-05-25T09:25:00+00:00,3742.635275431453,3781.4599991370924,-424.5251119999749,99.761193191,0,2024-05-25T11:56:48.739960+00:00,3739.6292500000004,stop_loss,-524.2863051909749,2.4296453411049312
2024-05-25T14:50:50.464896+00:00,3753.5258249999997,26.64,2024-05-25T14:45:00+00:00,3740.3071554957846,3779.96316400843,-443.4281279999861,99.77221391399999,0,2024-05-25T17:15:24.674536+00:00,3736.8806250000002,stop_loss,-543.2003419139861,2.4095026777850257
2024-05-25T18:56:53.472575+00:00,3762.2301749999997,26.57,2024-05-25T18:50:00+00:00,3751.5766976876857,3783.5371296246276,-346.88994899998494,99.78901077525,0,2024-05-25T20:20:48.716136+00:00,3749.1744750000003,stop_loss,-446.67895977523494,1.3986787669526206
2024-05-25T23:30:03.020761+00:00,3754.0260749999998,26.63,2024-05-25T23:25:00+00:00,3746.9465230363094,3768.1851789273805,-256.95819599998356,99.84123527925,0,2024-05-25T23:35:35.132248+00:00,3744.3768750000004,stop_loss,-356.79943127923354,0.09225319080882602
2024-05-26T01:16:03.987493+00:00,3757.8779999999997,26.61,2024-05-26T01:10:00+00:00,3748.203183178436,3777.227633643127,-339.3174149999839,99.8274748725,0,2024-05-26T02:20:46.078303+00:00,3745.1265000000003,stop_loss,-439.1448898724839,1.0783585583501392
2024-05-26T03:50:02.085642+00:00,3773.886,26.490000000000002,2024-05-26T03:45:00+00:00,3746.880339753199,3827.8973204936015,-773.7536947499923,99.58336329262502,0,2024-05-26T04:37:37.268340+00:00,3744.6767250000003,stop_loss,-873.3370580426173,0.7931063050031661
2024-05-26T06:00:13.488190+00:00,3764.0810999999994,26.560000000000002,2024-05-26T05:55:00+00:00,3754.919142469471,3782.4050150610565,-297.69709599997344,99.82514546800002,0,2024-05-26T06:37:01.840335+00:00,3752.8726250000004,stop_loss,-397.52224146797346,0.6134311513768302
2024-05-26T07:05:43.640138+00:00,3766.432275,26.55,2024-05-26T07:00:00+00:00,3757.3325554373137,3784.631714125373,442.7272237499988,100.22014051312502,0,2024-05-26T07:30:29.776847+00:00,3783.1075,fixed_target,342.50708323687377,0.4128157524930106
2024-05-26T07:35:31.613269+00:00,3795.246675,26.34,2024-05-26T07:30:00+00:00,3770.1778524287083,3845.384320142583,1305.9358830000074,100.61976536099999,0,2024-05-26T14:47:28.431892+00:00,3844.826625,fixed_target,1205.3161176390074,7.199116284118758
2024-05-26T14:52:50.216670+00:00,3849.82395,25.97,2024-05-26T14:45:00+00:00,3815.0122182263926,3919.4474135472146,1758.5923110000012,100.859224137,0,2024-05-27T02:18:54.838060+00:00,3917.54025,fixed_target,1657.7330868630013,11.43461705274052
2024-05-27T02:20:47.968349+00:00,3923.1105749999997,25.48,2024-05-27T02:15:00+00:00,3889.3497889472333,3990.6321471055326,-911.0431329999855,99.5053358845,0,2024-05-27T05:29:29.074827+00:00,3887.3553500000003,stop_loss,-1010.5484688844855,3.144751799437735
2024-05-27T08:17:22.160791+00:00,3931.4147249999996,25.43,2024-05-27T08:10:00+00:00,3916.1412075900407,3961.9617598199175,-441.78839674998125,99.75498225837501,0,2024-05-27T08:49:00.568066+00:00,3914.0420000000004,stop_loss,-541.5433790083563,0.5273353541559643
2024-05-27T12:55:00.201152+00:00,3910.804425,25.57,2024-05-27T12:50:00+00:00,3901.4788890318023,3929.455496936395,429.0850560000116,100.21381167525001,0,2024-05-27T13:08:58.128538+00:00,3927.5852250000003,fixed_target,328.8712443247616,0.23275760716862148
2024-05-27T13:19:50.256532+00:00,3933.966,25.41,2024-05-27T13:10:00+00:00,3914.151024314488,3973.5959513710236,-568.4922127499839,99.67782995362501,0,2024-05-27T13:32:31.048407+00:00,3911.5932250000005,stop_loss,-668.1700427036089,0.21133107642332713
2024-05-27T15:00:49.832147+00:00,3952.3251749999995,25.3,2024-05-27T14:55:00+00:00,3933.142197311413,3990.6911303771726,-551.3230524999857,99.71816540125,0,2024-05-27T15:27:49.524501+00:00,3930.53375,stop_loss,-651.0412179012357,0.44991454283396404
2024-05-27T15:40:57.836591+00:00,3976.9874999999997,25.14,2024-05-27T15:35:00+00:00,3938.944842567623,4053.0728148647536,-1019.5954379999908,99.471668031,0,2024-05-27T17:08:52.745269+00:00,3936.4308,stop_loss,-1119.0671060309908,1.4652524105707805
2024-05-28T08:15:30.400258+00:00,3866.83245,25.86,2024-05-28T08:10:00+00:00,3849.0200478041297,3902.45725439174,880.9499925000073,100.43676215325,0,2024-05-28T10:11:53.428667+00:00,3900.898575,fixed_target,780.5132303467573,1.9397301136122809
2024-05-28T10:15:58.608465+00:00,3926.3121749999996,25.46,2024-05-28T10:10:00+00:00,3887.669835282567,4003.596854434865,-1033.8287599999826,99.4469935955,0,2024-05-28T13:09:17.658409+00:00,3885.7061750000003,stop_loss,-1133.2757535954827,2.888624984489547
2024-05-29T01:10:05.792083+00:00,3856.3772249999997,25.93,2024-05-29T01:05:00+00:00,3849.85339067149,3869.424893657019,-230.82691524997952,99.880447986625,0,2024-05-29T01:14:02.589813+00:00,3847.4753000000005,stop_loss,-330.7073632366045,0.06577714721361796
2024-05-29T02:30:37.553429+00:00,3865.781925,25.86,2024-05-29T02:25:00+00:00,3843.6514359037883,3910.0429031924227,-627.199388999991,99.655520886,0,2024-05-29T07:08:47.295042+00:00,3841.528275,stop_loss,-726.854909885991,4.636039336986012
2024-05-30T02:29:45.274077+00:00,3791.2947,26.37,2024-05-30T02:20:00+00:00,3780.172287954876,3813.5395240902476,-347.68053899999455,99.80260096950002,0,2024-05-30T02:41:07.379174+00:00,3778.11,stop_loss,-447.4831399694946,0.18947363807095421
2024-05-30T03:40:28.714834+00:00,3791.8449749999995,26.37,2024-05-30T03:35:00+00:00,3781.8229834682606,3811.8889580634773,-327.92743124997793,99.826988275125,0,2024-05-30T04:56:26.499232+00:00,3779.4093500000004,stop_loss,-427.75441952510295,1.2660512216885884
2024-05-30T11:00:53.992778+00:00,3746.77245,26.68,2024-05-30T10:55:00+00:00,3738.1410124091453,3764.035325181709,-283.91388599998993,99.821932023,0,2024-05-30T11:51:14.039918+00:00,3736.1310000000003,stop_loss,-383.7358180229899,0.8389019833008449
2024-05-30T13:01:49.881604+00:00,3771.2346749999997,26.51,2024-05-30T12:55:00+00:00,3761.758483759523,3790.1870574809527,-302.62556774999706,99.82411845037501,0,2024-05-30T13:36:22.063888+00:00,3759.81915,stop_loss,-402.44968620037207,0.5756061900324292
2024-05-30T13:50:45.800198+00:00,3793.7959499999997,26.35,2024-05-30T13:45:00+00:00,3768.028731429453,3845.3303871410935,-746.4856187499842,99.59328047312502,0,2024-05-30T14:46:46.176973+00:00,3765.4663250000003,stop_loss,-846.0788992231091,0.933437993062867
2024-05-30T17:30:24.259098+00:00,3821.40975,26.16,2024-05-30T17:25:00+00:00,3791.89341854366,3880.442412912679,-854.2567619999913,99.54095067899999,0,2024-05-30T19:27:15.316749+00:00,3788.754675,stop_loss,-953.7977126789913,1.9475160141785939
2024-05-31T00:57:41.872536+00:00,3753.7759499999997,26.63,2024-05-31T00:50:00+00:00,3748.439730406547,3764.4483891869054,240.78047100000583,100.083443784,0,2024-05-31T01:04:33.824225+00:00,3762.81765,fixed_target,140.69702721600584,0.1144310247235828
2024-05-31T01:10:06.180578+00:00,3766.8824999999997,26.54,2024-05-31T01:05:00+00:00,3754.208091300819,3792.231317398361,-471.2973199999829,99.73741289,0,2024-05-31T01:17:09.822345+00:00,3749.1245000000004,stop_loss,-571.0347328899829,0.11767826861805386
2024-05-31T09:45:02.344359+00:00,3748.3732499999996,26.67,2024-05-31T09:40:00+00:00,3737.914111715249,3769.291526569501,526.5124725000159,100.23237081375001,0,2024-05-31T10:06:48.199705+00:00,3768.1150000000002,fixed_target,426.2801016862659,0.362737596101231
2024-05-31T10:13:19.656184+00:00,3778.2381749999995,26.46,2024-05-31T10:05:00+00:00,3748.280128491102,3838.1542680177945,1583.4146895000233,100.76388945525,0,2024-05-31T12:30:09.924135+00:00,3838.0800000000004,fixed_target,1482.6508000447734,2.2806299863921273
2024-05-31T18:15:42.939140+00:00,3780.8894999999998,26.44,2024-05-31T18:10:00+00:00,3769.502646873042,3803.663206253915,-360.2205429999806,99.78660810850002,0,2024-05-31T22:58:17.707939+00:00,3767.2654250000005,stop_loss,-460.00715110848057,4.709657999674479
