time,side,eth,price,fees,reason,signal_start,initial_stop,target
2024-04-01T05:32:22.935943+00:00,sell,27.86,3586.6058000000003,49.961418794000004,entry,2024-04-01T05:31:00+00:00,3593.705471418573,3483.6605644306974
2024-04-01T15:07:00.786767+00:00,buy,27.86,3482.990625,48.518059406249996,fixed_target,2024-04-01T05:31:00+00:00,3593.705471418573,3483.6605644306974
2024-04-01T15:09:17.881837+00:00,sell,28.89,3458.719775,49.961207149875,entry,2024-04-01T15:08:00+00:00,3486.1451731154543,3061.0515023259127
2024-04-01T15:28:10.978819+00:00,buy,28.89,3488.5434,50.392009413000004,stop_loss,2024-04-01T15:08:00+00:00,3486.1451731154543,3061.0515023259127
2024-04-01T15:55:20.502871+00:00,sell,28.92,3456.0711000000006,49.97478810600001,entry,2024-04-01T15:54:00+00:00,3478.269159429306,3134.199238275072
2024-04-01T19:53:24.260118+00:00,buy,28.92,3480.7394999999997,50.33149317,stop_loss,2024-04-01T15:54:00+00:00,3478.269159429306,3134.199238275072
2024-04-02T00:40:31.328191+00:00,sell,28.75,3476.261,49.971251875,entry,2024-04-02T00:39:00+00:00,3491.130185843465,3260.6578052697582
2024-04-02T00:52:08.593012+00:00,buy,28.75,3496.04715,50.25567778125,stop_loss,2024-04-02T00:39:00+00:00,3491.130185843465,3260.6578052697582
2024-04-02T02:29:19.291952+00:00,sell,29.03,3442.6778000000004,49.970468267000015,entry,2024-04-02T02:28:00+00:00,3467.186814174674,3087.2970944672325
2024-04-08T07:37:26.965240+00:00,buy,29.03,3472.285275,50.400220766625004,stop_loss,2024-04-02T02:28:00+00:00,3467.186814174674,3087.2970944672325
2024-04-09T00:27:03.148082+00:00,sell,27.060000000000002,3693.3524,49.97105797200001,entry,2024-04-09T00:26:00+00:00,3699.999363510558,3596.971429096913
2024-04-09T00:34:58.537201+00:00,buy,27.060000000000002,3706.3022249999995,50.146269104249996,stop_loss,2024-04-09T00:26:00+00:00,3699.999363510558,3596.971429096913
2024-04-09T01:06:11.135120+00:00,sell,27.1,3686.9556000000002,49.95824838000001,entry,2024-04-09T01:05:00+00:00,3695.49353567941,3563.1555326485604
2024-04-09T02:16:59.187630+00:00,buy,27.1,3697.497825,50.10109552875001,stop_loss,2024-04-09T01:05:00+00:00,3695.49353567941,3563.1555326485604
2024-04-09T03:41:11.788596+00:00,sell,27.060000000000002,3693.3524,49.97105797200001,entry,2024-04-09T03:40:00+00:00,3702.230968052098,3564.6131632445827
2024-04-09T04:48:02.861423+00:00,buy,27.060000000000002,3704.8014749999998,50.12596395675,stop_loss,2024-04-09T03:40:00+00:00,3702.230968052098,3564.6131632445827
2024-04-09T05:01:03.414873+00:00,sell,27.060000000000002,3693.4523500000005,49.97241029550001,entry,2024-04-09T05:00:00+00:00,3697.8379149906305,3629.861657635866
2024-04-09T05:02:10.382684+00:00,buy,27.060000000000002,3699.9990749999997,50.06098748475,stop_loss,2024-04-09T05:00:00+00:00,3697.8379149906305,3629.861657635866
2024-04-09T05:10:50.901944+00:00,sell,27.1,3688.155,49.974500250000006,entry,2024-04-09T05:09:00+00:00,3699.883472490216,3518.092148891874
2024-04-09T14:42:09.755503+00:00,buy,27.1,3518.608425,47.677144158750004,fixed_target,2024-04-09T05:09:00+00:00,3699.883472490216,3518.092148891874
2024-04-09T15:10:03.545023+00:00,sell,28.63,3490.2540000000004,49.96298601,entry,2024-04-09T15:09:00+00:00,3506.2097179816747,3258.8960892657233
2024-04-09T15:16:08.478427+00:00,buy,28.63,3509.754,50.24212850999999,stop_loss,2024-04-09T15:09:00+00:00,3506.2097179816747,3258.8960892657233
2024-04-09T16:07:00.752393+00:00,sell,28.41,3517.3904250000005,49.96453098712501,entry,2024-04-09T16:06:00+00:00,3524.756605807835,3410.5808032863997
2024-04-09T16:13:26.188878+00:00,buy,28.41,3526.912575,50.099793127874996,stop_loss,2024-04-09T16:06:00+00:00,3524.756605807835,3410.5808032863997
2024-04-09T16:37:28.135671+00:00,sell,28.54,3501.2485,49.962816095,entry,2024-04-09T16:36:00+00:00,3513.0358469643925,3330.3319690163116
2024-04-09T16:48:17.114498+00:00,buy,28.54,3515.5068749999996,50.16628310624999,stop_loss,2024-04-09T16:36:00+00:00,3513.0358469643925,3330.3319690163116
2024-04-09T18:36:02.940572+00:00,sell,28.53,3502.897675,49.968835333875006,entry,2024-04-09T18:35:00+00:00,3507.6246573290814,3434.3564312283224
2024-04-09T19:22:29.205608+00:00,buy,28.53,3509.5539,50.0637863835,stop_loss,2024-04-09T18:35:00+00:00,3507.6246573290814,3434.3564312283224
2024-04-09T20:44:58.633068+00:00,sell,28.43,3514.94165,49.96489555475,entry,2024-04-09T20:43:00+00:00,3519.6414122388164,3446.795097537165
2024-04-09T20:46:03.231494+00:00,buy,28.43,3521.8100249999998,50.062529505375,stop_loss,2024-04-09T20:43:00+00:00,3519.6414122388164,3446.795097537165
2024-04-09T20:53:03.228584+00:00,sell,28.45,3512.7427500000003,49.968765618750005,entry,2024-04-09T20:52:00+00:00,3517.635920727029,3441.791774458087
2024-04-09T22:34:58.961562+00:00,buy,28.45,3519.4588499999995,50.064302141249996,stop_loss,2024-04-09T20:52:00+00:00,3517.635920727029,3441.791774458087
2024-04-09T22:55:03.873420+00:00,sell,28.42,3516.0411000000004,49.962944031000006,entry,2024-04-09T22:54:00+00:00,3520.4234562973243,3452.496933688804
2024-04-10T00:26:59.250941+00:00,buy,28.42,3522.9605999999994,50.061270126,stop_loss,2024-04-09T22:54:00+00:00,3520.4234562973243,3452.496933688804
2024-04-10T00:34:11.492892+00:00,sell,28.560000000000002,3498.8497,49.963573716000006,entry,2024-04-10T00:33:00+00:00,3516.7391562010966,3239.452585084102
2024-04-10T02:00:02.543210+00:00,buy,28.560000000000002,3519.2087249999995,50.254300593,stop_loss,2024-04-10T00:33:00+00:00,3516.7391562010966,3239.452585084102
2024-04-10T02:42:02.360993+00:00,sell,28.59,3495.8512,49.973192904,entry,2024-04-10T02:41:00+00:00,3506.499430732173,3341.451854383491
2024-04-10T03:53:46.229392+00:00,buy,28.59,3508.603425,50.155485960374996,stop_loss,2024-04-10T02:41:00+00:00,3506.499430732173,3341.451854383491
2024-04-10T08:04:02.892010+00:00,sell,28.400000000000002,3518.8397,49.967523740000004,entry,2024-04-10T08:03:00+00:00,3534.369154060592,3293.6626161214176
2024-04-10T09:58:55.555908+00:00,buy,28.400000000000002,3538.66845,50.24909199000001,stop_loss,2024-04-10T08:03:00+00:00,3534.369154060592,3293.6626161214176
2024-04-10T10:17:11.504147+00:00,sell,28.490000000000002,3507.7452500000004,49.96783108625001,entry,2024-04-10T10:16:00+00:00,3518.7733522398553,3347.8377675221045
2024-04-10T10:53:05.520353+00:00,buy,28.490000000000002,3521.7099749999998,50.166758593875,stop_loss,2024-04-10T10:16:00+00:00,3518.7733522398553,3347.8377675221045
2024-04-10T12:17:44.228471+00:00,sell,28.53,3502.8477000000003,49.968122440500004,entry,2024-04-10T12:16:00+00:00,3513.9062529808675,3342.498681777425
2024-04-10T16:51:49.024332+00:00,buy,28.53,3515.907075,50.154414424875,stop_loss,2024-04-10T12:16:00+00:00,3513.9062529808675,3342.498681777425
2024-04-10T18:31:44.781821+00:00,sell,28.7,3482.5578500000006,49.9747051475,entry,2024-04-10T18:30:00+00:00,3497.769333685031,3261.9913365670577
2024-04-10T18:40:28.125665+00:00,buy,28.7,3501.399825,50.245087488749995,stop_loss,2024-04-10T18:30:00+00:00,3497.769333685031,3261.9913365670577
2024-04-10T18:58:17.980857+00:00,sell,28.64,3489.6543,49.971849576000004,entry,2024-04-10T18:57:00+00:00,3499.8003006137483,3342.5372911006525
2024-04-10T19:15:35.350288+00:00,buy,28.64,3501.75,50.14506,stop_loss,2024-04-10T18:57:00+00:00,3499.8003006137483,3342.5372911006525
2024-04-11T00:07:10.908828+00:00,sell,28.3,3531.4833750000003,49.970489756250004,entry,2024-04-11T00:06:00+00:00,3537.7562607051473,3440.5265322753685
2024-04-11T00:11:59.049408+00:00,buy,28.3,3540.019125,50.09127061875,stop_loss,2024-04-11T00:06:00+00:00,3537.7562607051473,3440.5265322753685
2024-04-11T01:27:01.832569+00:00,sell,28.3,3531.6333000000004,49.972611195000006,entry,2024-04-11T01:26:00+00:00,3539.6578018890436,3415.2780226088735
2024-04-11T01:37:58.662084+00:00,buy,28.3,3541.4698499999995,50.111798377499994,stop_loss,2024-04-11T01:26:00+00:00,3539.6578018890436,3415.2780226088735
2024-04-11T04:37:10.428153+00:00,sell,28.14,3551.6233,49.97133983100001,entry,2024-04-11T04:36:00+00:00,3561.827120389965,3403.6679043455124
2024-04-11T04:51:10.702317+00:00,buy,28.14,3563.7309749999995,50.141694818249995,stop_loss,2024-04-11T04:36:00+00:00,3561.827120389965,3403.6679043455124
2024-04-11T05:23:11.116676+00:00,sell,28.1,3556.0710750000003,49.96279860375001,entry,2024-04-11T05:22:00+00:00,3561.6777680331056,3474.774026019973
2024-04-11T05:33:58.784617+00:00,buy,28.1,3563.630925,50.06901449625,stop_loss,2024-04-11T05:22:00+00:00,3561.6777680331056,3474.774026019973
2024-04-11T10:13:04.823900+00:00,sell,27.98,3571.163525,49.96057771475,entry,2024-04-11T10:12:00+00:00,3582.3428652586786,3409.0630912491597
2024-04-12T16:21:32.055699+00:00,buy,27.98,3409.7039999999997,47.70175896,fixed_target,2024-04-11T10:12:00+00:00,3582.3428652586786,3409.0630912491597
2024-04-12T17:04:31.163336+00:00,sell,29.23,3419.2895000000003,49.97291604250001,entry,2024-04-12T17:03:00+00:00,3425.694078987531,3326.423104680803
2024-04-12T17:28:30.250140+00:00,buy,29.23,3320.4594,48.528514131,fixed_target,2024-04-12T17:03:00+00:00,3425.694078987531,3326.423104680803
2024-04-12T17:31:14.288898+00:00,sell,30.23,3305.596375,49.964089208125,entry,2024-04-12T17:30:00+00:00,3332.5079713673817,2915.378227672966
2024-04-12T17:38:16.434076+00:00,buy,30.23,3335.76705,50.42011896075,stop_loss,2024-04-12T17:30:00+00:00,3332.5079713673817,2915.378227672966
2024-04-12T18:22:07.344163+00:00,sell,30.25,3304.04715,49.97371314375,entry,2024-04-12T18:21:00+00:00,3324.895151633604,3001.751126312737
2024-04-13T19:56:33.300053+00:00,buy,30.25,3001.5,45.3976875,fixed_target,2024-04-12T18:21:00+00:00,3324.895151633604,3001.751126312737
2024-04-13T20:08:03.229834+00:00,sell,34.21,2921.4385500000003,49.97120639775001,entry,2024-04-13T20:07:00+00:00,3051.272885291916,1038.8406882672252
2024-04-13T23:06:48.056623+00:00,buy,34.21,3059.7290999999996,52.33666625549999,stop_loss,2024-04-13T20:07:00+00:00,3051.272885291916,1038.8406882672252
2024-04-13T23:29:10.032816+00:00,sell,33.17,3012.842825,49.967998252625,entry,2024-04-13T23:28:00+00:00,3035.1204759427915,2689.8168863295264
2024-04-13T23:35:51.484221+00:00,buy,33.17,3042.270375,50.45605416937501,stop_loss,2024-04-13T23:28:00+00:00,3035.1204759427915,2689.8168863295264
2024-04-13T23:57:22.726378+00:00,sell,33.27,3003.4975,49.96318091250001,entry,2024-04-13T23:56:00+00:00,3016.8750217058546,2809.5234352651078
2024-04-14T00:03:18.684655+00:00,buy,33.27,3018.9587249999995,50.220378390375,stop_loss,2024-04-13T23:56:00+00:00,3016.8750217058546,2809.5234352651078
2024-04-14T00:19:31.776455+00:00,sell,33.5,2983.5075,49.973750625,entry,2024-04-14T00:18:00+00:00,2998.8879545689047,2760.490908750885
2024-04-14T01:32:52.031385+00:00,buy,33.5,3007.6530749999997,50.37818900625,stop_loss,2024-04-14T00:18:00+00:00,2998.8879545689047,2760.490908750885
2024-04-14T02:43:08.177558+00:00,sell,33.81,2955.7214,49.966470267000005,entry,2024-04-14T02:42:00+00:00,2964.9813655560624,2821.4518994370933
2024-04-14T02:47:35.362102+00:00,buy,33.81,2968.0833,50.1754481865,stop_loss,2024-04-14T02:42:00+00:00,2964.9813655560624,2821.4518994370933
2024-04-14T03:02:22.042270+00:00,sell,33.93,2944.9268,49.960683162,entry,2024-04-14T03:01:00+00:00,2964.1276024836047,2666.515163987734
2024-04-14T03:37:49.285407+00:00,buy,33.93,2966.4824999999996,50.326375612499994,stop_loss,2024-04-14T03:01:00+00:00,2964.1276024836047,2666.515163987734
2024-04-14T09:38:20.579109+00:00,sell,32.95,3032.8828000000003,49.96674413000001,entry,2024-04-14T09:37:00+00:00,3047.669372385727,2818.4775004069634
2024-04-14T10:01:04.508777+00:00,buy,32.95,3050.3244,50.25409449000001,stop_loss,2024-04-14T09:37:00+00:00,3047.669372385727,2818.4775004069634
2024-04-14T10:20:43.852655+00:00,sell,32.96,3031.933275,49.966260372,entry,2024-04-14T10:19:00+00:00,3039.3537757158124,2924.3360146207183
2024-04-14T10:26:17.391715+00:00,buy,32.96,3041.369925,50.121776364,stop_loss,2024-04-14T10:19:00+00:00,3039.3537757158124,2924.3360146207183
2024-04-14T11:09:13.264777+00:00,sell,32.94,3034.0822000000003,49.971333834000006,entry,2024-04-14T11:08:00+00:00,3041.9174985506065,2920.47037101621
2024-04-14T12:04:11.361986+00:00,buy,32.94,3043.7210999999998,50.13008651699999,stop_loss,2024-04-14T11:08:00+00:00,3041.9174985506065,2920.47037101621
2024-04-14T13:49:37.924707+00:00,sell,32.980000000000004,3029.8343250000003,49.96196801925001,entry,2024-04-14T13:48:00+00:00,3044.3540190803346,2819.298760835152
2024-04-14T14:40:21.625633+00:00,buy,32.980000000000004,3046.4724749999996,50.23633111275,stop_loss,2024-04-14T13:48:00+00:00,3044.3540190803346,2819.298760835152
2024-04-14T17:14:50.416763+00:00,sell,32.93,3035.18165,49.97426586725,entry,2024-04-14T17:13:00+00:00,3076.89877359089,2430.2833579320954
2024-04-14T17:37:19.527996+00:00,buy,32.93,3080.23935,50.716140897749995,stop_loss,2024-04-14T17:13:00+00:00,3076.89877359089,2430.2833579320954
2024-04-15T00:01:20.532116+00:00,sell,31.82,3140.9787250000004,49.972971514750014,entry,2024-04-15T00:00:00+00:00,3152.6355850088266,2971.95425487202
2024-04-15T03:36:15.234123+00:00,buy,31.82,3155.2268249999997,50.199658785749996,stop_loss,2024-04-15T00:00:00+00:00,3152.6355850088266,2971.95425487202
2024-04-15T04:08:34.873266+00:00,sell,31.92,3130.7338500000005,49.966512246000015,entry,2024-04-15T04:07:00+00:00,3140.3341115777503,2991.5300571226294
2024-04-15T04:42:12.188887+00:00,buy,31.92,3142.520475,50.154626781,stop_loss,2024-04-15T04:07:00+00:00,3140.3341115777503,2991.5300571226294
2024-04-15T13:56:05.419304+00:00,sell,31.28,3194.402,49.960447280000004,entry,2024-04-15T13:55:00+00:00,3209.4199354068337,2976.6419366009122
2024-04-15T14:06:07.872727+00:00,buy,31.28,3211.2047999999995,50.223243071999995,stop_loss,2024-04-15T13:55:00+00:00,3209.4199354068337,2976.6419366009122
2024-04-15T14:15:02.248575+00:00,sell,31.52,3170.51395,49.967299852,entry,2024-04-15T14:14:00+00:00,3188.093535270568,2915.609963576767
2024-04-15T14:15:52.575987+00:00,buy,31.52,3190.5944999999997,50.28376931999999,stop_loss,2024-04-15T14:14:00+00:00,3188.093535270568,2915.609963576767
2024-04-15T14:28:13.279525+00:00,sell,31.470000000000002,3175.861275,49.97217716212501,entry,2024-04-15T14:27:00+00:00,3188.3853629803793,2994.261999284503
2024-04-15T14:30:33.239312+00:00,buy,31.470000000000002,3191.595,50.21974732500001,stop_loss,2024-04-15T14:27:00+00:00,3188.3853629803793,2994.261999284503
2024-04-15T14:40:23.251803+00:00,sell,31.560000000000002,3166.3160500000004,49.96446726900001,entry,2024-04-15T14:39:00+00:00,3187.3658228425243,2861.094343783404
2024-04-21T02:32:09.686502+00:00,buy,31.560000000000002,3189.594,50.33179332,stop_loss,2024-04-15T14:39:00+00:00,3187.3658228425243,2861.094343783404
2024-04-21T04:13:10.489150+00:00,sell,31.63,3159.4195,49.966219392499994,entry,2024-04-21T04:12:00+00:00,3165.359082489958,3073.2955538956094
2024-04-21T04:25:58.052350+00:00,buy,31.63,3167.7830999999996,50.0984897265,stop_loss,2024-04-21T04:12:00+00:00,3165.359082489958,3073.2955538956094
2024-04-21T07:28:03.080590+00:00,sell,31.54,3168.564925,49.96826886725,entry,2024-04-21T07:27:00+00:00,3175.116589086782,3073.5657957416643
2024-04-21T07:42:49.554917+00:00,buy,31.54,3177.2378249999997,50.10504050025,stop_loss,2024-04-21T07:27:00+00:00,3175.116589086782,3073.5657957416643
2024-04-21T08:22:04.688946+00:00,sell,31.51,3171.4135,49.965619692500006,entry,2024-04-21T08:21:00+00:00,3176.978601664809,3090.7195258602706
2024-04-21T08:25:58.516569+00:00,buy,31.51,3179.5389749999995,50.093636551124995,stop_loss,2024-04-21T08:21:00+00:00,3176.978601664809,3090.7195258602706
2024-04-21T10:05:21.380978+00:00,sell,31.59,3163.867275,49.973283608625,entry,2024-04-21T10:04:00+00:00,3170.2000679654266,3072.0417770013155
2024-04-21T10:40:31.536973+00:00,buy,31.59,3172.0852499999996,50.10308652375,stop_loss,2024-04-21T10:04:00+00:00,3170.2000679654266,3072.0417770013155
2024-04-21T11:26:08.993297+00:00,sell,31.54,3168.415,49.96590455,entry,2024-04-21T11:25:00+00:00,3174.445226735767,3080.9767123313786
2024-04-21T12:09:57.046645+00:00,buy,31.54,3176.5874999999996,50.09478487499999,stop_loss,2024-04-21T11:25:00+00:00,3174.445226735767,3080.9767123313786
2024-04-21T12:22:38.744562+00:00,sell,31.61,3161.5684250000004,49.96858895712501,entry,2024-04-21T12:21:00+00:00,3169.4461075711206,3047.3420277187574
2024-04-21T21:07:16.061756+00:00,buy,31.61,3171.0347249999995,50.11820382862499,stop_loss,2024-04-21T12:21:00+00:00,3169.4461075711206,3047.3420277187574
2024-04-21T21:22:27.056494+00:00,sell,31.69,3153.0227,49.9596446815,entry,2024-04-21T21:21:00+00:00,3160.2610159415976,3048.067118846834
2024-04-21T22:09:37.252040+00:00,buy,31.69,3163.7310749999997,50.129318883375,stop_loss,2024-04-21T21:21:00+00:00,3160.2610159415976,3048.067118846834
2024-04-21T23:08:00.805005+00:00,sell,31.740000000000002,3148.2251000000006,49.962332337000014,entry,2024-04-21T23:07:00+00:00,3155.1578446825843,3047.700302102537
2024-04-22T00:09:03.101825+00:00,buy,31.740000000000002,3156.87765,50.0996483055,stop_loss,2024-04-21T23:07:00+00:00,3155.1578446825843,3047.700302102537
2024-04-22T00:35:02.630230+00:00,sell,31.75,3147.075675,49.95982634062501,entry,2024-04-22T00:34:00+00:00,3153.671450437157,3051.4369311612227
2024-04-22T01:13:02.273943+00:00,buy,31.75,3156.1773,50.1043146375,stop_loss,2024-04-22T00:34:00+00:00,3153.671450437157,3051.4369311612227
2024-04-22T01:53:10.237778+00:00,sell,31.86,3136.381025,49.96254972825,entry,2024-04-22T01:52:00+00:00,3148.3899011839735,2962.2523203323863
2024-04-22T03:00:21.504236+00:00,buy,31.86,3150.4744499999997,50.1870579885,stop_loss,2024-04-22T01:52:00+00:00,3148.3899011839735,2962.2523203323863
2024-04-22T12:16:02.516898+00:00,sell,31.32,3190.404,49.96172664,entry,2024-04-22T12:15:00+00:00,3197.629924473787,3085.6280951300882
2024-04-22T12:23:23.757899+00:00,buy,31.32,3199.5989999999997,50.10572033999999,stop_loss,2024-04-22T12:15:00+00:00,3197.629924473787,3085.6280951300882
2024-04-22T14:57:10.287290+00:00,sell,31.400000000000002,3182.4579750000003,49.96459020750001,entry,2024-04-22T14:56:00+00:00,3192.9910522342143,3029.728355103897
2024-04-22T16:12:09.188895+00:00,buy,31.400000000000002,3195.5969999999998,50.170872900000006,stop_loss,2024-04-22T14:56:00+00:00,3192.9910522342143,3029.728355103897
2024-04-22T16:31:30.896031+00:00,sell,31.45,3177.760325,49.970281110625,entry,2024-04-22T16:30:00+00:00,3187.3522758571708,3038.677037571027
2024-04-22T17:01:45.294458+00:00,buy,31.45,3189.594,50.15636565,stop_loss,2024-04-22T16:30:00+00:00,3187.3522758571708,3038.677037571027
2024-04-22T18:53:00.578850+00:00,sell,31.330000000000002,3189.6044,49.965152926,entry,2024-04-22T18:52:00+00:00,3194.8127523063026,3114.0832915586143
2024-04-22T19:09:15.795996+00:00,buy,31.330000000000002,3196.5975,50.074699837500006,stop_loss,2024-04-22T18:52:00+00:00,3194.8127523063026,3114.0832915586143
2024-04-22T19:20:02.593876+00:00,sell,31.35,3187.6553750000003,49.96649800312501,entry,2024-04-22T19:19:00+00:00,3193.224753720315,3106.899383555434
2024-04-22T20:09:16.752840+00:00,buy,31.35,3195.7971,50.094119542499996,stop_loss,2024-04-22T19:19:00+00:00,3193.224753720315,3106.899383555434
2024-04-23T00:02:10.450045+00:00,sell,31.26,3196.450975,49.96052873925,entry,2024-04-23T00:01:00+00:00,3199.5842162353133,3151.01897708796
2024-04-23T00:05:48.828353+00:00,buy,31.26,3201.349875,50.03709854625001,stop_loss,2024-04-23T00:01:00+00:00,3199.5842162353133,3151.01897708796
2024-04-23T01:46:02.225019+00:00,sell,31.17,3205.846275,49.963114195875,entry,2024-04-23T01:45:00+00:00,3210.9146645091428,3132.354627117428
2024-04-23T02:02:46.168927+00:00,buy,31.17,3213.6059999999998,50.08404951,stop_loss,2024-04-23T01:45:00+00:00,3210.9146645091428,3132.354627117428
2024-04-23T02:39:02.521166+00:00,sell,31.17,3206.4459750000005,49.97246052037501,entry,2024-04-23T02:38:00+00:00,3210.004237066895,3154.851175030034
2024-04-23T07:36:15.242107+00:00,buy,31.17,3155.6270250000002,49.18044718462501,fixed_target,2024-04-23T02:38:00+00:00,3210.004237066895,3154.851175030034
2024-04-23T08:11:00.999387+00:00,sell,31.68,3154.422,49.96604448,entry,2024-04-23T08:10:00+00:00,3160.2794864322855,3069.488446731861
2024-04-23T08:17:19.288557+00:00,buy,31.68,3162.08025,50.08735116,stop_loss,2024-04-23T08:10:00+00:00,3160.2794864322855,3069.488446731861
2024-04-23T09:22:10.969432+00:00,sell,31.59,3163.867275,49.973283608625,entry,2024-04-23T09:21:00+00:00,3168.8060252234413,3092.2553967601016
2024-04-23T09:28:44.459721+00:00,buy,31.59,3171.334875,50.091234350625,stop_loss,2024-04-23T09:21:00+00:00,3168.8060252234413,3092.2553967601016
2024-04-23T11:02:17.260344+00:00,sell,31.48,3174.51195,49.966818093,entry,2024-04-23T11:01:00+00:00,3181.664229088036,3070.803903223481
2024-04-23T11:14:00.116456+00:00,buy,31.48,3184.9416749999996,50.130981964499995,stop_loss,2024-04-23T11:01:00+00:00,3181.664229088036,3070.803903223481
2024-04-23T11:37:10.424091+00:00,sell,31.560000000000002,3166.7158500000005,49.970776113000014,entry,2024-04-23T11:36:00+00:00,3173.261231926334,3071.8078120681657
2024-04-23T11:46:26.453357+00:00,buy,31.560000000000002,3174.936675,50.100500731500006,stop_loss,2024-04-23T11:36:00+00:00,3173.261231926334,3071.8078120681657
2024-04-23T12:46:02.765114+00:00,sell,31.470000000000002,3175.761325,49.97060444887501,entry,2024-04-23T12:45:00+00:00,3180.6669947260816,3104.629113971816
2024-04-23T12:50:57.841538+00:00,buy,31.470000000000002,3182.3403749999998,50.074125800625,stop_loss,2024-04-23T12:45:00+00:00,3180.6669947260816,3104.629113971816
2024-04-23T13:16:02.713415+00:00,sell,31.470000000000002,3175.4115,49.96509995250001,entry,2024-04-23T13:15:00+00:00,3181.883457581028,3081.5681150750984
2024-04-23T13:31:26.992624+00:00,buy,31.470000000000002,3183.7910999999995,50.0969529585,stop_loss,2024-04-23T13:15:00+00:00,3181.883457581028,3081.5681150750984
2024-04-23T20:18:14.183211+00:00,sell,31.240000000000002,3198.749825,49.9644722665,entry,2024-04-23T20:17:00+00:00,3206.9993519794434,3079.1316837980685
2024-04-23T20:42:02.566454+00:00,buy,31.240000000000002,3209.453925,50.1316703085,stop_loss,2024-04-23T20:17:00+00:00,3206.9993519794434,3079.1316837980685
2024-04-23T20:56:58.060831+00:00,sell,31.220000000000002,3200.748825,49.963689158250006,entry,2024-04-23T20:55:00+00:00,3204.9200481628286,3140.266089138987
2024-04-23T20:58:02.653139+00:00,buy,31.220000000000002,3206.852625,50.05896947625,stop_loss,2024-04-23T20:55:00+00:00,3204.9200481628286,3140.266089138987
2024-04-23T21:11:02.276862+00:00,sell,31.240000000000002,3199.1996000000004,49.97149775200001,entry,2024-04-23T21:10:00+00:00,3206.798650971929,3089.013360907036
2024-04-23T21:20:00.010600+00:00,buy,31.240000000000002,3209.0537249999998,50.125419184500004,stop_loss,2024-04-23T21:10:00+00:00,3206.798650971929,3089.013360907036
2024-04-23T23:07:02.913414+00:00,sell,31.220000000000002,3201.1486250000003,49.969930036250005,entry,2024-04-23T23:06:00+00:00,3206.599740655765,3122.107447991413
2024-04-23T23:08:02.641530+00:00,buy,31.220000000000002,3208.7035499999997,50.0878624155,stop_loss,2024-04-23T23:06:00+00:00,3206.599740655765,3122.107447991413
2024-04-24T00:19:02.633209+00:00,sell,31.11,3212.0431750000002,49.963331587125005,entry,2024-04-24T00:18:00+00:00,3221.683546015973,3072.2577952683923
2024-04-24T00:36:36.244668+00:00,buy,31.11,3223.4109,50.1401565495,stop_loss,2024-04-24T00:18:00+00:00,3221.683546015973,3072.2577952683923
2024-04-24T02:06:01.044918+00:00,sell,30.94,3229.9342250000004,49.967082460750014,entry,2024-04-24T02:05:00+00:00,3235.610493335504,3147.6283341351973
2024-04-24T02:14:30.013965+00:00,buy,30.94,3237.267825,50.08053325275,stop_loss,2024-04-24T02:05:00+00:00,3235.610493335504,3147.6283341351973
2024-04-24T02:31:04.040651+00:00,sell,31.03,3220.389,49.964335335,entry,2024-04-24T02:30:00+00:00,3228.0892987232055,3108.734668513522
2024-04-24T02:39:31.799977+00:00,buy,31.03,3230.1142499999996,50.115222588749994,stop_loss,2024-04-24T02:30:00+00:00,3228.0892987232055,3108.734668513522
2024-04-24T06:21:01.575833+00:00,sell,30.810000000000002,3243.3775,49.96423038750001,entry,2024-04-24T06:20:00+00:00,3249.6742251263436,3152.074985668019
2024-04-24T06:23:48.215544+00:00,buy,30.810000000000002,3251.625,50.091283125000004,stop_loss,2024-04-24T06:20:00+00:00,3249.6742251263436,3152.074985668019
2024-04-24T09:03:02.909038+00:00,sell,30.810000000000002,3243.87725,49.97192903625,entry,2024-04-24T09:02:00+00:00,3251.1850454152195,3137.914216479317
2024-04-24T09:20:52.064683+00:00,buy,30.810000000000002,3252.8756249999997,50.110549003125,stop_loss,2024-04-24T09:02:00+00:00,3251.1850454152195,3137.914216479317
2024-04-24T09:37:11.832149+00:00,sell,30.82,3242.627875,49.96889555375,entry,2024-04-24T09:36:00+00:00,3249.994030823868,3135.818615553918
2024-04-24T09:38:16.244655+00:00,buy,30.82,3251.92515,50.112166561500004,stop_loss,2024-04-24T09:36:00+00:00,3249.994030823868,3135.818615553918
2024-04-24T13:11:02.853432+00:00,sell,30.740000000000002,3250.6738500000006,49.962857074500015,entry,2024-04-24T13:10:00+00:00,3260.5892372538406,3106.900734819321
2024-04-24T13:12:19.572799+00:00,buy,30.740000000000002,3262.6304999999998,50.146630785,stop_loss,2024-04-24T13:10:00+00:00,3260.5892372538406,3106.900734819321
2024-04-24T13:29:26.916697+00:00,sell,30.75,3250.1241250000003,49.97065842187501,entry,2024-04-24T13:28:00+00:00,3255.898234993886,3166.399530088657
2024-04-24T13:36:27.128168+00:00,buy,30.75,3259.2288,50.1106428,stop_loss,2024-04-24T13:28:00+00:00,3255.898234993886,3166.399530088657
2024-04-24T13:56:10.481689+00:00,sell,30.79,3245.5764,49.965648678,entry,2024-04-24T13:55:00+00:00,3255.0527192901686,3108.169770292554
2024-04-24T14:06:33.033038+00:00,buy,30.79,3257.2277999999997,50.14502198099999,stop_loss,2024-04-24T13:55:00+00:00,3255.0527192901686,3108.169770292554
2024-04-24T14:20:02.121787+00:00,sell,30.82,3242.2780500000003,49.96350475050001,entry,2024-04-24T14:19:00+00:00,3247.551443110568,3165.813849896769
2024-04-24T16:27:36.727392+00:00,buy,30.82,3166.5825,48.797036325,fixed_target,2024-04-24T14:19:00+00:00,3247.551443110568,3165.813849896769
2024-04-24T16:29:37.210246+00:00,sell,31.63,3159.7193500000003,49.97096152025001,entry,2024-04-24T16:28:00+00:00,3172.198265780236,2978.775071186584
2024-04-24T16:33:31.124175+00:00,buy,31.63,3174.48645,50.20450320675,stop_loss,2024-04-24T16:28:00+00:00,3172.198265780236,2978.775071186584
2024-04-24T17:46:11.760703+00:00,sell,31.42,3180.3090500000003,49.96265517550001,entry,2024-04-24T17:45:00+00:00,3187.333826159705,3078.4497956842815
2024-04-25T10:24:49.933225+00:00,buy,31.42,3079.3889249999997,48.37720001175,fixed_target,2024-04-24T17:45:00+00:00,3187.333826159705,3078.4497956842815
2024-04-25T12:01:02.521271+00:00,sell,32.17,3106.14615,49.96236082275,entry,2024-04-25T12:00:00+00:00,3113.1021765196615,3005.283765464909
2024-04-25T12:09:02.326622+00:00,buy,32.17,3115.1567999999997,50.107297128,stop_loss,2024-04-25T12:00:00+00:00,3113.1021765196615,3005.283765464909
2024-04-25T12:48:45.823538+00:00,sell,32.18,3105.4964750000004,49.96743828275001,entry,2024-04-25T12:47:00+00:00,3115.8485416639364,2955.3915083729275
2024-04-25T13:00:57.965901+00:00,buy,32.18,3118.2583499999996,50.17277685149999,stop_loss,2024-04-25T12:47:00+00:00,3115.8485416639364,2955.3915083729275
2024-04-25T14:34:02.399992+00:00,sell,32.01,3121.9882250000005,49.967421541125006,entry,2024-04-25T14:33:00+00:00,3130.606762432612,2997.0194322271345
2024-04-25T15:24:02.040349+00:00,buy,32.01,3132.4154249999997,50.134308877124994,stop_loss,2024-04-25T14:33:00+00:00,3130.606762432612,2997.0194322271345
2024-04-26T00:14:11.086521+00:00,sell,31.720000000000002,3150.773825,49.97127286450001,entry,2024-04-26T00:13:00+00:00,3156.9910240868435,3060.624438240773
2024-04-26T00:22:02.809300+00:00,buy,31.720000000000002,3158.87865,50.09981538900001,stop_loss,2024-04-26T00:13:00+00:00,3156.9910240868435,3060.624438240773
2024-04-26T00:25:02.840738+00:00,sell,31.76,3146.12615,49.960483262000004,entry,2024-04-26T00:24:00+00:00,3155.326521496136,3012.720763306027
2024-04-26T01:48:52.788145+00:00,buy,31.76,3158.5784999999996,50.15822658,stop_loss,2024-04-26T00:24:00+00:00,3155.326521496136,3012.720763306027
2024-04-26T03:05:00.851701+00:00,sell,31.8,3142.72785,49.96937281500001,entry,2024-04-26T03:04:00+00:00,3149.9862933473537,3037.480421463375
2024-04-26T03:08:58.914768+00:00,buy,31.8,3151.625025,50.110837897500005,stop_loss,2024-04-26T03:04:00+00:00,3149.9862933473537,3037.480421463375
2024-04-26T03:27:02.823341+00:00,sell,31.79,3143.777325,49.970340580874996,entry,2024-04-26T03:26:00+00:00,3151.228058567355,3035.7416882733496
2024-04-26T09:26:40.912270+00:00,buy,31.79,3152.9757,50.1165487515,stop_loss,2024-04-26T03:26:00+00:00,3151.228058567355,3035.7416882733496
2024-04-26T10:26:01.048698+00:00,sell,31.810000000000002,3141.4285,49.96442029250001,entry,2024-04-26T10:25:00+00:00,3148.431638618254,3039.8829900353157
2024-04-26T12:31:10.125245+00:00,buy,31.810000000000002,3150.3744,50.106704832000005,stop_loss,2024-04-26T10:25:00+00:00,3148.431638618254,3039.8829900353157
2024-04-26T12:49:22.044738+00:00,sell,31.89,3133.4325000000003,49.96258121250001,entry,2024-04-26T12:48:00+00:00,3140.5569818137124,3030.127513701176
2024-04-26T13:47:42.900410+00:00,buy,31.89,3142.67055,50.10988191975,stop_loss,2024-04-26T12:48:00+00:00,3140.5569818137124,3030.127513701176
2024-04-26T14:39:01.844376+00:00,sell,31.86,3136.7308500000004,49.968122440500004,entry,2024-04-26T14:38:00+00:00,3152.937952995662,2901.7278565629094
2024-04-26T18:09:23.697763+00:00,buy,31.86,3155.4269249999998,50.265950915249995,stop_loss,2024-04-26T14:38:00+00:00,3152.937952995662,2901.7278565629094
2024-04-26T22:26:02.764968+00:00,sell,31.89,3133.8323000000005,49.96895602350001,entry,2024-04-26T22:25:00+00:00,3145.308946857254,2967.420920569826
2024-04-27T13:23:08.724093+00:00,buy,31.89,3147.27285,50.18326559325,stop_loss,2024-04-26T22:25:00+00:00,3145.308946857254,2967.420920569826
2024-04-28T00:17:02.180903+00:00,sell,30.76,3248.9247250000003,49.968462270500005,entry,2024-04-28T00:16:00+00:00,3254.021235090587,3175.0253286864904
2024-04-28T00:17:58.140589+00:00,buy,30.76,3256.12725,50.079237105000004,stop_loss,2024-04-28T00:16:00+00:00,3254.021235090587,3175.0253286864904
2024-04-28T00:44:02.753105+00:00,sell,30.740000000000002,3251.3735,49.973610695000005,entry,2024-04-28T00:43:00+00:00,3256.344320536004,3179.296602227944
2024-04-28T00:49:02.729864+00:00,buy,30.740000000000002,3258.6285,50.085120045000004,stop_loss,2024-04-28T00:43:00+00:00,3256.344320536004,3179.296602227944
2024-04-28T01:20:02.121855+00:00,sell,30.73,3252.4229750000004,49.97347901087501,entry,2024-04-28T01:19:00+00:00,3258.0355788381344,3171.040219347058
2024-04-28T01:23:26.926416+00:00,buy,30.73,3261.7300499999997,50.11648221824999,stop_loss,2024-04-28T01:19:00+00:00,3258.0355788381344,3171.040219347058
2024-04-28T09:46:29.088335+00:00,sell,30.26,3302.1980750000002,49.962256874750004,entry,2024-04-28T09:45:00+00:00,3309.882717711123,3190.770755688721
2024-04-28T10:00:26.772173+00:00,buy,30.26,3311.6549999999997,50.105340149999996,stop_loss,2024-04-28T09:45:00+00:00,3309.882717711123,3190.770755688721
2024-04-28T10:11:02.559865+00:00,sell,30.27,3301.3485,49.9659095475,entry,2024-04-28T10:10:00+00:00,3306.0455033483418,3233.2419514490457
2024-04-28T10:40:36.408608+00:00,buy,30.27,3308.55345,50.07495646574999,stop_loss,2024-04-28T10:10:00+00:00,3306.0455033483418,3233.2419514490457
2024-04-28T11:03:02.860097+00:00,sell,30.330000000000002,3295.301525,49.973247626625,entry,2024-04-28T11:02:00+00:00,3301.506698743204,3205.3265057235367
2024-04-28T13:11:21.309306+00:00,buy,30.330000000000002,3303.300825,50.094557011125,stop_loss,2024-04-28T11:02:00+00:00,3301.506698743204,3205.3265057235367
2024-04-28T21:05:31.630059+00:00,sell,30.240000000000002,3304.297025,49.960971018,entry,2024-04-28T21:04:00+00:00,3311.8161427446034,3195.269817703248
2024-04-28T21:07:35.232108+00:00,buy,30.240000000000002,3314.0562,50.10852974400001,stop_loss,2024-04-28T21:04:00+00:00,3311.8161427446034,3195.269817703248
2024-04-28T21:35:31.616094+00:00,sell,30.29,3299.3495000000003,49.9686481775,entry,2024-04-28T21:34:00+00:00,3306.5485751602946,3194.9629101757323
2024-04-28T21:38:58.980683+00:00,buy,30.29,3308.6034749999994,50.10879962887499,stop_loss,2024-04-28T21:34:00+00:00,3306.5485751602946,3194.9629101757323
2024-04-28T22:32:02.512206+00:00,sell,30.38,3289.6543500000002,49.9698495765,entry,2024-04-28T22:31:00+00:00,3306.598038203388,3043.970871050876
2024-04-30T09:34:43.092561+00:00,buy,30.38,3042.170325,46.21056723675,fixed_target,2024-04-28T22:31:00+00:00,3306.598038203388,3043.970871050876
2024-04-30T10:01:00.239169+00:00,sell,32.9,3037.6804,49.969842580000005,entry,2024-04-30T10:00:00+00:00,3049.2406763447357,2870.056393001336
2024-04-30T10:03:53.755456+00:00,buy,32.9,3051.3249,50.194294604999996,stop_loss,2024-04-30T10:00:00+00:00,3049.2406763447357,2870.056393001336
2024-04-30T11:03:23.988805+00:00,sell,32.94,3033.8823,49.968041481,entry,2024-04-30T11:02:00+00:00,3042.2872976642134,2912.0098338689095
2024-05-01T07:08:54.836699+00:00,buy,32.94,2913.4559999999997,47.98462032,fixed_target,2024-04-30T11:02:00+00:00,3042.2872976642134,2912.0098338689095
2024-05-01T07:09:00.756165+00:00,sell,34.76,2875.3616,49.973784608,entry,2024-05-01T07:08:00+00:00,2938.6369251635856,1957.8693851280116
2024-05-01T18:02:40.001960+00:00,buy,34.76,2940.119325,51.0992738685,stop_loss,2024-05-01T07:08:00+00:00,2938.6369251635856,1957.8693851280116
2024-05-01T19:35:06.451996+00:00,sell,34.31,2912.3431000000005,49.961245880500016,entry,2024-05-01T19:34:00+00:00,2941.8788446226704,2484.074802971287
2024-05-01T19:46:06.920966+00:00,buy,34.31,2943.521025,50.49610318387501,stop_loss,2024-05-01T19:34:00+00:00,2941.8788446226704,2484.074802971287
2024-05-02T00:34:02.072217+00:00,sell,33.8,2956.9208000000003,49.97196152000001,entry,2024-05-02T00:33:00+00:00,2967.253541097302,2807.096054089128
2024-05-02T11:00:18.202229+00:00,buy,33.8,2970.5845499999996,50.20287889499999,stop_loss,2024-05-02T00:33:00+00:00,2967.253541097302,2807.096054089128
2024-05-02T13:48:19.000053+00:00,sell,33.74,2961.7184,49.96418940800001,entry,2024-05-02T13:47:00+00:00,2975.2981584159074,2764.8119029693453
2024-05-02T14:29:20.104219+00:00,buy,33.74,2977.437975,50.22937863825,stop_loss,2024-05-02T13:47:00+00:00,2975.2981584159074,2764.8119029693453
2024-05-02T20:41:06.749951+00:00,sell,33.64,2970.963775,49.971610695500004,entry,2024-05-02T20:40:00+00:00,2982.071429986288,2809.902777698827
2024-05-02T20:41:38.656169+00:00,buy,33.64,2984.9917499999997,50.20756123499999,stop_loss,2024-05-02T20:40:00+00:00,2982.071429986288,2809.902777698827
2024-05-03T00:09:02.216225+00:00,sell,33.5,2983.00775,49.965379812500004,entry,2024-05-03T00:08:00+00:00,2990.1403106994653,2879.5856198577562
2024-05-03T00:10:02.876103+00:00,buy,33.5,2993.2959,50.137706325,stop_loss,2024-05-03T00:08:00+00:00,2990.1403106994653,2879.5856198577562
2024-05-03T00:26:20.228208+00:00,sell,33.52,2981.00875,49.96170665000001,entry,2024-05-03T00:25:00+00:00,2988.142954561696,2877.5627838554055
2024-05-03T01:02:14.601991+00:00,buy,33.52,2990.844675,50.126556753,stop_loss,2024-05-03T00:25:00+00:00,2988.142954561696,2877.5627838554055
2024-05-03T02:47:01.100784+00:00,sell,33.230000000000004,3007.5954500000003,49.97119840175001,entry,2024-05-03T02:46:00+00:00,3012.599253972717,2935.040292395605
2024-05-03T02:48:58.156151+00:00,buy,33.230000000000004,3014.5065,50.08602549750001,stop_loss,2024-05-03T02:46:00+00:00,3012.599253972717,2935.040292395605
2024-05-03T03:52:14.296951+00:00,sell,33.22,3008.5449750000002,49.971932034750004,entry,2024-05-03T03:51:00+00:00,3013.91924013943,2930.6181304782717
2024-05-03T04:10:37.590769+00:00,buy,33.22,3016.8576749999997,50.11000598174999,stop_loss,2024-05-03T03:51:00+00:00,3013.91924013943,2930.6181304782717
2024-05-03T04:31:03.030320+00:00,sell,33.230000000000004,3007.145675,49.963725390125006,entry,2024-05-03T04:30:00+00:00,3013.49523415492,2915.0770672536614
2024-05-03T12:34:51.053223+00:00,buy,33.230000000000004,3015.9572249999997,50.110129293375,stop_loss,2024-05-03T04:30:00+00:00,3013.49523415492,2915.0770672536614
2024-05-04T02:03:21.639009+00:00,sell,32.25,3098.4500000000003,49.962506250000004,entry,2024-05-04T02:02:00+00:00,3106.0373876034573,2988.432879749873
2024-05-04T03:15:02.965754+00:00,buy,32.25,3108.703575,50.127845146875,stop_loss,2024-05-04T02:02:00+00:00,3106.0373876034573,2988.432879749873
2024-05-04T05:24:01.944543+00:00,sell,32.17,3106.096175,49.96155697487501,entry,2024-05-04T05:23:00+00:00,3113.597343889939,2997.329226095885
2024-05-04T05:35:31.224456+00:00,buy,32.17,3115.65705,50.11534364925,stop_loss,2024-05-04T05:23:00+00:00,3113.597343889939,2997.329226095885
2024-05-04T06:41:01.452856+00:00,sell,32.18,3105.7963250000003,49.97226286925,entry,2024-05-04T06:40:00+00:00,3111.780907017939,3019.019885739886
2024-05-04T09:03:07.126351+00:00,buy,32.18,3113.4059249999996,50.09470133324999,stop_loss,2024-05-04T06:40:00+00:00,3111.780907017939,3019.019885739886
2024-05-04T09:32:30.263939+00:00,sell,32.2,3103.8473000000004,49.97194153000001,entry,2024-05-04T09:31:00+00:00,3108.983392065738,3029.373965046806
2024-05-04T10:06:41.932431+00:00,buy,32.2,3110.8046249999998,50.083954462499996,stop_loss,2024-05-04T09:31:00+00:00,3108.983392065738,3029.373965046806
2024-05-04T13:38:02.534285+00:00,sell,32.03,3120.289075,49.97142953612501,entry,2024-05-04T13:37:00+00:00,3128.327031909125,3003.7386998176926
2024-05-04T13:45:40.744003+00:00,buy,32.03,3130.414425,50.133587016375,stop_loss,2024-05-04T13:37:00+00:00,3128.327031909125,3003.7386998176926
2024-05-04T14:04:05.540822+00:00,sell,32.0,3122.4879750000005,49.959807600000005,entry,2024-05-04T14:03:00+00:00,3126.5405657083097,3063.7254097295163
2024-05-04T14:07:36.836342+00:00,buy,32.0,3128.2633499999997,50.052213599999995,stop_loss,2024-05-04T14:03:00+00:00,3126.5405657083097,3063.7254097295163
2024-05-04T15:03:32.611441+00:00,sell,32.01,3121.8383000000003,49.96502199150001,entry,2024-05-04T15:02:00+00:00,3129.6231305737515,3008.9582566806084
2024-05-04T17:02:36.002201+00:00,buy,32.01,3131.565,50.12069782499999,stop_loss,2024-05-04T15:02:00+00:00,3129.6231305737515,3008.9582566806084
2024-05-04T17:18:05.052035+00:00,sell,32.01,3121.53845,49.96022289225,entry,2024-05-04T17:17:00+00:00,3129.0003565925003,3013.3408044087455
2024-05-04T18:33:02.760937+00:00,buy,32.01,3131.5149749999996,50.11989717487499,stop_loss,2024-05-04T17:17:00+00:00,3129.0003565925003,3013.3408044087455
2024-05-04T21:34:03.448652+00:00,sell,32.01,3122.0382,49.968221391,entry,2024-05-04T21:33:00+00:00,3127.251517934373,3046.4450899515887
2024-05-04T21:51:43.415821+00:00,buy,32.01,3128.8636500000002,50.07746271825,stop_loss,2024-05-04T21:33:00+00:00,3127.251517934373,3046.4450899515887
2024-05-04T22:17:45.351957+00:00,sell,32.13,3110.793825,49.97490279862501,entry,2024-05-04T22:16:00+00:00,3115.6423286470285,3040.4905221180893
2024-05-04T22:22:03.269467+00:00,buy,32.13,3117.4079249999995,50.081158315124995,stop_loss,2024-05-04T22:16:00+00:00,3115.6423286470285,3040.4905221180893
2024-05-04T22:38:02.861589+00:00,sell,32.15,3108.6449,49.9714667675,entry,2024-05-04T22:37:00+00:00,3113.845919402756,3033.2301186600353
2024-05-04T23:13:11.650045+00:00,buy,32.15,3115.506975,50.08177462312499,stop_loss,2024-05-04T22:37:00+00:00,3113.845919402756,3033.2301186600353
2024-05-04T23:44:24.604931+00:00,sell,32.1,3113.4425,49.970752125000004,entry,2024-05-04T23:43:00+00:00,3117.833789988006,3049.768795173912
2024-05-05T00:00:35.430450+00:00,buy,32.1,3119.5589999999997,50.06892195,stop_loss,2024-05-04T23:43:00+00:00,3117.833789988006,3049.768795173912
2024-05-05T00:35:01.073311+00:00,sell,32.160000000000004,3107.1956250000003,49.96370565000001,entry,2024-05-05T00:34:00+00:00,3116.2504424329786,2975.900772221815
2024-05-05T08:16:27.538218+00:00,buy,32.160000000000004,3118.108275,50.139181062000006,stop_loss,2024-05-05T00:34:00+00:00,3116.2504424329786,2975.900772221815
2024-05-06T01:33:11.996314+00:00,sell,31.76,3146.575925,49.967625689,entry,2024-05-06T01:32:00+00:00,3152.6251578229003,3058.8620490679473
2024-05-06T02:14:51.948262+00:00,buy,31.76,3154.2763499999996,50.089908438,stop_loss,2024-05-06T01:32:00+00:00,3152.6251578229003,3058.8620490679473
2024-05-06T02:52:03.144057+00:00,sell,31.810000000000002,3141.7283500000003,49.96918940675001,entry,2024-05-06T02:51:00+00:00,3146.5487238268765,3071.832929510295
2024-05-06T04:57:08.332596+00:00,buy,31.810000000000002,3148.7735999999995,50.081244108,stop_loss,2024-05-06T02:51:00+00:00,3146.5487238268765,3071.832929510295
2024-05-06T10:40:21.123911+00:00,sell,31.580000000000002,3164.0172000000002,49.95983158800001,entry,2024-05-06T10:39:00+00:00,3175.8854483792843,2991.9275985003815
2024-05-08T07:51:05.641281+00:00,buy,31.580000000000002,2993.2458749999996,47.26335236625,fixed_target,2024-05-06T10:39:00+00:00,3175.8854483792843,2991.9275985003815
2024-05-08T07:56:19.697293+00:00,sell,33.410000000000004,2991.553475,49.97390079987501,entry,2024-05-08T07:55:00+00:00,3000.0199745991304,2868.789230812612
2024-05-08T08:03:28.562068+00:00,buy,33.410000000000004,3002.1002999999996,50.1500855115,stop_loss,2024-05-08T07:55:00+00:00,3000.0199745991304,2868.789230812612
2024-05-08T08:07:11.230842+00:00,sell,33.45,2987.7054,49.96937281500001,entry,2024-05-08T08:06:00+00:00,2997.351096179003,2847.8428054044543
2024-05-08T08:15:02.302847+00:00,buy,33.45,2998.9987499999997,50.15825409375,stop_loss,2024-05-08T08:06:00+00:00,2997.351096179003,2847.8428054044543
2024-05-08T08:41:08.234410+00:00,sell,33.32,2998.99975,49.963335835,entry,2024-05-08T08:40:00+00:00,3004.2375633240968,2923.0514568005965
2024-05-08T09:01:01.120593+00:00,buy,33.32,3006.5025,50.08833165,stop_loss,2024-05-08T08:40:00+00:00,3004.2375633240968,2923.0514568005965
2024-05-08T09:20:02.993417+00:00,sell,33.43,2989.654425,49.972073713875005,entry,2024-05-08T09:19:00+00:00,2998.871728367028,2856.0035261780963
2024-05-08T09:57:30.454606+00:00,buy,33.43,3000.39945,50.15167680675,stop_loss,2024-05-08T09:19:00+00:00,2998.871728367028,2856.0035261780963
2024-05-08T10:39:02.776654+00:00,sell,33.31,3000.449025,49.972478511375,entry,2024-05-08T10:38:00+00:00,3005.17147001112,2931.9735723387557
2024-05-08T10:46:27.820502+00:00,buy,33.31,3007.3029,50.08662979950001,stop_loss,2024-05-08T10:38:00+00:00,3005.17147001112,2931.9735723387557
2024-05-08T11:01:26.002312+00:00,sell,33.31,2999.949275,49.964155175125,entry,2024-05-08T11:00:00+00:00,3005.899486087911,2913.671214225288
2024-05-08T11:04:11.352671+00:00,buy,33.31,3007.7030999999997,50.0932951305,stop_loss,2024-05-08T11:00:00+00:00,3005.899486087911,2913.671214225288
2024-05-08T11:09:02.661754+00:00,sell,33.38,2993.652425,49.96405897325001,entry,2024-05-08T11:08:00+00:00,3004.357468695656,2838.4292914129937
2024-05-08T12:08:09.787937+00:00,buy,33.38,3006.5025,50.178526725000005,stop_loss,2024-05-08T11:08:00+00:00,3004.357468695656,2838.4292914129937
2024-05-08T12:35:36.971121+00:00,sell,33.42,2990.3041000000003,49.967981511000005,entry,2024-05-08T12:34:00+00:00,2998.577059151227,2870.3461923072146
2024-05-08T12:55:30.834770+00:00,buy,33.42,3000.39945,50.1366748095,stop_loss,2024-05-08T12:34:00+00:00,2998.577059151227,2870.3461923072146
2024-05-08T13:41:39.577592+00:00,sell,33.32,2999.19965,49.96666616900001,entry,2024-05-08T13:40:00+00:00,3004.412287127975,2923.6164116443615
2024-05-08T13:43:18.300691+00:00,buy,33.32,3006.3524249999996,50.08583140049999,stop_loss,2024-05-08T13:40:00+00:00,3004.412287127975,2923.6164116443615
2024-05-08T15:12:17.188172+00:00,sell,33.27,3003.4975,49.96318091250001,entry,2024-05-08T15:11:00+00:00,3009.7494335573515,2912.8444634184025
2024-05-08T15:49:41.861492+00:00,buy,33.27,3012.7056,50.116357656,stop_loss,2024-05-08T15:11:00+00:00,3009.7494335573515,2912.8444634184025
2024-05-08T16:36:02.719993+00:00,sell,33.28,3002.448025,49.960735136000004,entry,2024-05-08T16:35:00+00:00,3009.8259963379664,2895.467440599489
2024-05-08T16:55:32.728623+00:00,buy,33.28,3011.5049999999997,50.1114432,stop_loss,2024-05-08T16:35:00+00:00,3009.8259963379664,2895.467440599489
2024-05-08T17:41:02.428878+00:00,sell,33.26,3004.8968000000004,49.971433784,entry,2024-05-08T17:40:00+00:00,3009.3092758181815,2940.915900636375
2024-05-08T17:46:35.376127+00:00,buy,33.26,3010.9047,50.071345160999996,stop_loss,2024-05-08T17:40:00+00:00,3009.3092758181815,2940.915900636375
2024-05-08T19:14:03.004033+00:00,sell,33.32,2999.59945,49.973326837,entry,2024-05-08T19:13:00+00:00,3010.864691914074,2836.253442245933
2024-05-09T05:23:12.594133+00:00,buy,33.32,3012.4054499999997,50.186674797,stop_loss,2024-05-08T19:13:00+00:00,3010.864691914074,2836.253442245933
2024-05-09T07:32:10.979757+00:00,sell,33.42,2990.154175,49.96547626425001,entry,2024-05-09T07:31:00+00:00,2993.249703347083,2945.2690139672964
2024-05-09T07:34:11.217089+00:00,buy,33.42,2995.046775,50.04723161025,stop_loss,2024-05-09T07:31:00+00:00,2993.249703347083,2945.2690139672964
2024-05-09T07:47:01.800189+00:00,sell,33.51,2982.20815,49.96689755325,entry,2024-05-09T07:46:00+00:00,2990.9544101624556,2855.387377644393
2024-05-09T08:04:28.592399+00:00,buy,33.51,2992.4955,50.1392621025,stop_loss,2024-05-09T07:46:00+00:00,2990.9544101624556,2855.387377644393
2024-05-09T08:52:51.935968+00:00,sell,33.55,2979.00975,49.97288855625,entry,2024-05-09T08:51:00+00:00,2984.226924296913,2903.360722694767
2024-05-09T08:56:20.660821+00:00,buy,33.55,2985.942225,50.08918082437499,stop_loss,2024-05-09T08:51:00+00:00,2984.226924296913,2903.360722694767
2024-05-09T09:18:02.612742+00:00,sell,33.55,2978.8098500000006,49.96953523375001,entry,2024-05-09T09:17:00+00:00,2983.909179724968,2904.8695689879723
2024-05-09T10:00:16.483995+00:00,buy,33.55,2985.4919999999997,50.08162829999999,stop_loss,2024-05-09T09:17:00+00:00,2983.909179724968,2904.8695689879723
2024-05-09T10:17:02.599823+00:00,sell,33.63,2971.263625,49.96179785437501,entry,2024-05-09T10:16:00+00:00,2977.046669876838,2887.4094742858465
2024-05-09T10:49:10.592854+00:00,buy,33.63,2978.538525,50.084125297875005,stop_loss,2024-05-09T10:16:00+00:00,2977.046669876838,2887.4094742858465
2024-05-09T10:56:03.528237+00:00,sell,33.68,2967.21565,49.967911546,entry,2024-05-09T10:55:00+00:00,2974.1828747790996,2866.190890703057
2024-05-09T11:26:39.924150+00:00,buy,33.68,2976.1873499999997,50.118994973999996,stop_loss,2024-05-09T10:55:00+00:00,2974.1828747790996,2866.190890703057
2024-05-09T12:26:02.684815+00:00,sell,33.56,2977.7603750000003,49.96681909250001,entry,2024-05-09T12:25:00+00:00,2981.3720726342967,2925.390759302702
2024-05-09T12:30:03.263964+00:00,buy,33.56,2983.9412249999996,50.070533755499994,stop_loss,2024-05-09T12:25:00+00:00,2981.3720726342967,2925.390759302702
2024-05-09T13:02:11.516011+00:00,sell,33.5,2983.1576750000004,49.96789105625001,entry,2024-05-09T13:01:00+00:00,2989.430942013694,2892.1953033014397
2024-05-09T13:12:51.683754+00:00,buy,33.5,2991.645075,50.11005500625,stop_loss,2024-05-09T13:01:00+00:00,2989.430942013694,2892.1953033014397
2024-05-09T13:28:02.388513+00:00,sell,33.49,2983.9073000000003,49.96552773850001,entry,2024-05-09T13:27:00+00:00,2987.9806559742383,2924.8436383735498
2024-05-09T14:07:10.448179+00:00,buy,33.49,2989.7441249999997,50.063265373125,stop_loss,2024-05-09T13:27:00+00:00,2987.9806559742383,2924.8436383735498
2024-05-10T00:26:12.640157+00:00,sell,33.07,3021.938275,49.967749377125,entry,2024-05-10T00:25:00+00:00,3027.4383568368135,2942.1870883662045
2024-05-10T00:27:47.532734+00:00,buy,33.07,3029.1137999999996,50.08639668299999,stop_loss,2024-05-10T00:25:00+00:00,3027.4383568368135,2942.1870883662045
2024-05-10T01:13:01.505838+00:00,sell,33.09,3020.489,49.97399050500001,entry,2024-05-10T01:12:00+00:00,3025.1761107957473,2952.525893461665
2024-05-10T01:15:58.452693+00:00,buy,33.09,3027.863175,50.09599623037501,stop_loss,2024-05-10T01:12:00+00:00,3025.1761107957473,2952.525893461665
2024-05-10T02:51:02.254604+00:00,sell,33.04,3025.0867000000003,49.974432284,entry,2024-05-10T02:50:00+00:00,3030.9972546905988,2939.3836569863224
2024-05-10T02:58:49.700347+00:00,buy,33.04,3032.665575,50.099635299,stop_loss,2024-05-10T02:50:00+00:00,3030.9972546905988,2939.3836569863224
2024-05-10T04:11:02.705701+00:00,sell,33.04,3024.836825,49.970304349,entry,2024-05-10T04:10:00+00:00,3027.995437102201,2979.0369495180853
2024-05-10T04:12:52.401092+00:00,buy,33.04,3029.564025,50.048397693,stop_loss,2024-05-10T04:10:00+00:00,3027.995437102201,2979.0369495180853
2024-05-10T05:11:01.257913+00:00,sell,33.03,3025.7863500000003,49.97086157025001,entry,2024-05-10T05:10:00+00:00,3030.824494669069,2952.733252298507
2024-05-10T05:47:11.138915+00:00,buy,33.03,3032.4654749999995,50.08116731962499,stop_loss,2024-05-10T05:10:00+00:00,3030.824494669069,2952.733252298507
2024-05-10T08:17:02.912143+00:00,sell,32.980000000000004,3030.18415,49.9677366335,entry,2024-05-10T08:16:00+00:00,3035.6207053560033,2951.354097337952
2024-05-10T08:18:32.240973+00:00,buy,32.980000000000004,3037.7180999999996,50.091971469,stop_loss,2024-05-10T08:16:00+00:00,3035.6207053560033,2951.354097337952
2024-05-10T08:42:01.986206+00:00,sell,32.97,3030.633925,49.960000253625005,entry,2024-05-10T08:41:00+00:00,3034.687330674252,2971.85954272335
2024-05-10T08:50:03.591706+00:00,buy,32.97,3036.3174,50.053692338999994,stop_loss,2024-05-10T08:41:00+00:00,3034.687330674252,2971.85954272335
2024-05-10T10:05:17.276485+00:00,sell,33.0,3028.485,49.97000250000001,entry,2024-05-10T10:04:00+00:00,3031.990773873713,2977.6512788311647
2024-05-10T10:23:58.516401+00:00,buy,33.0,3033.7160999999996,50.056315649999995,stop_loss,2024-05-10T10:04:00+00:00,3031.990773873713,2977.6512788311647
2024-05-10T11:04:03.223953+00:00,sell,33.02,3026.4860000000003,49.96728386000001,entry,2024-05-10T11:03:00+00:00,3031.0679915700844,2960.047122233782
2024-05-10T11:06:02.312209+00:00,buy,33.02,3033.1157999999996,50.076741858000005,stop_loss,2024-05-10T11:03:00+00:00,3031.0679915700844,2960.047122233782
2024-05-10T11:14:10.598979+00:00,sell,33.03,3025.6864,49.96921089600001,entry,2024-05-10T11:13:00+00:00,3029.2139335855177,2974.5371630099944
2024-05-10T11:18:02.820097+00:00,buy,33.03,3030.81465,50.05390394475,stop_loss,2024-05-10T11:13:00+00:00,3029.2139335855177,2974.5371630099944
2024-05-10T12:44:02.268825+00:00,sell,33.0,3028.6849,49.97330085,entry,2024-05-10T12:43:00+00:00,3032.637243929494,2971.375913022338
2024-05-10T14:35:35.860066+00:00,buy,33.0,2972.2854,49.0427091,fixed_target,2024-05-10T12:43:00+00:00,3032.637243929494,2971.375913022338
2024-05-10T14:36:38.052267+00:00,sell,33.68,2967.01575,49.964545230000006,entry,2024-05-10T14:35:00+00:00,2980.592910566766,2770.146921781893
2024-05-13T08:26:25.312823+00:00,buy,33.68,2983.0908,50.235249072,stop_loss,2024-05-10T14:35:00+00:00,2980.592910566766,2770.146921781893
2024-05-13T18:12:10.611941+00:00,sell,34.05,2934.6819250000003,49.96295977312501,entry,2024-05-13T18:11:00+00:00,2938.424705245167,2880.4116114450844
2024-05-13T18:15:39.023746+00:00,buy,34.05,2940.0692999999997,50.05467983249999,stop_loss,2024-05-13T18:11:00+00:00,2938.424705245167,2880.4116114450844
2024-05-13T18:22:00.086645+00:00,sell,34.12,2928.83485,49.965922541,entry,2024-05-13T18:21:00+00:00,2938.0520016652786,2795.186150853464
2024-05-13T18:23:02.180098+00:00,buy,34.12,2939.9192249999996,50.155021978499995,stop_loss,2024-05-13T18:21:00+00:00,2938.0520016652786,2795.186150853464
2024-05-14T00:08:02.524869+00:00,sell,33.95,2943.5774750000005,49.96722763812501,entry,2024-05-14T00:07:00+00:00,2947.610673191564,2885.0961012223324
2024-05-14T00:10:02.969076+00:00,buy,33.95,2954.1263249999997,50.146294366875004,stop_loss,2024-05-14T00:07:00+00:00,2947.610673191564,2885.0961012223324
2024-05-14T00:47:02.804320+00:00,sell,34.03,2936.8308500000003,49.97017691275001,entry,2024-05-14T00:46:00+00:00,2951.7098003302704,2721.086070211084
2024-05-14T01:05:30.516259+00:00,buy,34.03,2954.0762999999997,50.2636082445,stop_loss,2024-05-14T00:46:00+00:00,2951.7098003302704,2721.086070211084
2024-05-14T01:43:41.516443+00:00,sell,33.92,2946.0762250000002,49.96545277600001,entry,2024-05-14T01:42:00+00:00,2957.6271820454876,2778.587347840433
2024-05-15T12:32:03.238405+00:00,buy,33.92,2960.8797,50.216519712,stop_loss,2024-05-14T01:42:00+00:00,2957.6271820454876,2778.587347840433
2024-05-16T00:32:11.282424+00:00,sell,33.1,3018.98975,49.96428036250001,entry,2024-05-16T00:31:00+00:00,3027.6508701424204,2893.4035079349064
2024-05-16T00:34:45.288536+00:00,buy,33.1,3030.3144,50.15170332000001,stop_loss,2024-05-16T00:31:00+00:00,3027.6508701424204,2893.4035079349064
2024-05-16T01:22:10.944611+00:00,sell,33.13,3016.2911000000004,49.96486207150001,entry,2024-05-16T01:21:00+00:00,3020.043831938842,2961.8764868868
2024-05-16T01:25:07.404216+00:00,buy,33.13,3021.560025,50.05214181412501,stop_loss,2024-05-16T01:21:00+00:00,3020.043831938842,2961.8764868868
2024-05-16T01:47:23.009726+00:00,sell,33.17,3013.0427250000002,49.97131359412501,entry,2024-05-16T01:46:00+00:00,3016.554394269178,2962.123520596924
2024-05-16T01:53:02.569103+00:00,buy,33.17,3018.1083,50.0553261555,stop_loss,2024-05-16T01:46:00+00:00,3016.554394269178,2962.123520596924
2024-05-16T02:44:00.693360+00:00,sell,33.24,3006.7958500000004,49.97294702700001,entry,2024-05-16T02:43:00+00:00,3011.6733677891993,2936.0718420566163
2024-05-16T03:24:34.072720+00:00,buy,33.24,3013.255875,50.080312642500004,stop_loss,2024-05-16T02:43:00+00:00,3011.6733677891993,2936.0718420566163
2024-05-16T04:48:14.896188+00:00,sell,33.24,3006.0462250000005,49.96048825950001,entry,2024-05-16T04:47:00+00:00,3009.938367770396,2949.6101548292677
2024-05-16T05:37:33.297861+00:00,buy,33.24,3011.8551749999997,50.0570330085,stop_loss,2024-05-16T04:47:00+00:00,3009.938367770396,2949.6101548292677
2024-05-16T06:47:02.657928+00:00,sell,33.15,3014.19215,49.96023488624999,entry,2024-05-16T06:46:00+00:00,3017.2379704681703,2970.0277532115288
2024-05-16T07:02:11.502210+00:00,buy,33.15,3019.2088499999995,50.04338668874999,stop_loss,2024-05-16T06:46:00+00:00,3017.2379704681703,2970.0277532115288
2024-05-16T07:26:02.798424+00:00,sell,33.15,3015.0417250000005,49.97431659187501,entry,2024-05-16T07:25:00+00:00,3018.2807974186157,2968.0751749300794
2024-05-16T07:31:32.405480+00:00,buy,33.15,3020.2093499999996,50.059969976249995,stop_loss,2024-05-16T07:25:00+00:00,3018.2807974186157,2968.0751749300794
2024-05-16T07:51:04.932572+00:00,sell,33.17,3012.59295,49.96385407575001,entry,2024-05-16T07:50:00+00:00,3018.779564684802,2922.8870370703717
2024-05-16T08:06:22.476680+00:00,buy,33.17,3020.3094,50.091831399,stop_loss,2024-05-16T07:50:00+00:00,3018.779564684802,2922.8870370703717
2024-05-16T09:22:36.268874+00:00,sell,33.29,3001.59845,49.961606200249996,entry,2024-05-16T09:21:00+00:00,3006.1658260116615,2935.371497830908
2024-05-16T09:38:33.288998+00:00,buy,33.29,3008.653575,50.079038755875,stop_loss,2024-05-16T09:21:00+00:00,3006.1658260116615,2935.371497830908
2024-05-16T10:51:40.200610+00:00,sell,33.36,2995.40155,49.963297854,entry,2024-05-16T10:50:00+00:00,2998.8335639608936,2945.637347567044
2024-05-16T10:55:46.404572+00:00,buy,33.36,3000.749625,50.052503744999996,stop_loss,2024-05-16T10:50:00+00:00,2998.8335639608936,2945.637347567044
2024-05-16T11:04:10.292744+00:00,sell,33.39,2993.20265,49.971518241750005,entry,2024-05-16T11:03:00+00:00,2999.3408457719675,2904.1988113064745
2024-05-16T11:21:17.951951+00:00,buy,33.39,3001.1998499999995,50.10503149575,stop_loss,2024-05-16T11:03:00+00:00,2999.3408457719675,2904.1988113064745
2024-05-16T12:06:01.975565+00:00,sell,33.34,2997.60045,49.969999501500006,entry,2024-05-16T12:05:00+00:00,3003.8716525043733,2906.668013686586
2024-05-16T12:30:14.828683+00:00,buy,33.34,3009.4539749999994,50.167597763249994,stop_loss,2024-05-16T12:05:00+00:00,3003.8716525043733,2906.668013686586
2024-05-16T12:37:44.396147+00:00,sell,33.57,2976.5609750000003,49.961575965375005,entry,2024-05-16T12:36:00+00:00,2991.9077561089753,2754.0326489198637
2024-05-16T12:46:52.309803+00:00,buy,33.57,2993.7461249999997,50.250028708124994,stop_loss,2024-05-16T12:36:00+00:00,2991.9077561089753,2754.0326489198637
2024-05-16T13:03:24.896301+00:00,sell,33.62,2972.5130000000004,49.96794353000001,entry,2024-05-16T13:02:00+00:00,2979.8444112998654,2866.207536151957
2024-05-16T13:30:36.127584+00:00,buy,33.62,2981.439975,50.118005979749995,stop_loss,2024-05-16T13:02:00+00:00,2979.8444112998654,2866.207536151957
2024-05-16T14:07:02.288534+00:00,sell,33.61,2973.7124,49.973236882,entry,2024-05-16T14:06:00+00:00,2984.9712595692245,2810.458936246244
2024-05-17T07:12:24.538837+00:00,buy,33.61,2986.4925,50.18800646249999,stop_loss,2024-05-16T14:06:00+00:00,2984.9712595692245,2810.458936246244
2024-05-18T00:32:11.049039+00:00,sell,32.39,3085.7563500000006,49.97382408825001,entry,2024-05-18T00:31:00+00:00,3091.3335606912865,3004.8867949763544
2024-05-18T00:38:59.273058+00:00,buy,32.39,3093.44595,50.098357160249996,stop_loss,2024-05-18T00:31:00+00:00,3091.3335606912865,3004.8867949763544
2024-05-18T01:20:22.800358+00:00,sell,32.36,3088.105175,49.965541731500004,entry,2024-05-18T01:19:00+00:00,3094.277400916896,2998.607899205009
2024-05-18T01:36:04.949680+00:00,buy,32.36,3096.7475999999997,50.105376168,stop_loss,2024-05-18T01:19:00+00:00,3094.277400916896,2998.607899205009
2024-05-18T05:46:02.700387+00:00,sell,32.27,3097.100675,49.971719391125006,entry,2024-05-18T05:45:00+00:00,3105.4507546920545,2976.024519465212
2024-05-18T07:23:45.664689+00:00,buy,32.27,3108.303375,50.152474955625,stop_loss,2024-05-18T05:45:00+00:00,3105.4507546920545,2976.024519465212
2024-05-18T07:48:04.764539+00:00,sell,32.25,3098.799825,49.968147178125,entry,2024-05-18T07:47:00+00:00,3104.3584330421195,3018.200008389268
2024-05-18T07:54:11.105033+00:00,buy,32.25,3106.3524,50.08993245,stop_loss,2024-05-18T07:47:00+00:00,3104.3584330421195,3018.200008389268
2024-05-18T12:58:37.304199+00:00,sell,32.07,3116.1911250000003,49.96812468937501,entry,2024-05-18T12:57:00+00:00,3121.43558948915,3040.1463899073287
2024-05-18T13:18:14.067962+00:00,buy,32.07,3123.210825,50.080685578875006,stop_loss,2024-05-18T12:57:00+00:00,3121.43558948915,3040.1463899073287
2024-05-18T13:34:10.284782+00:00,sell,32.08,3114.7418500000003,49.960459274,entry,2024-05-18T13:33:00+00:00,3119.085910455725,3051.752973391995
2024-05-18T16:27:35.980999+00:00,buy,32.08,3120.809625,50.05778638499999,stop_loss,2024-05-18T13:33:00+00:00,3119.085910455725,3051.752973391995
2024-05-18T16:56:04.303360+00:00,sell,32.14,3108.894775,49.959939034250006,entry,2024-05-18T16:55:00+00:00,3112.6873439079504,3053.902525834722
2024-05-18T17:00:27.870551+00:00,buy,32.14,3114.3063749999997,50.04690344625,stop_loss,2024-05-18T16:55:00+00:00,3112.6873439079504,3053.902525834722
2024-05-18T17:35:45.824854+00:00,sell,32.11,3112.1931250000002,49.966260621875,entry,2024-05-18T17:34:00+00:00,3116.4690726161184,3050.1918845662867
2024-05-18T18:02:59.135691+00:00,buy,32.11,3118.3584,50.065244112,stop_loss,2024-05-18T17:34:00+00:00,3116.4690726161184,3050.1918845662867
2024-05-18T18:22:43.813508+00:00,sell,32.14,3108.9947250000005,49.96154523075001,entry,2024-05-18T18:21:00+00:00,3113.1587235811717,3048.6167455730183
2024-05-18T18:28:10.805128+00:00,buy,32.14,3115.406925,50.06458928475,stop_loss,2024-05-18T18:21:00+00:00,3113.1587235811717,3048.6167455730183
2024-05-18T20:09:02.772603+00:00,sell,32.09,3114.442,49.97122189000001,entry,2024-05-18T20:08:00+00:00,3118.8511562738527,3050.5092340291367
2024-05-18T20:25:58.399388+00:00,buy,32.09,3120.509475,50.068574526375,stop_loss,2024-05-18T20:08:00+00:00,3118.8511562738527,3050.5092340291367
2024-05-18T21:23:02.930897+00:00,sell,32.11,3111.893275,49.961446530124995,entry,2024-05-18T21:22:00+00:00,3118.73385365481,3012.7048845052536
2024-05-18T22:18:45.994489+00:00,buy,32.11,3120.5595,50.1005827725,stop_loss,2024-05-18T21:22:00+00:00,3118.73385365481,3012.7048845052536
2024-05-19T00:33:46.315733+00:00,sell,32.04,3119.13965,49.968617193,entry,2024-05-19T00:32:00+00:00,3122.93273461541,3064.1399230765555
2024-05-19T02:06:58.468839+00:00,buy,32.04,3124.5615,50.05547523,stop_loss,2024-05-19T00:32:00+00:00,3122.93273461541,3064.1399230765555
2024-05-19T04:21:44.858090+00:00,sell,32.05,3117.890275,49.964191656875,entry,2024-05-19T04:20:00+00:00,3123.8090710997108,3032.067731554197
2024-05-19T04:48:35.227903+00:00,buy,32.05,3125.411925,50.084726098124996,stop_loss,2024-05-19T04:20:00+00:00,3123.8090710997108,3032.067731554197
2024-05-19T05:15:36.899863+00:00,sell,32.04,3119.0397000000003,49.967015994,entry,2024-05-19T05:14:00+00:00,3122.095322133136,3074.7331790695316
2024-05-19T05:36:58.527917+00:00,buy,32.04,3124.5615,50.05547523,stop_loss,2024-05-19T05:14:00+00:00,3122.095322133136,3074.7331790695316
2024-05-19T05:47:34.180255+00:00,sell,32.06,3116.890775,49.96375912325,entry,2024-05-19T05:46:00+00:00,3120.785348849044,3060.4194541888583
2024-05-19T05:50:47.582176+00:00,buy,32.06,3122.5605,50.05464481500001,stop_loss,2024-05-19T05:46:00+00:00,3120.785348849044,3060.4194541888583
2024-05-19T06:08:04.411976+00:00,sell,32.08,3115.34155,49.970078462,entry,2024-05-19T06:07:00+00:00,3119.0243266631837,3061.9412883838377
2024-05-19T07:28:56.812203+00:00,buy,32.08,3120.609525,50.054576780999994,stop_loss,2024-05-19T06:07:00+00:00,3119.0243266631837,3061.9412883838377
2024-05-19T08:38:00.676189+00:00,sell,32.17,3106.6459,49.9703993015,entry,2024-05-19T08:37:00+00:00,3113.5864166745173,3006.008408219499
2024-05-19T10:01:10.024312+00:00,buy,32.17,3115.2068249999998,50.108101780125,stop_loss,2024-05-19T08:37:00+00:00,3113.5864166745173,3006.008408219499
2024-05-19T10:50:01.872575+00:00,sell,32.15,3108.2451000000005,49.96503998250001,entry,2024-05-19T10:49:00+00:00,3119.5078076299055,2944.9358393663783
2024-05-20T04:42:23.948598+00:00,buy,32.15,3121.45995,50.17746869625,stop_loss,2024-05-19T10:49:00+00:00,3119.5078076299055,2944.9358393663783
2024-05-20T06:12:03.360466+00:00,sell,32.21,3102.34805,49.96331534525,entry,2024-05-20T06:11:00+00:00,3114.631457453211,2924.238641928439
2024-05-20T15:24:27.061150+00:00,buy,32.21,3117.5079749999995,50.207465937375,stop_loss,2024-05-20T06:11:00+00:00,3114.631457453211,2924.238641928439
2024-05-21T01:16:09.630854+00:00,sell,27.21,3672.163,49.959777615,entry,2024-05-21T01:15:00+00:00,3680.3310868991957,3553.725739961662
2024-05-21T01:39:01.943736+00:00,buy,27.21,3682.6403999999998,50.102322642,stop_loss,2024-05-21T01:15:00+00:00,3680.3310868991957,3553.725739961662
2024-05-21T02:05:02.664262+00:00,sell,27.19,3674.86165,49.95974413175,entry,2024-05-21T02:04:00+00:00,3684.5946751030183,3533.7327860062323
2024-05-21T02:42:13.168224+00:00,buy,27.19,3687.34275,50.129424686250005,stop_loss,2024-05-21T02:04:00+00:00,3684.5946751030183,3533.7327860062323
2024-05-21T04:41:08.079787+00:00,sell,27.2,3674.1620000000003,49.968603200000004,entry,2024-05-21T04:40:00+00:00,3682.3134196297265,3555.96641536897
2024-05-21T06:37:17.612074+00:00,buy,27.2,3684.191175,50.10499998,stop_loss,2024-05-21T04:40:00+00:00,3682.3134196297265,3555.96641536897
2024-05-21T06:53:35.712389+00:00,sell,27.27,3664.26695,49.962279863250004,entry,2024-05-21T06:52:00+00:00,3674.1107493215745,3521.5318598371723
2024-05-21T07:32:10.683978+00:00,buy,27.27,3676.6374,50.130950949,stop_loss,2024-05-21T06:52:00+00:00,3674.1107493215745,3521.5318598371723
2024-05-21T07:41:01.733035+00:00,sell,27.28,3663.5673,49.971057972000004,entry,2024-05-21T07:40:00+00:00,3668.677811755532,3589.464879544791
2024-05-21T07:48:58.657197+00:00,buy,27.28,3672.5353499999997,50.093382174,stop_loss,2024-05-21T07:40:00+00:00,3668.677811755532,3589.464879544791
2024-05-21T07:56:02.193088+00:00,sell,27.3,3660.2189750000002,49.96198900875,entry,2024-05-21T07:55:00+00:00,3666.1090020084152,3574.8135833779825
2024-05-21T09:01:53.643984+00:00,buy,27.3,3668.7334499999997,50.0782115925,stop_loss,2024-05-21T07:55:00+00:00,3666.1090020084152,3574.8135833779825
2024-05-21T09:26:00.000718+00:00,sell,27.310000000000002,3659.0195750000003,49.96391229662501,entry,2024-05-21T09:25:00+00:00,3665.062065918372,3571.4034566836117
2024-05-21T09:30:11.280648+00:00,buy,27.310000000000002,3667.0325999999995,50.07333015299999,stop_loss,2024-05-21T09:25:00+00:00,3665.062065918372,3571.4034566836117
2024-05-21T17:11:09.964387+00:00,sell,26.68,3745.1265000000003,49.959987510000005,entry,2024-05-21T17:10:00+00:00,3769.822264682262,3387.0379121072074
2024-05-21T22:09:07.787601+00:00,buy,26.68,3773.6859,50.340969906,stop_loss,2024-05-21T17:10:00+00:00,3769.822264682262,3387.0379121072074
2024-05-22T00:35:02.964152+00:00,sell,26.38,3788.2049500000003,49.9664232905,entry,2024-05-22T00:34:00+00:00,3794.591248117434,3695.6036272972096
2024-05-22T02:03:12.128647+00:00,buy,26.38,3796.547325,50.07645921675,stop_loss,2024-05-22T00:34:00+00:00,3794.591248117434,3695.6036272972096
2024-05-22T02:32:09.728984+00:00,sell,26.400000000000002,3785.6062500000003,49.970002500000014,entry,2024-05-22T02:31:00+00:00,3791.3141034977875,3702.842374282085
2024-05-22T02:50:30.284060+00:00,buy,26.400000000000002,3795.246675,50.097256110000004,stop_loss,2024-05-22T02:31:00+00:00,3791.3141034977875,3702.842374282085
2024-05-22T03:37:57.207384+00:00,sell,26.400000000000002,3785.556275,49.96934283,entry,2024-05-22T03:36:00+00:00,3799.68132811379,3580.743004850041
2024-05-23T06:52:10.456882+00:00,buy,26.400000000000002,3801.79995,50.18375934,stop_loss,2024-05-22T03:36:00+00:00,3799.68132811379,3580.743004850041
2024-05-23T13:46:37.744138+00:00,sell,26.28,3802.6477250000003,49.96679110650001,entry,2024-05-23T13:45:00+00:00,3820.90056511163,3537.98154338137
2024-05-23T14:14:58.012869+00:00,buy,26.28,3826.3122,50.277742308,stop_loss,2024-05-23T13:45:00+00:00,3820.90056511163,3537.98154338137
2024-05-23T14:42:43.068041+00:00,sell,26.45,3778.11,49.96550475,entry,2024-05-23T14:41:00+00:00,3796.911381659356,3505.4899659393427
2024-05-23T15:13:40.591961+00:00,buy,26.45,3799.148625,50.243740565625,stop_loss,2024-05-23T14:41:00+00:00,3796.911381659356,3505.4899659393427
2024-05-23T15:44:42.430184+00:00,sell,26.240000000000002,3808.8946000000005,49.97269715200001,entry,2024-05-23T15:43:00+00:00,3824.6340799919317,3580.672140116999
2024-05-23T17:32:35.291329+00:00,buy,26.240000000000002,3826.9125,50.209092000000005,stop_loss,2024-05-23T15:43:00+00:00,3824.6340799919317,3580.672140116999
2024-05-23T17:52:00.349275+00:00,sell,26.3,3799.0995000000003,49.958158425,entry,2024-05-23T17:51:00+00:00,3810.038750480447,3640.480368033521
2024-05-23T19:35:01.851382+00:00,buy,26.3,3812.255175,50.13115555125,stop_loss,2024-05-23T17:51:00+00:00,3810.038750480447,3640.480368033521
2024-05-23T20:06:50.573651+00:00,sell,27.34,3655.2214750000003,49.96687756325,entry,2024-05-23T20:05:00+00:00,3703.6227643630577,2953.4027792356674
2024-05-23T20:17:16.803671+00:00,buy,27.34,3706.8525,50.672673675,stop_loss,2024-05-23T20:05:00+00:00,3703.6227643630577,2953.4027792356674
2024-05-23T23:09:17.218094+00:00,sell,26.36,3790.853625,49.9634507775,entry,2024-05-23T23:08:00+00:00,3803.623550991542,3605.6896981226464
2024-05-24T00:37:07.908344+00:00,buy,26.36,3807.3026999999997,50.180249586,stop_loss,2024-05-23T23:08:00+00:00,3803.623550991542,3605.6896981226464
2024-05-24T03:23:02.568709+00:00,sell,26.310000000000002,3798.1000000000004,49.964005500000006,entry,2024-05-24T03:22:00+00:00,3804.9838498229024,3698.2841775679217
2024-05-24T03:26:33.977899+00:00,buy,26.310000000000002,3806.9024999999997,50.0798023875,stop_loss,2024-05-24T03:22:00+00:00,3804.9838498229024,3698.2841775679217
2024-05-24T05:05:02.677037+00:00,sell,26.310000000000002,3798.8996,49.97452423800001,entry,2024-05-24T05:04:00+00:00,3805.0232415577034,3710.106797413304
2024-05-24T05:05:16.456809+00:00,buy,26.310000000000002,3808.1031,50.095596280500004,stop_loss,2024-05-24T05:04:00+00:00,3805.0232415577034,3710.106797413304
2024-05-24T05:23:21.082635+00:00,sell,26.32,3796.350875,49.959977515,entry,2024-05-24T05:22:00+00:00,3801.9415174417177,3715.2865595950952
2024-05-24T05:26:20.672588+00:00,buy,26.32,3803.850975,50.058678831,stop_loss,2024-05-24T05:22:00+00:00,3801.9415174417177,3715.2865595950952
2024-05-24T05:28:58.654300+00:00,sell,26.34,3793.3523750000004,49.958450778750006,entry,2024-05-24T05:27:00+00:00,3800.833328670053,3684.8785467842363
2024-05-24T06:27:47.807032+00:00,buy,26.34,3686.4422999999997,48.55044509099999,fixed_target,2024-05-24T05:27:00+00:00,3800.833328670053,3684.8785467842363
2024-05-24T06:47:06.999565+00:00,sell,27.23,3670.5638000000004,49.974726137000005,entry,2024-05-24T06:46:00+00:00,3684.99492924644,3461.312425926628
2024-05-24T06:49:25.832599+00:00,buy,27.23,3687.893025,50.210663535375,stop_loss,2024-05-24T06:46:00+00:00,3684.99492924644,3461.312425926628
2024-05-24T07:00:27.584000+00:00,sell,27.240000000000002,3668.1650000000004,49.96040730000001,entry,2024-05-24T06:59:00+00:00,3682.56400847525,3459.3793771088826
2024-05-24T07:15:01.211283+00:00,buy,27.240000000000002,3684.6414,50.18481586800001,stop_loss,2024-05-24T06:59:00+00:00,3682.56400847525,3459.3793771088826
2024-05-24T07:34:02.840025+00:00,sell,27.18,3676.9606000000003,49.96989455400001,entry,2024-05-24T07:33:00+00:00,3686.371496580937,3540.5025995764154
2024-05-24T09:55:55.306066+00:00,buy,27.18,3688.4433,50.125944447,stop_loss,2024-05-24T07:33:00+00:00,3686.371496580937,3540.5025995764154
2024-05-24T12:29:03.687192+00:00,sell,26.95,3708.145,49.967253875,entry,2024-05-24T12:28:00+00:00,3715.7168342579153,3598.3534032602283
2024-05-24T12:51:16.041266+00:00,buy,26.95,3718.1581499999998,50.102181071249994,stop_loss,2024-05-24T12:28:00+00:00,3715.7168342579153,3598.3534032602283
2024-05-24T13:37:02.220847+00:00,sell,26.97,3704.7966750000005,49.959183162375005,entry,2024-05-24T13:36:00+00:00,3717.346999405752,3522.8169711166065
2024-05-24T14:25:01.849482+00:00,buy,26.97,3720.2091749999995,50.167020724874995,stop_loss,2024-05-24T13:36:00+00:00,3717.346999405752,3522.8169711166065
2024-05-24T14:51:10.789016+00:00,sell,26.95,3707.795175,49.962539983125005,entry,2024-05-24T14:50:00+00:00,3715.3566373085423,3598.1539715261397
2024-05-24T15:00:48.364785+00:00,buy,26.95,3717.6579,50.0954402025,stop_loss,2024-05-24T14:50:00+00:00,3715.3566373085423,3598.1539715261397
2024-05-24T15:39:26.972460+00:00,sell,26.96,3706.6957250000005,49.96625837300001,entry,2024-05-24T15:38:00+00:00,3717.3340334764516,3552.440252091459
2024-05-24T18:03:37.360727+00:00,buy,26.96,3719.35875,50.13695595,stop_loss,2024-05-24T15:38:00+00:00,3717.3340334764516,3552.440252091459
2024-05-25T00:06:58.112554+00:00,sell,26.91,3713.292425,49.962349578375004,entry,2024-05-25T00:05:00+00:00,3722.1914352540803,3584.2567763158377
2024-05-25T00:12:02.805487+00:00,buy,26.91,3724.2612,50.109934446,stop_loss,2024-05-25T00:05:00+00:00,3722.1914352540803,3584.2567763158377
2024-05-25T02:00:10.565563+00:00,sell,26.900000000000002,3715.1415,49.96865317500001,entry,2024-05-25T01:59:00+00:00,3719.275244772269,3655.2022008021
2024-05-25T02:02:59.496911+00:00,buy,26.900000000000002,3721.6098749999996,50.055652818750005,stop_loss,2024-05-25T01:59:00+00:00,3719.275244772269,3655.2022008021
2024-05-25T06:05:39.856119+00:00,sell,26.66,3748.5248,49.967835584,entry,2024-05-25T06:04:00+00:00,3753.983014334358,3669.3806921518126
2024-05-25T06:08:02.905034+00:00,buy,26.66,3756.0770999999995,50.068507743,stop_loss,2024-05-25T06:04:00+00:00,3753.983014334358,3669.3806921518126
2024-05-25T06:35:00.996451+00:00,sell,26.69,3743.62725,49.95870565125001,entry,2024-05-25T06:34:00+00:00,3752.6079485963405,3613.4071203530625
2024-05-25T06:41:34.558938+00:00,buy,26.69,3754.526325,50.104153807125,stop_loss,2024-05-25T06:34:00+00:00,3752.6079485963405,3613.4071203530625
2024-05-25T07:35:22.403673+00:00,sell,26.69,3743.5273,49.95737181850001,entry,2024-05-25T07:34:00+00:00,3751.600738657209,3626.4624394704706
2024-05-25T08:19:47.996430+00:00,buy,26.69,3753.8259749999997,50.094807636375,stop_loss,2024-05-25T07:34:00+00:00,3751.600738657209,3626.4624394704706
2024-05-25T08:39:00.860586+00:00,sell,26.69,3744.1270000000004,49.96537481500001,entry,2024-05-25T08:38:00+00:00,3749.708093721662,3663.201141035908
2024-05-25T09:28:37.087902+00:00,buy,26.69,3751.875,50.06877187500001,stop_loss,2024-05-25T08:38:00+00:00,3749.708093721662,3663.201141035908
2024-05-25T11:51:07.957634+00:00,sell,26.69,3743.7272000000003,49.960039484000006,entry,2024-05-25T11:50:00+00:00,3751.440632879042,3631.8824232538964
2024-05-25T14:50:50.464896+00:00,buy,26.69,3753.5258249999997,50.090802134624994,stop_loss,2024-05-25T11:50:00+00:00,3751.440632879042,3631.8824232538964
2024-05-25T17:07:02.013988+00:00,sell,26.7,3743.1275,49.970752125,entry,2024-05-25T17:06:00+00:00,3750.1793799227803,3640.8752411196865
2024-05-25T18:10:40.795660+00:00,buy,26.7,3752.3252249999996,50.093541753749996,stop_loss,2024-05-25T17:06:00+00:00,3750.1793799227803,3640.8752411196865
2024-05-25T18:37:02.476223+00:00,sell,26.68,3745.82615,49.969320841,entry,2024-05-25T18:36:00+00:00,3749.837780313155,3687.657510459254
2024-05-25T18:39:56.154028+00:00,buy,26.68,3752.17515,50.054016501,stop_loss,2024-05-25T18:36:00+00:00,3749.837780313155,3687.657510459254
2024-05-25T20:29:00.696526+00:00,sell,26.69,3744.5268,49.97071014600001,entry,2024-05-25T20:28:00+00:00,3750.524818718784,3657.5555285776336
2024-05-25T20:51:25.500047+00:00,buy,26.69,3752.525325,50.077450462125,stop_loss,2024-05-25T20:28:00+00:00,3750.524818718784,3657.5555285776336
2024-05-25T21:36:02.132590+00:00,sell,26.73,3739.1794750000004,49.974133683375,entry,2024-05-25T21:35:00+00:00,3742.5848425633562,3689.8016453313403
2024-05-25T21:38:58.816934+00:00,buy,26.73,3744.4712999999997,50.0448589245,stop_loss,2024-05-25T21:35:00+00:00,3742.5848425633562,3689.8016453313403
2024-05-26T00:17:02.401284+00:00,sell,26.68,3745.076525,49.9593208435,entry,2024-05-26T00:16:00+00:00,3750.1064827712894,3672.142137316303
2024-05-26T00:50:02.296634+00:00,buy,26.68,3752.4752999999996,50.05802050199999,stop_loss,2024-05-26T00:16:00+00:00,3750.1064827712894,3672.142137316303
2024-05-26T01:45:44.859939+00:00,sell,26.64,3751.5233000000003,49.97029035600001,entry,2024-05-26T01:44:00+00:00,3757.1346503916043,3670.1587193217424
2024-05-26T01:52:58.340832+00:00,buy,26.64,3759.929025,50.082254612999996,stop_loss,2024-05-26T01:44:00+00:00,3757.1346503916043,3670.1587193217424
2024-05-26T02:09:02.561371+00:00,sell,26.63,3752.572775,49.965506499125,entry,2024-05-26T02:08:00+00:00,3758.0107079615977,3673.722747056834
2024-05-26T03:46:37.696821+00:00,buy,26.63,3760.529325,50.071447962375004,stop_loss,2024-05-26T02:08:00+00:00,3758.0107079615977,3673.722747056834
2024-05-26T04:34:02.815952+00:00,sell,26.650000000000002,3750.4238500000006,49.97439780125001,entry,2024-05-26T04:33:00+00:00,3757.27648287891,3651.0606732558144
2024-05-26T05:51:45.481560+00:00,buy,26.650000000000002,3759.6789,50.0977213425,stop_loss,2024-05-26T04:33:00+00:00,3757.27648287891,3651.0606732558144
2024-05-26T06:38:02.185135+00:00,sell,26.63,3752.372875,49.962844830625,entry,2024-05-26T06:37:00+00:00,3756.792458616419,3688.2889125619245
2024-05-26T06:45:12.176055+00:00,buy,26.63,3759.0786,50.052131558999996,stop_loss,2024-05-26T06:37:00+00:00,3756.792458616419,3688.2889125619245
2024-05-27T00:55:03.549207+00:00,sell,26.02,3839.829125,49.95617691625,entry,2024-05-27T00:54:00+00:00,3846.6790949739498,3740.5045603777317
2024-05-27T01:17:04.464675+00:00,buy,26.02,3850.3742249999996,50.09336866725,stop_loss,2024-05-27T00:54:00+00:00,3846.6790949739498,3740.5045603777317
2024-05-27T05:27:18.400132+00:00,sell,25.63,3899.54925,49.972723638750004,entry,2024-05-27T05:26:00+00:00,3908.018352925825,3776.7472575755355
2024-05-27T05:43:07.962934+00:00,buy,25.63,3910.504275,50.113112284124995,stop_loss,2024-05-27T05:26:00+00:00,3908.018352925825,3776.7472575755355
2024-05-27T06:01:03.329320+00:00,sell,25.63,3898.54975,49.959915046249996,entry,2024-05-27T06:00:00+00:00,3905.8271538174736,3793.027394646635
2024-05-27T06:03:04.381020+00:00,buy,25.63,3907.9029749999995,50.07977662462499,stop_loss,2024-05-27T06:00:00+00:00,3905.8271538174736,3793.027394646635
2024-05-27T06:50:01.168477+00:00,sell,25.64,3897.000525,49.9595467305,entry,2024-05-27T06:49:00+00:00,3906.1499932936727,3764.3332347417454
2024-05-27T07:06:46.071967+00:00,buy,25.64,3909.2036249999996,50.115990472499995,stop_loss,2024-05-27T06:49:00+00:00,3906.1499932936727,3764.3332347417454
2024-05-27T08:50:02.312739+00:00,sell,25.580000000000002,3906.6457,49.965998503,entry,2024-05-27T08:49:00+00:00,3920.9469995961867,3699.2768558552925
2024-05-27T09:43:00.615827+00:00,buy,25.580000000000002,3923.4607499999997,50.1810629925,stop_loss,2024-05-27T08:49:00+00:00,3920.9469995961867,3699.2768558552925
2024-05-27T10:01:03.077444+00:00,sell,25.59,3905.4463000000005,49.97018540850001,entry,2024-05-27T10:00:00+00:00,3911.52867821113,3817.25181593862
2024-05-27T11:02:32.078701+00:00,buy,25.59,3913.9559999999997,50.07906702,stop_loss,2024-05-27T10:00:00+00:00,3911.52867821113,3817.25181593862
2024-05-27T11:22:03.859817+00:00,sell,25.61,3902.14795,49.967004499750004,entry,2024-05-27T11:21:00+00:00,3907.202725221168,3828.853709293067
2024-05-27T12:50:52.876670+00:00,buy,25.61,3909.3036749999997,50.058633558375,stop_loss,2024-05-27T11:21:00+00:00,3907.202725221168,3828.853709293067
2024-05-27T19:08:02.556393+00:00,sell,25.48,3922.187925,49.9686741645,entry,2024-05-27T19:07:00+00:00,3928.632209965525,3828.745792999892
2024-05-28T04:30:23.397683+00:00,buy,25.48,3830.3142,48.798202908,fixed_target,2024-05-27T19:07:00+00:00,3928.632209965525,3828.745792999892
2024-05-28T04:35:23.764177+00:00,sell,26.13,3823.6872000000003,49.956473268,entry,2024-05-28T04:34:00+00:00,3834.7872762541588,3662.7360943147023
2024-05-28T04:37:45.828741+00:00,buy,26.13,3838.1180999999997,50.1450129765,stop_loss,2024-05-28T04:34:00+00:00,3834.7872762541588,3662.7360943147023
2024-05-28T06:27:33.584536+00:00,sell,25.94,3852.4728000000005,49.96657221600001,entry,2024-05-28T06:26:00+00:00,3858.1835102205837,3769.667501801544
2024-05-28T06:38:48.636067+00:00,buy,25.94,3860.1290999999997,50.065874427,stop_loss,2024-05-28T06:26:00+00:00,3858.1835102205837,3769.667501801544
2024-05-28T07:14:34.319694+00:00,sell,25.95,3850.323875,49.957952278125,entry,2024-05-28T07:13:00+00:00,3858.9313453606073,3725.5155547711943
2024-05-28T08:11:18.628504+00:00,buy,25.95,3860.9294999999997,50.095560262499994,stop_loss,2024-05-28T07:13:00+00:00,3858.9313453606073,3725.5155547711943
2024-05-28T13:37:01.368895+00:00,sell,25.84,3867.315375,49.965714645,entry,2024-05-28T13:36:00+00:00,3892.0320670993437,3508.9233395595174
2024-05-31T23:59:05.143982+00:00,buy,25.84,3765.0815999999995,48.644854271999996,end_of_data,2024-05-28T13:36:00+00:00,3892.0320670993437,3508.9233395595174
