date,cumulative_pnl,daily_pnl
2024-04-01,4659.515170651261,4659.515170651261
2024-04-02,8683.32349422802,4023.808323576759
2024-04-03,7750.00899422803,-933.3144999999895
2024-04-04,7246.33849422802,-503.6705000000102
2024-04-05,7564.216994228028,317.878500000008
2024-04-06,6590.260494228022,-973.9565000000057
2024-04-07,3604.5249942280248,-2985.7354999999975
2024-04-08,3030.5607402113947,-573.9642540166301
2024-04-09,6375.9817392674595,3345.420999056065
2024-04-10,5309.596739267462,-1066.3849999999975
2024-04-11,6476.251739267467,1166.6550000000052
2024-04-12,13332.976387508723,6856.724648241256
2024-04-13,20373.151387508726,7040.175000000003
2024-04-14,15985.026387508726,-4388.125
2024-04-15,17485.101387508723,1500.074999999997
2024-04-16,17968.901387508726,483.8000000000029
2024-04-17,20983.80138750872,3014.899999999994
2024-04-18,18578.07638750873,-2405.7249999999913
2024-04-19,18790.476387508723,212.39999999999418
2024-04-20,15869.976387508723,-2920.5
2024-04-21,16100.076387508729,230.10000000000582
2024-04-22,14539.526387508726,-1560.550000000003
2024-04-23,13937.726387508723,-601.8000000000029
2024-04-24,16288.876387508732,2351.1500000000087
2024-04-25,15847.851387508723,-441.02500000000873
2024-04-26,16567.651387508726,719.8000000000029
2024-04-27,12922.92638750872,-3644.725000000006
2024-04-28,12694.30138750872,-228.625
2024-04-29,14029.17638750872,1334.875
2024-04-30,20007.351387508723,5978.175000000003
2024-05-01,21244.87638750873,1237.5250000000087
2024-05-02,20859.901387508726,-384.9750000000058
2024-05-03,17412.82638750873,-3447.074999999997
2024-05-04,16985.07638750873,-427.75
2024-05-05,16423.101387508723,-561.9750000000058
2024-05-06,18601.67638750872,2178.574999999997
2024-05-07,20268.42638750872,1666.75
2024-05-08,21166.70138750873,898.2750000000087
2024-05-09,19383.42638750872,-1783.2750000000087
2024-05-10,23081.25138750873,3697.8250000000116
2024-05-11,22998.651387508726,-82.60000000000582
2024-05-12,22542.87638750873,-455.7749999999942
2024-05-13,21918.95138750873,-623.9250000000029
2024-05-14,23908.726387508723,1989.7749999999942
2024-05-15,19443.901387508726,-4464.824999999997
2024-05-16,22070.87638750873,2626.975000000006
2024-05-17,17710.776387508726,-4360.100000000006
2024-05-18,16811.026387508726,-899.75
2024-05-19,18340.601387508723,1529.574999999997
2024-05-20,8071.151243771237,-10269.450143737486
2024-05-21,4577.909329341187,-3493.24191443005
2024-05-22,5057.256432893957,479.34710355277
2024-05-23,-453.94854157011036,-5511.204974464067
2024-05-24,-376.0569331868114,77.89160838329894
2024-05-25,-952.9029331868137,-576.8460000000023
2024-05-26,-2414.8466973690565,-1461.9437641822428
2024-05-27,-4422.927357645836,-2008.0806602767798
2024-05-28,-4848.686455702323,-425.75909805648644
2024-05-29,-2910.686455702323,1937.9999999999995
2024-05-30,-2348.6664557023228,562.0200000000004
2024-05-31,-2833.5318539743153,-484.8653982719925
