source,output,date,input_candles_through_date,output_candles,first_time,last_time,inconsistent_source_ranges,inconsistent_source_ranges_on_date
D:\Personal\openalgo\CSVs\GainersOn11092026\historify_export_20260912_194124\ASHOKAMET_NSE_1m.csv,D:\Personal\openalgo\CSVs\GainersOn11092026\1minHAdata\ASHOKAMET_NSE_1m_HA_2026-09-11.csv,2026-09-11,358,358,09:32:00,15:29:00,0,0
D:\Personal\openalgo\CSVs\GainersOn11092026\historify_export_20260912_194124\ASHOKAMET_NSE_5m.csv,D:\Personal\openalgo\CSVs\GainersOn11092026\5minHAdata\ASHOKAMET_NSE_5m_HA_2026-09-11.csv,2026-09-11,72,72,09:30:00,15:25:00,0,0
D:\Personal\openalgo\CSVs\GainersOn11092026\historify_export_20260912_194124\BBOX_NSE_1m.csv,D:\Personal\openalgo\CSVs\GainersOn11092026\1minHAdata\BBOX_NSE_1m_HA_2026-09-11.csv,2026-09-11,591562,375,09:15:00,15:29:00,200,0
D:\Personal\openalgo\CSVs\GainersOn11092026\historify_export_20260912_194124\BBOX_NSE_5m.csv,D:\Personal\openalgo\CSVs\GainersOn11092026\5minHAdata\BBOX_NSE_5m_HA_2026-09-11.csv,2026-09-11,151464,75,09:15:00,15:25:00,43,0
D:\Personal\openalgo\CSVs\GainersOn11092026\historify_export_20260912_194124\DIGJAMLMTD_NSE_1m.csv,D:\Personal\openalgo\CSVs\GainersOn11092026\1minHAdata\DIGJAMLMTD_NSE_1m_HA_2026-09-11.csv,2026-09-11,375,375,09:15:00,15:29:00,0,0
D:\Personal\openalgo\CSVs\GainersOn11092026\historify_export_20260912_194124\DIGJAMLMTD_NSE_5m.csv,D:\Personal\openalgo\CSVs\GainersOn11092026\5minHAdata\DIGJAMLMTD_NSE_5m_HA_2026-09-11.csv,2026-09-11,75,75,09:15:00,15:25:00,0,0
D:\Personal\openalgo\CSVs\GainersOn11092026\historify_export_20260912_194124\DRREDDY_NSE_1m.csv,D:\Personal\openalgo\CSVs\GainersOn11092026\1minHAdata\DRREDDY_NSE_1m_HA_2026-09-11.csv,2026-09-11,851385,375,09:15:00,15:29:00,266,0
D:\Personal\openalgo\CSVs\GainersOn11092026\historify_export_20260912_194124\DRREDDY_NSE_5m.csv,D:\Personal\openalgo\CSVs\GainersOn11092026\5minHAdata\DRREDDY_NSE_5m_HA_2026-09-11.csv,2026-09-11,170293,75,09:15:00,15:25:00,63,0
D:\Personal\openalgo\CSVs\GainersOn11092026\historify_export_20260912_194124\FILATEX_NSE_1m.csv,D:\Personal\openalgo\CSVs\GainersOn11092026\1minHAdata\FILATEX_NSE_1m_HA_2026-09-11.csv,2026-09-11,764979,375,09:15:00,15:29:00,158,0
D:\Personal\openalgo\CSVs\GainersOn11092026\historify_export_20260912_194124\FILATEX_NSE_5m.csv,D:\Personal\openalgo\CSVs\GainersOn11092026\5minHAdata\FILATEX_NSE_5m_HA_2026-09-11.csv,2026-09-11,168230,75,09:15:00,15:25:00,39,0
D:\Personal\openalgo\CSVs\GainersOn11092026\historify_export_20260912_194124\HDFCBANK_NSE_1m.csv,D:\Personal\openalgo\CSVs\GainersOn11092026\1minHAdata\HDFCBANK_NSE_1m_HA_2026-09-11.csv,2026-09-11,851317,375,09:15:00,15:29:00,261,0
D:\Personal\openalgo\CSVs\GainersOn11092026\historify_export_20260912_194124\HDFCBANK_NSE_5m.csv,D:\Personal\openalgo\CSVs\GainersOn11092026\5minHAdata\HDFCBANK_NSE_5m_HA_2026-09-11.csv,2026-09-11,170283,75,09:15:00,15:25:00,53,0
D:\Personal\openalgo\CSVs\GainersOn11092026\historify_export_20260912_194124\KIRLOSIND_NSE_1m.csv,D:\Personal\openalgo\CSVs\GainersOn11092026\1minHAdata\KIRLOSIND_NSE_1m_HA_2026-09-11.csv,2026-09-11,623512,374,09:16:00,15:29:00,352,0
D:\Personal\openalgo\CSVs\GainersOn11092026\historify_export_20260912_194124\KIRLOSIND_NSE_5m.csv,D:\Personal\openalgo\CSVs\GainersOn11092026\5minHAdata\KIRLOSIND_NSE_5m_HA_2026-09-11.csv,2026-09-11,156343,75,09:15:00,15:25:00,67,0
D:\Personal\openalgo\CSVs\GainersOn11092026\historify_export_20260912_194124\LADDERUP_NSE_1m.csv,D:\Personal\openalgo\CSVs\GainersOn11092026\1minHAdata\LADDERUP_NSE_1m_HA_2026-09-11.csv,2026-09-11,375,375,09:15:00,15:29:00,0,0
D:\Personal\openalgo\CSVs\GainersOn11092026\historify_export_20260912_194124\LADDERUP_NSE_5m.csv,D:\Personal\openalgo\CSVs\GainersOn11092026\5minHAdata\LADDERUP_NSE_5m_HA_2026-09-11.csv,2026-09-11,75,75,09:15:00,15:25:00,0,0
D:\Personal\openalgo\CSVs\GainersOn11092026\historify_export_20260912_194124\PINELABS_NSE_1m.csv,D:\Personal\openalgo\CSVs\GainersOn11092026\1minHAdata\PINELABS_NSE_1m_HA_2026-09-11.csv,2026-09-11,77257,375,09:15:00,15:29:00,14,0
D:\Personal\openalgo\CSVs\GainersOn11092026\historify_export_20260912_194124\PINELABS_NSE_5m.csv,D:\Personal\openalgo\CSVs\GainersOn11092026\5minHAdata\PINELABS_NSE_5m_HA_2026-09-11.csv,2026-09-11,15450,75,09:15:00,15:25:00,3,0
D:\Personal\openalgo\CSVs\GainersOn11092026\historify_export_20260912_194124\PRICOLLTD_NSE_1m.csv,D:\Personal\openalgo\CSVs\GainersOn11092026\1minHAdata\PRICOLLTD_NSE_1m_HA_2026-09-11.csv,2026-09-11,799504,375,09:15:00,15:29:00,172,0
D:\Personal\openalgo\CSVs\GainersOn11092026\historify_export_20260912_194124\PRICOLLTD_NSE_5m.csv,D:\Personal\openalgo\CSVs\GainersOn11092026\5minHAdata\PRICOLLTD_NSE_5m_HA_2026-09-11.csv,2026-09-11,169701,75,09:15:00,15:25:00,44,0
D:\Personal\openalgo\CSVs\GainersOn11092026\historify_export_20260912_194124\QUADFUTURE_NSE_1m.csv,D:\Personal\openalgo\CSVs\GainersOn11092026\1minHAdata\QUADFUTURE_NSE_1m_HA_2026-09-11.csv,2026-09-11,154547,375,09:15:00,15:29:00,0,0
D:\Personal\openalgo\CSVs\GainersOn11092026\historify_export_20260912_194124\QUADFUTURE_NSE_5m.csv,D:\Personal\openalgo\CSVs\GainersOn11092026\5minHAdata\QUADFUTURE_NSE_5m_HA_2026-09-11.csv,2026-09-11,30909,75,09:15:00,15:25:00,0,0
D:\Personal\openalgo\CSVs\LoosersOn11092026\historify_export_20260912_195613\AFCONS_NSE_1m.csv,D:\Personal\openalgo\CSVs\LoosersOn11092026\1minHAdata\AFCONS_NSE_1m_HA_2026-09-11.csv,2026-09-11,172542,375,09:15:00,15:29:00,0,0
D:\Personal\openalgo\CSVs\LoosersOn11092026\historify_export_20260912_195613\AFCONS_NSE_5m.csv,D:\Personal\openalgo\CSVs\LoosersOn11092026\5minHAdata\AFCONS_NSE_5m_HA_2026-09-11.csv,2026-09-11,34508,75,09:15:00,15:25:00,0,0
D:\Personal\openalgo\CSVs\LoosersOn11092026\historify_export_20260912_195613\CHENNPETRO_NSE_1m.csv,D:\Personal\openalgo\CSVs\LoosersOn11092026\1minHAdata\CHENNPETRO_NSE_1m_HA_2026-09-11.csv,2026-09-11,849078,375,09:15:00,15:29:00,184,0
D:\Personal\openalgo\CSVs\LoosersOn11092026\historify_export_20260912_195613\CHENNPETRO_NSE_5m.csv,D:\Personal\openalgo\CSVs\LoosersOn11092026\5minHAdata\CHENNPETRO_NSE_5m_HA_2026-09-11.csv,2026-09-11,170294,75,09:15:00,15:25:00,49,0
D:\Personal\openalgo\CSVs\LoosersOn11092026\historify_export_20260912_195613\COCHINSHIP_NSE_1m.csv,D:\Personal\openalgo\CSVs\LoosersOn11092026\1minHAdata\COCHINSHIP_NSE_1m_HA_2026-09-11.csv,2026-09-11,836749,375,09:15:00,15:29:00,200,0
D:\Personal\openalgo\CSVs\LoosersOn11092026\historify_export_20260912_195613\COCHINSHIP_NSE_5m.csv,D:\Personal\openalgo\CSVs\LoosersOn11092026\5minHAdata\COCHINSHIP_NSE_5m_HA_2026-09-11.csv,2026-09-11,168147,75,09:15:00,15:25:00,48,0
D:\Personal\openalgo\CSVs\LoosersOn11092026\historify_export_20260912_195613\DLF_NSE_1m.csv,D:\Personal\openalgo\CSVs\LoosersOn11092026\1minHAdata\DLF_NSE_1m_HA_2026-09-11.csv,2026-09-11,851392,375,09:15:00,15:29:00,249,0
D:\Personal\openalgo\CSVs\LoosersOn11092026\historify_export_20260912_195613\DLF_NSE_5m.csv,D:\Personal\openalgo\CSVs\LoosersOn11092026\5minHAdata\DLF_NSE_5m_HA_2026-09-11.csv,2026-09-11,170298,75,09:15:00,15:25:00,49,0
D:\Personal\openalgo\CSVs\LoosersOn11092026\historify_export_20260912_195613\GPIL_NSE_1m.csv,D:\Personal\openalgo\CSVs\LoosersOn11092026\1minHAdata\GPIL_NSE_1m_HA_2026-09-11.csv,2026-09-11,805034,375,09:15:00,15:29:00,161,0
D:\Personal\openalgo\CSVs\LoosersOn11092026\historify_export_20260912_195613\GPIL_NSE_5m.csv,D:\Personal\openalgo\CSVs\LoosersOn11092026\5minHAdata\GPIL_NSE_5m_HA_2026-09-11.csv,2026-09-11,169462,75,09:15:00,15:25:00,52,0
D:\Personal\openalgo\CSVs\LoosersOn11092026\historify_export_20260912_195613\IFCI_NSE_1m.csv,D:\Personal\openalgo\CSVs\LoosersOn11092026\1minHAdata\IFCI_NSE_1m_HA_2026-09-11.csv,2026-09-11,849482,375,09:15:00,15:29:00,159,0
D:\Personal\openalgo\CSVs\LoosersOn11092026\historify_export_20260912_195613\IFCI_NSE_5m.csv,D:\Personal\openalgo\CSVs\LoosersOn11092026\5minHAdata\IFCI_NSE_5m_HA_2026-09-11.csv,2026-09-11,170281,75,09:15:00,15:25:00,36,0
D:\Personal\openalgo\CSVs\LoosersOn11092026\historify_export_20260912_195613\KIRLOSENG_NSE_1m.csv,D:\Personal\openalgo\CSVs\LoosersOn11092026\1minHAdata\KIRLOSENG_NSE_1m_HA_2026-09-11.csv,2026-09-11,753010,375,09:15:00,15:29:00,168,0
D:\Personal\openalgo\CSVs\LoosersOn11092026\historify_export_20260912_195613\KIRLOSENG_NSE_5m.csv,D:\Personal\openalgo\CSVs\LoosersOn11092026\5minHAdata\KIRLOSENG_NSE_5m_HA_2026-09-11.csv,2026-09-11,168205,75,09:15:00,15:25:00,34,0
D:\Personal\openalgo\CSVs\LoosersOn11092026\historify_export_20260912_195613\MUTHOOTFIN_NSE_1m.csv,D:\Personal\openalgo\CSVs\LoosersOn11092026\1minHAdata\MUTHOOTFIN_NSE_1m_HA_2026-09-11.csv,2026-09-11,851337,375,09:15:00,15:29:00,249,0
D:\Personal\openalgo\CSVs\LoosersOn11092026\historify_export_20260912_195613\MUTHOOTFIN_NSE_5m.csv,D:\Personal\openalgo\CSVs\LoosersOn11092026\5minHAdata\MUTHOOTFIN_NSE_5m_HA_2026-09-11.csv,2026-09-11,170294,75,09:15:00,15:25:00,62,0
D:\Personal\openalgo\CSVs\LoosersOn11092026\historify_export_20260912_195613\PIIND_NSE_1m.csv,D:\Personal\openalgo\CSVs\LoosersOn11092026\1minHAdata\PIIND_NSE_1m_HA_2026-09-11.csv,2026-09-11,847214,375,09:15:00,15:29:00,207,0
D:\Personal\openalgo\CSVs\LoosersOn11092026\historify_export_20260912_195613\PIIND_NSE_5m.csv,D:\Personal\openalgo\CSVs\LoosersOn11092026\5minHAdata\PIIND_NSE_5m_HA_2026-09-11.csv,2026-09-11,170290,75,09:15:00,15:25:00,51,0
D:\Personal\openalgo\CSVs\LoosersOn11092026\historify_export_20260912_195613\POWERGRID_NSE_1m.csv,D:\Personal\openalgo\CSVs\LoosersOn11092026\1minHAdata\POWERGRID_NSE_1m_HA_2026-09-11.csv,2026-09-11,851410,375,09:15:00,15:29:00,221,0
D:\Personal\openalgo\CSVs\LoosersOn11092026\historify_export_20260912_195613\POWERGRID_NSE_5m.csv,D:\Personal\openalgo\CSVs\LoosersOn11092026\5minHAdata\POWERGRID_NSE_5m_HA_2026-09-11.csv,2026-09-11,170303,75,09:15:00,15:25:00,59,0
D:\Personal\openalgo\CSVs\LoosersOn11092026\historify_export_20260912_195613\TENNIND_NSE_1m.csv,D:\Personal\openalgo\CSVs\LoosersOn11092026\1minHAdata\TENNIND_NSE_1m_HA_2026-09-11.csv,2026-09-11,76092,375,09:15:00,15:29:00,0,0
D:\Personal\openalgo\CSVs\LoosersOn11092026\historify_export_20260912_195613\TENNIND_NSE_5m.csv,D:\Personal\openalgo\CSVs\LoosersOn11092026\5minHAdata\TENNIND_NSE_5m_HA_2026-09-11.csv,2026-09-11,15216,75,09:15:00,15:25:00,0,0
