path,month,trades,gross_pnl,fees,net_pnl
OHLC,2021-09,180,-16776.51999999991,17866.40425,-34642.92424999991
OHLC,2021-10,909,-99511.11000000016,90201.682615,-189712.79261500016
OHLC,2021-11,797,-126287.74000000008,79078.28872,-205366.0287200001
OHLC,2021-12,1000,-84845.25000000001,99214.210055,-184059.460055
OHLC,2022-01,903,-95597.11000000042,89645.292765,-185242.4027650004
OHLC,2022-02,939,-85091.53000000039,93199.35755500001,-178290.8875550004
OHLC,2022-03,908,-98193.01000000024,90140.862505,-188333.87250500024
OHLC,2022-04,867,-70165.35000000015,86064.136155,-156229.48615500017
OHLC,2022-05,956,-103653.83000000023,94929.611905,-198583.44190500025
OHLC,2022-06,991,-145232.35000000044,98380.833905,-243613.18390500045
OHLC,2022-07,981,-60217.300000000185,97394.96381,-157612.26381000018
OHLC,2022-08,923,-78145.7600000001,91628.85699,-169774.6169900001
OHLC,2022-09,997,-135309.29000000018,98909.086565,-234218.3765650002
OHLC,2022-10,829,-58470.4600000002,82255.95083,-140726.4108300002
OHLC,2022-11,945,-101372.64000000004,93742.91691,-195115.55691000004
OHLC,2022-12,1003,-129008.7700000001,99468.27085500001,-228477.04085500012
OHLC,2023-01,949,-136749.0000000002,94087.03621,-230836.0362100002
OHLC,2023-02,929,-124281.1899999999,92132.374125,-216413.5641249999
OHLC,2023-03,976,-145893.79000000036,96852.929705,-242746.71970500035
OHLC,2023-04,788,-52533.679999999964,78167.70834,-130701.38833999998
OHLC,2023-05,1031,-61518.02000000042,102247.7328,-163765.75280000042
OHLC,2023-06,975,-90091.22000000035,96732.04659,-186823.26659000036
OHLC,2023-07,977,-74771.56000000023,96924.69394,-171696.25394000023
OHLC,2023-08,1034,-103543.64000000036,102543.14383,-206086.78383000038
OHLC,2023-09,938,-35462.44000000046,92994.75938,-128457.19938000047
OHLC,2023-10,940,-102267.22000000026,93131.74253,-195398.96253000028
OHLC,2023-11,888,-42085.22000000024,88050.33367,-130135.55367000024
OHLC,2023-12,904,-23818.67000000042,89565.391605,-113384.06160500043
OHLC,2024-01,996,-107035.56000000035,98576.52988,-205612.08988000036
OHLC,2024-02,976,-88683.10999999991,96544.400215,-185227.51021499993
OHLC,2024-03,849,-85519.97000000016,84013.446265,-169533.41626500015
OHLC,2024-04,943,-123154.50000000023,93226.77177,-216381.27177000025
OHLC,2024-05,982,-146345.75999999978,97108.29805,-243454.0580499998
OHLC,2024-06,899,-25916.89000000021,88964.227105,-114881.11710500022
OHLC,2024-07,1046,-80964.56000000035,103325.48264,-184290.04264000035
OHLC,2024-08,1003,-160383.5800000002,99172.03263,-259555.6126300002
OHLC,2024-09,988,-100495.37000000013,97655.672645,-198151.04264500013
OHLC,2024-10,1022,-148666.87000000052,100968.441195,-249635.31119500054
OHLC,2024-11,847,-125127.48000000023,83812.7627,-208940.24270000024
OHLC,2024-12,986,-110032.36000000002,97411.84611,-207444.20611000003
OHLC,2025-01,1094,-93068.30000000034,108212.27992,-201280.57992000034
OHLC,2025-02,916,-139365.47000000026,90539.022835,-229904.49283500027
OHLC,2025-03,920,-20606.230000000196,91027.773715,-111634.0037150002
OHLC,2025-04,899,-74753.67000000033,88887.888855,-163641.55885500033
OHLC,2025-05,995,-48293.589999999975,98391.622675,-146685.212675
OHLC,2025-06,1003,-68026.97000000013,99056.438255,-167083.40825500013
OHLC,2025-07,1076,-161758.8300000002,106264.800705,-268023.6307050002
OHLC,2025-08,892,-91770.29000000001,88072.646965,-179842.93696500003
OHLC,2025-09,1043,-110759.3300000001,103054.965085,-213814.2950850001
OHLC,2025-10,938,-65735.01000000021,92806.08855500001,-158541.0985550002
OHLC,2025-11,902,-64690.79000000001,89159.508835,-153850.29883500002
OHLC,2025-12,1036,-78132.3099999999,102385.889075,-180518.1990749999
OHLC,2026-01,945,-104523.85000000022,93276.344115,-197800.19411500022
OHLC,2026-02,986,-92601.52999999998,97275.42151500001,-189876.951515
OHLC,2026-03,865,-60752.02999999998,85575.17400500001,-146327.20400499998
OHLC,2026-04,957,-39083.16000000024,94662.36236,-133745.52236000026
OHLC,2026-05,900,-111189.95000000001,88856.264605,-200046.21460500002
OHLC,2026-06,1005,-76037.93999999999,99257.59004000001,-175295.53004
OHLC,2026-07,1095,-74781.79000000033,108187.13304500001,-182968.92304500032
OHLC,2026-08,983,-141794.2600000003,97102.74208,-238897.00208000033
OHLC,2026-09,795,-119970.40999999979,78583.33713500001,-198553.74713499978
OLHC,2021-09,177,-17631.36999999989,17568.519875,-35199.88987499989
OLHC,2021-10,900,-95872.16000000027,89307.39793,-185179.55793000027
OLHC,2021-11,790,-108832.34000000003,78390.12084,-187222.46084000004
OLHC,2021-12,988,-84313.33999999997,98019.83022,-182333.17021999997
OLHC,2022-01,894,-83917.16000000038,88757.20684,-172674.36684000038
OLHC,2022-02,935,-82277.83000000042,92801.33618500001,-175079.16618500042
OLHC,2022-03,899,-89769.33000000019,89255.723985,-179025.05398500018
OLHC,2022-04,863,-59381.35000000027,85672.377045,-145053.72704500027
OLHC,2022-05,951,-94536.34000000019,94433.05314,-188969.3931400002
OLHC,2022-06,982,-135714.50000000052,97494.41939000001,-233208.91939000055
OLHC,2022-07,970,-51361.03000000021,96314.890965,-147675.9209650002
OLHC,2022-08,908,-52283.200000000055,90144.49944,-142427.69944000005
OLHC,2022-09,990,-120423.43000000014,98218.342885,-218641.77288500016
OLHC,2022-10,824,-53137.77000000018,81766.714095,-134904.4840950002
OLHC,2022-11,936,-91249.82000000024,92850.81943,-184100.63943000024
OLHC,2022-12,990,-125664.42000000017,98183.77919,-223848.1991900002
OLHC,2023-01,931,-127433.76000000024,92303.4433,-219737.20330000026
OLHC,2023-02,917,-122750.2299999998,90938.36206500001,-213688.5920649998
OLHC,2023-03,970,-141982.64000000033,96259.41823000001,-238242.05823000034
OLHC,2023-04,777,-42706.95999999983,77076.75050000001,-119783.71049999984
OLHC,2023-05,1022,-58527.09000000045,101351.515445,-159878.60544500046
OLHC,2023-06,967,-82695.71000000021,95946.865555,-178642.57555500022
OLHC,2023-07,969,-73430.57000000027,96136.381305,-169566.9513050003
OLHC,2023-08,1032,-95611.4500000003,102345.84147500001,-197957.2914750003
OLHC,2023-09,931,-30210.190000000475,92300.859755,-122511.04975500048
OLHC,2023-10,934,-101125.27000000037,92539.508955,-193664.77895500037
OLHC,2023-11,879,-30026.230000000316,87156.922235,-117183.15223500032
OLHC,2023-12,895,-18436.280000000337,88680.84417,-107117.12417000034
OLHC,2024-01,984,-104428.5800000003,97392.60137,-201821.1813700003
OLHC,2024-02,967,-83250.43999999984,95658.52052,-178908.96051999985
OLHC,2024-03,837,-67284.62000000008,82835.97835,-150120.5983500001
OLHC,2024-04,932,-114033.38000000015,92156.89533,-206190.27533000015
OLHC,2024-05,962,-124916.85999999968,95131.54066,-220048.4006599997
OLHC,2024-06,894,-18645.780000000126,88475.58639,-107121.36639000013
OLHC,2024-07,1039,-71279.69000000041,102647.279345,-173926.9693450004
OLHC,2024-08,992,-157749.94000000015,98094.58665,-255844.52665000016
OLHC,2024-09,980,-86386.97000000019,96868.694565,-183255.6645650002
OLHC,2024-10,1005,-129277.81000000043,99321.574515,-228599.38451500045
OLHC,2024-11,838,-118300.55000000037,82927.60058500001,-201228.15058500037
OLHC,2024-12,975,-101765.67,96331.893755,-198097.563755
OLHC,2025-01,1085,-81267.49000000025,107317.599825,-188585.08982500026
OLHC,2025-02,909,-130516.08000000013,89849.62413,-220365.70413000014
OLHC,2025-03,916,-12985.580000000129,90641.48341,-103627.06341000013
OLHC,2025-04,891,-63406.7500000004,88097.684575,-151504.4345750004
OLHC,2025-05,992,-42344.68000000017,98090.69675,-140435.37675000017
OLHC,2025-06,998,-57192.46000000015,98567.86023,-155760.32023000016
OLHC,2025-07,1065,-149439.45000000024,105174.555055,-254614.00505500025
OLHC,2025-08,886,-85893.4399999999,87475.73949,-173369.17948999992
OLHC,2025-09,1035,-102246.98000000007,102265.22548000001,-204512.20548000006
OLHC,2025-10,932,-60676.94000000015,92210.17536000001,-152887.11536000014
OLHC,2025-11,892,-57002.56000000004,88168.9964,-145171.55640000006
OLHC,2025-12,1031,-74068.23999999983,101893.18685,-175961.42684999984
OLHC,2026-01,932,-94142.5500000003,91991.856425,-186134.40642500028
OLHC,2026-02,975,-92735.5699999999,96208.986845,-188944.55684499993
OLHC,2026-03,857,-43995.21,84804.678705,-128799.888705
OLHC,2026-04,955,-32171.480000000203,94463.2238,-126634.7038000002
OLHC,2026-05,893,-101427.14000000014,88177.03435,-189604.17435000016
OLHC,2026-06,997,-71777.35999999988,98464.31879,-170241.6787899999
OLHC,2026-07,1081,-67642.88000000041,106813.04095000001,-174455.9209500004
OLHC,2026-08,969,-142255.77000000025,95713.060235,-237968.83023500023
OLHC,2026-09,784,-112561.5399999999,77492.87949,-190054.4194899999
